geo,time,AwarenessVideo_impression,PerformanceDisplay_impression,PerformanceNative_impression,BrandedGQV_control,GenericGQV_control,AwarenessVideo_spend,PerformanceDisplay_spend,PerformanceNative_spend,conversions,revenue_per_conversion,population
Geo0,2021-01-25,1.426697e+06,855372.0,898507.0,9.647797e+06,3.036792,16577.375,9489.661,9897.062,1.1795001e+07,0.03515038,487878.0
Geo0,2021-02-01,377575.0,981432.0,1.267429e+06,1.0180726e+07,-0.7833502,4387.1978,10888.195,13960.739,7.3105935e+06,0.03515348,487878.0
Geo0,2021-02-08,1.181757e+06,1.661685e+06,1.437252e+06,1.1137196e+07,-4.2447376,13731.316,18435.053,15831.341,7.472425e+06,0.034698524,487878.0
Geo0,2021-02-15,435868.0,1.261701e+06,1.32985e+06,1.0135924e+07,-1.8344073,5064.528,13997.553,14648.308,9.400129e+06,0.034565058,487878.0
Geo0,2021-02-22,940266.0,1.43902e+06,1.009134e+06,1.1038876e+07,0.2009452,10925.334,15964.765,11115.618,1.1554617e+07,0.03523751,487878.0
Geo0,2021-03-01,1.086599e+06,701671.0,1.132364e+06,1.1959277e+07,-1.995511,12625.637,7784.4727,12472.998,9.179764e+06,0.03517411,487878.0
Geo0,2021-03-08,1.280881e+06,911736.0,1.027097e+06,1.3697573e+07,-1.5423908,14883.078,10114.975,11313.48,9.826749e+06,0.034920383,487878.0
Geo0,2021-03-15,791813.0,1.352388e+06,1.189116e+06,1.3219208e+07,-4.925971,9200.398,15003.652,13098.121,8.3578455e+06,0.03503775,487878.0
Geo0,2021-03-22,1.298289e+06,1.945725e+06,584790.0,1.5200183e+07,0.6684942,15085.35,21586.246,6441.4663,1.0145437e+07,0.034649193,487878.0
Geo0,2021-03-29,674474.0,529956.0,718670.0,1.1961611e+07,-4.541369,7836.9883,5879.4336,7916.1553,8.680958e+06,0.03506731,487878.0
Geo0,2021-04-05,1.268797e+06,1.214872e+06,1.366446e+06,1.4361481e+07,-4.721286,14742.67,13478.023,15051.413,9.148196e+06,0.035150234,487878.0
Geo0,2021-04-12,1.376191e+06,1.440697e+06,1.030788e+06,1.4025882e+07,1.7773812,15990.524,15983.369,11354.138,1.4612536e+07,0.034785733,487878.0
Geo0,2021-04-19,1.152698e+06,1.835873e+06,919054.0,1.4218754e+07,0.25394657,13393.668,20367.527,10123.387,1.1315634e+07,0.03479667,487878.0
Geo0,2021-04-26,928248.0,1.204482e+06,215100.0,1.4944469e+07,1.3268511,10785.692,13362.755,2369.3281,1.3708803e+07,0.035153966,487878.0
Geo0,2021-05-03,718239.0,836757.0,915842.0,1.5057224e+07,-2.418649,8345.512,9283.143,10088.006,1.1336799e+07,0.034558393,487878.0
Geo0,2021-05-10,1.03567e+06,1.123412e+06,1.31588e+06,1.5097788e+07,1.3919222,12033.872,12463.349,14494.428,1.4665172e+07,0.035140514,487878.0
Geo0,2021-05-17,1.092459e+06,1.50715e+06,867951.0,1.2036261e+07,1.4320503,12693.727,16720.611,9560.486,1.3133474e+07,0.034553386,487878.0
Geo0,2021-05-24,1.466315e+06,890417.0,1.421796e+06,1.3346558e+07,2.514721,17037.71,9878.457,15661.094,1.1199812e+07,0.035028994,487878.0
Geo0,2021-05-31,1.121355e+06,1.345007e+06,1.164778e+06,1.4189994e+07,-1.2340704,13029.48,14921.766,12830.038,1.2690716e+07,0.035483226,487878.0
Geo0,2021-06-07,1.018645e+06,1.667748e+06,1.251018e+06,1.3969991e+07,3.8408453,11836.052,18502.316,13779.973,1.6254811e+07,0.03493001,487878.0
Geo0,2021-06-14,731324.0,1.272522e+06,808007.0,1.4924793e+07,-3.4031038,8497.552,14117.604,8900.203,1.047098e+07,0.0346613,487878.0
Geo0,2021-06-21,1.104847e+06,1.704569e+06,1.11772e+06,1.4375625e+07,3.6652486,12837.668,18910.816,12311.694,1.3282366e+07,0.035013728,487878.0
Geo0,2021-06-28,1.414531e+06,1.452714e+06,945522.0,1.4205564e+07,1.5271134,16436.012,16116.688,10414.932,1.5311533e+07,0.03457338,487878.0
Geo0,2021-07-05,935421.0,1.375058e+06,1.688562e+06,1.4802111e+07,0.17907412,10869.038,15255.157,18599.523,1.2948857e+07,0.035135906,487878.0
Geo0,2021-07-12,1.212363e+06,1.419776e+06,1.057544e+06,1.516905e+07,-1.5336385,14086.94,15751.268,11648.8545,1.264175e+07,0.034742814,487878.0
Geo0,2021-07-19,1.189676e+06,1.094428e+06,1.286138e+06,1.2414912e+07,6.6186237,13823.33,12141.794,14166.819,1.8029256e+07,0.03481388,487878.0
Geo0,2021-07-26,1.533395e+06,1.007895e+06,1.314686e+06,1.5640759e+07,0.40367955,17817.143,11181.78,14481.275,1.2323944e+07,0.0350141,487878.0
Geo0,2021-08-02,770176.0,1.441762e+06,1.215973e+06,1.5479397e+07,-0.86046714,8948.989,15995.185,13393.951,1.1681245e+07,0.035147794,487878.0
Geo0,2021-08-09,728782.0,1.002386e+06,472212.0,1.2702401e+07,-2.8052917,8468.016,11120.663,5201.4185,9.767456e+06,0.034636736,487878.0
Geo0,2021-08-16,1.090961e+06,1.76756e+06,597539.0,1.5975924e+07,-2.7519727,12676.32,19609.65,6581.8965,1.0591142e+07,0.03475112,487878.0
Geo0,2021-08-23,1.221357e+06,1.208585e+06,1.452899e+06,1.602301e+07,3.908078,14191.445,13408.274,16003.693,1.5274848e+07,0.035471782,487878.0
Geo0,2021-08-30,589039.0,1.148552e+06,1.90242e+06,1.6167497e+07,-0.89471257,6844.284,12742.257,20955.17,1.1552129e+07,0.034562238,487878.0
Geo0,2021-09-06,1.400871e+06,980553.0,994192.0,1.4469641e+07,-1.1633611,16277.291,10878.443,10951.032,1.2086231e+07,0.035076737,487878.0
Geo0,2021-09-13,960546.0,1.609418e+06,1.115625e+06,1.3764571e+07,0.45461172,11160.976,17855.191,12288.617,1.4448931e+07,0.034919765,487878.0
Geo0,2021-09-20,1.661044e+06,1.654544e+06,868233.0,1.1668252e+07,-5.7397947,19300.348,18355.828,9563.593,8.120655e+06,0.03493922,487878.0
Geo0,2021-09-27,1.101564e+06,1.176953e+06,1.578473e+06,1.3252127e+07,-3.3777642,12799.521,13057.343,17386.89,8.661549e+06,0.034921102,487878.0
Geo0,2021-10-04,1.086592e+06,1.449231e+06,1.16491e+06,1.3495881e+07,1.5314934,12625.556,16078.047,12831.492,1.2910043e+07,0.034801222,487878.0
Geo0,2021-10-11,1.029246e+06,1.450864e+06,1.081756e+06,1.6504357e+07,-5.081344,11959.229,16096.164,11915.55,9.622446e+06,0.03549626,487878.0
Geo0,2021-10-18,1.086088e+06,1.730389e+06,1.103336e+06,1.4118571e+07,2.1552646,12619.699,19197.268,12153.254,1.3332901e+07,0.035300642,487878.0
Geo0,2021-10-25,1.38667e+06,1.388451e+06,1.01431e+06,1.4249917e+07,-0.8833791,16112.284,15403.742,11172.632,1.4283677e+07,0.0352519,487878.0
Geo0,2021-11-01,880396.0,1.279609e+06,631770.0,1.4052786e+07,3.0548773,10229.68,14196.228,6958.951,1.3724788e+07,0.034714315,487878.0
Geo0,2021-11-08,477299.0,1.023711e+06,961290.0,1.2478855e+07,2.9646068,5545.9316,11357.246,10588.616,1.3473421e+07,0.035176862,487878.0
Geo0,2021-11-15,470510.0,1.642062e+06,1.21245e+06,1.3484309e+07,-1.8577988,5467.0474,18217.352,13355.1455,1.2548718e+07,0.03462347,487878.0
Geo0,2021-11-22,1.163566e+06,1.3855e+06,885371.0,1.3295921e+07,1.1432811,13519.947,15371.003,9752.368,1.2454607e+07,0.034978073,487878.0
Geo0,2021-11-29,1.663656e+06,1.126426e+06,1.145669e+06,1.4167794e+07,0.9792609,19330.697,12496.786,12619.553,1.3895804e+07,0.03462189,487878.0
Geo0,2021-12-06,1.113404e+06,1.197296e+06,1.023285e+06,1.4920269e+07,0.7024328,12937.095,13283.032,11271.492,1.054854e+07,0.034853477,487878.0
Geo0,2021-12-13,1.631272e+06,551018.0,475195.0,1.2588585e+07,1.2443475,18954.414,6113.0996,5234.2764,1.387313e+07,0.034758147,487878.0
Geo0,2021-12-20,1.164139e+06,1.109674e+06,1.495452e+06,1.5205653e+07,-2.7440462,13526.605,12310.937,16472.414,9.851739e+06,0.034940004,487878.0
Geo0,2021-12-27,1.315326e+06,1.202937e+06,1.100773e+06,1.6077674e+07,-0.2322037,15283.309,13345.614,12125.022,1.186121e+07,0.035346758,487878.0
Geo0,2022-01-03,1.396871e+06,1.541886e+06,1.519368e+06,1.42979e+07,-0.25896758,16230.813,17105.979,16735.85,1.1512753e+07,0.035092227,487878.0
Geo0,2022-01-10,1.326438e+06,1.17339e+06,444383.0,1.4477561e+07,-3.104467,15412.424,13017.814,4894.882,9.80811e+06,0.0353899,487878.0
Geo0,2022-01-17,275847.0,1.689823e+06,1.018599e+06,1.5277901e+07,2.4708767,3205.1787,18747.22,11219.875,1.3681529e+07,0.034604482,487878.0
Geo0,2022-01-24,1.223885e+06,1.473334e+06,1.102145e+06,1.4344913e+07,-2.8423827,14220.818,16345.45,12140.135,1.0598375e+07,0.035167422,487878.0
Geo0,2022-01-31,1.034024e+06,1.501534e+06,1.324024e+06,1.6289946e+07,-6.3752327,12014.746,16658.307,14584.134,7.0516425e+06,0.03538375,487878.0
Geo0,2022-02-07,1.012994e+06,1.526795e+06,769202.0,1.4297885e+07,-5.2118034,11770.391,16938.557,8472.766,8.455767e+06,0.0353857,487878.0
Geo0,2022-02-14,789354.0,974829.0,1.221165e+06,1.3673802e+07,0.67196715,9171.826,10814.94,13451.142,1.4328742e+07,0.034846205,487878.0
Geo0,2022-02-21,865696.0,848552.0,910710.0,1.487585e+07,-0.15686283,10058.875,9413.999,10031.478,1.2749689e+07,0.0347225,487878.0
Geo0,2022-02-28,1.335806e+06,900600.0,791185.0,1.0998617e+07,-0.45385385,15521.274,9991.43,8714.908,1.1774382e+07,0.034655347,487878.0
Geo0,2022-03-07,1.390526e+06,1.445195e+06,857073.0,1.4853897e+07,4.4966373,16157.089,16033.2705,9440.665,1.5911617e+07,0.035148952,487878.0
Geo0,2022-03-14,1.193876e+06,1.326911e+06,722500.0,1.2390241e+07,1.4696546,13872.132,14721.006,7958.343,1.1098033e+07,0.034652524,487878.0
Geo0,2022-03-21,631761.0,717610.0,926959.0,1.4939799e+07,0.89282745,7340.6885,7961.303,10210.46,1.3126053e+07,0.03520684,487878.0
Geo0,2022-03-28,866383.0,1.387222e+06,1.051211e+06,1.2399344e+07,0.86223054,10066.857,15390.107,11579.097,1.1798586e+07,0.034678012,487878.0
Geo0,2022-04-04,325954.0,995391.0,1.049803e+06,1.495811e+07,1.690523,3787.3923,11043.059,11563.588,1.2437137e+07,0.035360776,487878.0
Geo0,2022-04-11,1.464339e+06,1.311706e+06,2.082437e+06,1.3568174e+07,-0.5929203,17014.752,14552.318,22938.059,1.0055613e+07,0.034973543,487878.0
Geo0,2022-04-18,925303.0,965494.0,807375.0,1.3054836e+07,-1.4270362,10751.473,10711.376,8893.241,1.0024657e+07,0.034908235,487878.0
Geo0,2022-04-25,1.228866e+06,1.664134e+06,949378.0,1.4003249e+07,-1.3852,14278.695,18462.223,10457.405,1.1241953e+07,0.035023123,487878.0
Geo0,2022-05-02,1.167151e+06,1.267544e+06,1.00523e+06,1.293422e+07,-0.9956669,13561.604,14062.377,11072.616,1.2937246e+07,0.03450339,487878.0
Geo0,2022-05-09,920271.0,813433.0,1.165363e+06,1.2487059e+07,-0.92535406,10693.004,9024.382,12836.481,1.294689e+07,0.03525121,487878.0
Geo0,2022-05-16,1.575676e+06,1.290249e+06,1.941083e+06,1.439118e+07,1.7110512,18308.422,14314.2705,21381.043,1.1031436e+07,0.034522813,487878.0
Geo0,2022-05-23,1.4297e+06,683733.0,861445.0,1.3473507e+07,1.9412694,16612.268,7585.4653,9488.823,1.2117081e+07,0.03483184,487878.0
Geo0,2022-05-30,1.487059e+06,1.576919e+06,1.860472e+06,1.5885463e+07,0.5250268,17278.744,17494.643,20493.113,1.406826e+07,0.034941077,487878.0
Geo0,2022-06-06,1.370605e+06,1.393049e+06,1.347239e+06,1.3159536e+07,0.01974862,15925.618,15454.753,14839.848,1.2863999e+07,0.034514207,487878.0
Geo0,2022-06-13,884532.0,1.51181e+06,1.338218e+06,1.5507831e+07,-0.6759536,10277.738,16772.31,14740.481,1.157245e+07,0.034931805,487878.0
Geo0,2022-06-20,835914.0,1.313214e+06,478705.0,1.4107285e+07,1.1954521,9712.825,14569.048,5272.939,1.3569733e+07,0.035466082,487878.0
Geo0,2022-06-27,965356.0,1.605575e+06,1.402653e+06,1.411367e+07,-1.9887056,11216.865,17812.557,15450.233,1.1245487e+07,0.034859918,487878.0
Geo0,2022-07-04,1.425224e+06,975240.0,1.29669e+06,1.352622e+07,4.009613,16560.258,10819.5,14283.05,1.4489206e+07,0.03483998,487878.0
Geo0,2022-07-11,1.158609e+06,1.448112e+06,795237.0,1.280992e+07,-2.9955044,13462.351,16065.633,8759.541,9.625824e+06,0.03525034,487878.0
Geo0,2022-07-18,1.094206e+06,1.161986e+06,1.235345e+06,1.5030673e+07,-3.020487,12714.025,12891.296,13607.334,1.0431456e+07,0.03512731,487878.0
Geo0,2022-07-25,1.563911e+06,1.799241e+06,683831.0,1.3654917e+07,3.1521616,18171.719,19961.125,7532.4033,1.4327043e+07,0.03524569,487878.0
Geo0,2022-08-01,1.443496e+06,1.186094e+06,967862.0,1.3852341e+07,0.80901456,16772.568,13158.755,10661.007,1.3321747e+07,0.034728434,487878.0
Geo0,2022-08-08,1.172328e+06,1.665459e+06,1.629376e+06,1.5756483e+07,-0.20981804,13621.757,18476.922,17947.588,1.1587761e+07,0.0350267,487878.0
Geo0,2022-08-15,561050.0,1.907947e+06,916970.0,1.5660334e+07,1.0499256,6519.069,21167.13,10100.432,1.2135934e+07,0.034693263,487878.0
Geo0,2022-08-22,1.073036e+06,1.737368e+06,808030.0,1.3503875e+07,-2.572803,12468.043,19274.693,8900.456,9.744782e+06,0.034637373,487878.0
Geo0,2022-08-29,1.017367e+06,1.843743e+06,979829.0,1.3689217e+07,2.9826574,11821.202,20454.84,10792.823,1.5144833e+07,0.034731623,487878.0
Geo0,2022-09-05,880139.0,1.614003e+06,1.078065e+06,1.5231436e+07,0.93903875,10226.694,17906.059,11874.894,1.3493116e+07,0.035159085,487878.0
Geo0,2022-09-12,692734.0,1.191648e+06,1.359235e+06,1.419142e+07,6.557312,8049.1587,13220.372,14971.983,1.5650007e+07,0.034896668,487878.0
Geo0,2022-09-19,951315.0,1.82386e+06,1.036365e+06,1.6493758e+07,0.77324605,11053.717,20234.254,11415.568,1.2854447e+07,0.034600668,487878.0
Geo0,2022-09-26,899185.0,1.893123e+06,1.384562e+06,1.2131688e+07,-0.6377488,10447.997,21002.67,15250.961,1.1319308e+07,0.034935188,487878.0
Geo0,2022-10-03,768974.0,1.018118e+06,1.566973e+06,1.4385157e+07,3.9709153,8935.022,11295.196,17260.219,1.5192441e+07,0.035344496,487878.0
Geo0,2022-10-10,1.027544e+06,1.651528e+06,1.201662e+06,1.3746804e+07,0.110067114,11939.453,18322.37,13236.315,1.1874215e+07,0.03519596,487878.0
Geo0,2022-10-17,621412.0,856976.0,752263.0,1.277334e+07,3.7500615,7220.4395,9507.456,8286.183,1.7323342e+07,0.03549804,487878.0
Geo0,2022-10-24,1.586578e+06,1.044527e+06,136007.0,1.2860969e+07,0.17077251,18435.096,11588.184,1498.118,1.2903153e+07,0.03541067,487878.0
Geo0,2022-10-31,1.554646e+06,1.662562e+06,1.333878e+06,1.3527578e+07,0.96255565,18064.066,18444.781,14692.676,1.2037749e+07,0.035189033,487878.0
Geo0,2022-11-07,1.178571e+06,911744.0,320160.0,1.4128254e+07,-8.984646,13694.297,10115.063,3526.5647,5.014799e+06,0.03494456,487878.0
Geo0,2022-11-14,1.191249e+06,1.554828e+06,217683.0,1.4591782e+07,2.4133317,13841.607,17249.56,2397.7798,1.2922329e+07,0.034733035,487878.0
Geo0,2022-11-21,1.850493e+06,1.265087e+06,944667.0,1.4814904e+07,-1.2017881,21501.633,14035.118,10405.514,1.1128972e+07,0.035021465,487878.0
Geo0,2022-11-28,1.14853e+06,901074.0,1.353149e+06,1.2712648e+07,0.7018125,13345.238,9996.688,14904.946,1.1469421e+07,0.035426475,487878.0
Geo0,2022-12-05,946574.0,1.874532e+06,941940.0,1.50693e+07,1.4421813,10998.629,20796.418,10375.476,1.4087701e+07,0.035464417,487878.0
Geo0,2022-12-12,1.348016e+06,1.974356e+06,1.276323e+06,1.8580978e+07,0.021652488,15663.147,21903.885,14058.707,1.1396581e+07,0.03488784,487878.0
Geo0,2022-12-19,1.147509e+06,1.417802e+06,1.747054e+06,1.2963058e+07,-0.40018523,13333.375,15729.367,19243.812,1.2478543e+07,0.03507623,487878.0
Geo0,2022-12-26,1.377061e+06,1.280605e+06,866774.0,1.3583945e+07,0.17685345,16000.633,14207.277,9547.521,1.4106907e+07,0.034966003,487878.0
Geo0,2023-01-02,1.222182e+06,1.456672e+06,502103.0,1.4519775e+07,-2.8459795,14201.031,16160.599,5530.668,9.986743e+06,0.035264585,487878.0
Geo0,2023-01-09,878882.0,1.060513e+06,487492.0,1.297385e+07,3.042983,10212.088,11765.535,5369.728,1.6319224e+07,0.035132974,487878.0
Geo0,2023-01-16,1.119397e+06,1.148705e+06,721857.0,1.3421573e+07,-1.1298555,13006.73,12743.954,7951.2603,1.2910437e+07,0.035486046,487878.0
Geo0,2023-01-23,879782.0,1.353699e+06,1.134301e+06,1.2515501e+07,7.077758,10222.546,15018.196,12494.334,1.6735762e+07,0.035076164,487878.0
Geo0,2023-01-30,216404.0,906000.0,1.310077e+06,1.378496e+07,-1.5304012,2514.4863,10051.338,14430.508,9.382307e+06,0.034971893,487878.0
Geo0,2023-02-06,622088.0,1.173608e+06,1.989665e+06,1.3791275e+07,4.0836153,7228.294,13020.232,21916.174,1.4902208e+07,0.035461597,487878.0
Geo0,2023-02-13,759868.0,1.756043e+06,1.009282e+06,1.3014366e+07,2.8373485,8829.216,19481.879,11117.249,1.3537417e+07,0.03500916,487878.0
Geo0,2023-02-20,971149.0,1.345639e+06,1.042206e+06,1.2220383e+07,-1.3622383,11284.176,14928.777,11479.906,1.0560914e+07,0.035427544,487878.0
Geo0,2023-02-27,980692.0,1.575986e+06,735425.0,1.3175843e+07,-0.468247,11395.061,17484.291,8100.712,1.0470431e+07,0.034770794,487878.0
Geo0,2023-03-06,1.678167e+06,844607.0,1.188749e+06,1.1789215e+07,0.7031538,19499.307,9370.232,13094.079,1.1751256e+07,0.03535446,487878.0
Geo0,2023-03-13,1.490484e+06,1.527948e+06,659534.0,1.3572243e+07,-1.4934696,17318.541,16951.348,7264.772,9.260494e+06,0.03512105,487878.0
Geo0,2023-03-20,820285.0,2.06468e+06,970861.0,1.430899e+07,2.97574,9531.226,22905.957,10694.041,1.4544315e+07,0.034949474,487878.0
Geo0,2023-03-27,1.829076e+06,1.205559e+06,1.296499e+06,1.5594924e+07,2.6873255,21252.78,13374.703,14280.946,1.3155895e+07,0.03489569,487878.0
Geo0,2023-04-03,1.284068e+06,1.292303e+06,754743.0,1.4929384e+07,1.2278712,14920.109,14337.058,8313.5,1.3201177e+07,0.03519806,487878.0
Geo0,2023-04-10,937387.0,1.972759e+06,976044.0,1.510545e+07,1.3808153,10891.882,21886.168,10751.132,1.2300945e+07,0.034858476,487878.0
Geo0,2023-04-17,1.016498e+06,1.336973e+06,778663.0,1.437784e+07,1.3780915,11811.1045,14832.635,8576.979,1.3227123e+07,0.035270393,487878.0
Geo0,2023-04-24,1.275501e+06,1.702397e+06,780186.0,1.3146794e+07,0.42699993,14820.566,18886.719,8593.755,1.1761655e+07,0.034518898,487878.0
Geo0,2023-05-01,1.415563e+06,1.309527e+06,1.683709e+06,1.5723225e+07,4.322425,16448.004,14528.144,18546.066,1.4469969e+07,0.034973525,487878.0
Geo0,2023-05-08,1.038966e+06,929033.0,580087.0,1.3766979e+07,-1.4846193,12072.17,10306.87,6389.6626,1.2152513e+07,0.03533042,487878.0
Geo0,2023-05-15,984081.0,1.880908e+06,994654.0,1.5196773e+07,0.8022772,11434.438,20867.154,10956.121,1.2486066e+07,0.034975275,487878.0
Geo0,2023-05-22,983019.0,905705.0,1.97336e+06,1.5445364e+07,-0.7599183,11422.099,10048.065,21736.574,1.2161745e+07,0.034680232,487878.0
Geo0,2023-05-29,747186.0,1.676795e+06,700733.0,1.3476118e+07,0.22938493,8681.858,18602.686,7718.579,1.3096142e+07,0.03498677,487878.0
Geo0,2023-06-05,813971.0,1.517756e+06,678085.0,1.3321183e+07,-3.2713015,9457.861,16838.277,7469.1113,1.0746457e+07,0.034588132,487878.0
Geo0,2023-06-12,757478.0,1.136972e+06,787271.0,1.4371384e+07,-5.059271,8801.445,12613.786,8671.796,8.804886e+06,0.034548126,487878.0
Geo0,2023-06-19,904159.0,1.006497e+06,879149.0,1.3577449e+07,2.0314033,10505.792,11166.271,9683.833,1.3711836e+07,0.035234515,487878.0
Geo0,2023-06-26,962731.0,1.021162e+06,919587.0,1.2477728e+07,1.2940869,11186.364,11328.968,10129.258,1.1263225e+07,0.0352338,487878.0
Geo0,2023-07-03,982712.0,1.140815e+06,528795.0,1.259014e+07,0.63692594,11418.531,12656.421,5824.6807,1.2503498e+07,0.03483298,487878.0
Geo0,2023-07-10,1.001287e+06,1.296688e+06,547070.0,1.3341274e+07,0.9948337,11634.362,14385.706,6025.98,1.1031813e+07,0.035497863,487878.0
Geo0,2023-07-17,951837.0,1.423007e+06,876273.0,1.3373221e+07,-3.0412254,11059.782,15787.113,9652.153,1.086932e+07,0.03499625,487878.0
Geo0,2023-07-24,786936.0,817646.0,1.212163e+06,1.2851805e+07,-3.47333,9143.73,9071.122,13351.984,9.651402e+06,0.03450855,487878.0
Geo0,2023-07-31,675500.0,1.459513e+06,1.12405e+06,1.1886957e+07,-1.6489052,7848.9097,16192.117,12381.419,1.1726279e+07,0.03473251,487878.0
Geo0,2023-08-07,1.032236e+06,984644.0,1.14666e+06,1.4141809e+07,-1.050614,11993.971,10923.83,12630.468,1.1063657e+07,0.03498979,487878.0
Geo0,2023-08-14,1.352825e+06,1.521453e+06,1.212472e+06,1.3322855e+07,0.82436675,15719.025,16879.291,13355.388,1.2080255e+07,0.03540172,487878.0
Geo0,2023-08-21,1.402919e+06,1.354765e+06,702799.0,1.2010707e+07,-2.0860896,16301.088,15030.023,7741.336,1.0027835e+07,0.034766957,487878.0
Geo0,2023-08-28,1.224614e+06,1.221839e+06,845327.0,1.2892241e+07,2.3604228,14229.289,13555.316,9311.283,1.3327929e+07,0.03466154,487878.0
Geo0,2023-09-04,728687.0,1.748443e+06,990112.0,1.2887132e+07,3.8044777,8466.911,19397.562,10906.091,1.3546885e+07,0.035107967,487878.0
Geo0,2023-09-11,1.557922e+06,914120.0,696254.0,1.4184553e+07,-7.4171505,18102.13,10141.423,7669.2427,6.2818145e+06,0.034873072,487878.0
Geo0,2023-09-18,1.015242e+06,1.213382e+06,500386.0,1.5060837e+07,-0.42849362,11796.511,13461.493,5511.7554,1.2304815e+07,0.035117917,487878.0
Geo0,2023-09-25,1.139347e+06,1.662586e+06,200764.0,1.3283022e+07,0.38071847,13238.537,18445.049,2211.417,1.1495743e+07,0.03482114,487878.0
Geo0,2023-10-02,1.02296e+06,1.263093e+06,1.452118e+06,1.2273017e+07,-1.0092143,11886.189,14012.996,15995.09,1.0467003e+07,0.03488821,487878.0
Geo0,2023-10-09,1.271466e+06,1.643808e+06,1.277748e+06,1.3352314e+07,0.024516806,14773.682,18236.72,14074.403,1.2995073e+07,0.03496791,487878.0
Geo0,2023-10-16,1.253999e+06,1.528224e+06,918369.0,1.601223e+07,-0.59779185,14570.726,16954.41,10115.841,1.1993263e+07,0.035398245,487878.0
Geo0,2023-10-23,1.178158e+06,1.475344e+06,1.035689e+06,1.3974717e+07,4.36132,13689.498,16367.75,11408.122,1.2636384e+07,0.034696255,487878.0
Geo0,2023-10-30,1.028045e+06,1.667223e+06,820828.0,1.3956016e+07,3.3444421,11945.274,18496.492,9041.427,1.6256434e+07,0.035130184,487878.0
Geo0,2023-11-06,1.335902e+06,1.397275e+06,916376.0,1.5217534e+07,2.7624707,15522.39,15501.637,10093.889,1.3789819e+07,0.035116363,487878.0
Geo0,2023-11-13,935963.0,1.369046e+06,1.476005e+06,1.4007886e+07,-1.3772845,10875.336,15188.459,16258.206,1.0679376e+07,0.034791984,487878.0
Geo0,2023-11-20,1.354571e+06,863854.0,960013.0,1.5429233e+07,1.8343467,15739.3125,9583.762,10574.55,1.426584e+07,0.03473408,487878.0
Geo0,2023-11-27,1.409242e+06,1.719249e+06,624615.0,1.4020021e+07,-1.267353,16374.558,19073.678,6880.1387,1.1256417e+07,0.035065163,487878.0
Geo0,2023-12-04,808358.0,930109.0,1.12076e+06,1.6229849e+07,-0.17604735,9392.642,10318.808,12345.18,1.3707707e+07,0.035049718,487878.0
Geo0,2023-12-11,1.631338e+06,1.084553e+06,1.204803e+06,1.5894969e+07,5.263368,18955.182,12032.239,13270.914,1.4237011e+07,0.034579825,487878.0
Geo0,2023-12-18,788814.0,1.449394e+06,938620.0,1.2891177e+07,-0.75003487,9165.552,16079.855,10338.906,1.2702957e+07,0.03515417,487878.0
Geo0,2023-12-25,1.486308e+06,2.055706e+06,988034.0,1.4617509e+07,5.824371,17270.02,22806.396,10883.202,1.4723888e+07,0.035299048,487878.0
Geo0,2024-01-01,881636.0,1.81023e+06,1.058182e+06,1.5892965e+07,0.023797665,10244.088,20083.04,11655.883,1.2096419e+07,0.034889713,487878.0
Geo0,2024-01-08,1.414405e+06,949515.0,676519.0,1.6230099e+07,3.969442,16434.549,10534.102,7451.862,1.3550264e+07,0.035085246,487878.0
Geo0,2024-01-15,545960.0,1.412562e+06,638833.0,1.4750658e+07,-1.597481,6343.732,15671.234,7036.75,1.2718417e+07,0.035309795,487878.0
Geo1,2021-01-25,3.249059e+06,2.853986e+06,1.938169e+06,1.8781192e+07,-0.834834,37752.14,31662.668,21348.945,1.8715858e+07,0.03495125,941246.6
Geo1,2021-02-01,872472.0,2.498136e+06,1.853013e+06,2.0131616e+07,1.1168487,10137.607,27714.8,20410.951,1.7231478e+07,0.035022065,941246.6
Geo1,2021-02-08,1.71364e+06,3.346621e+06,2.322398e+06,2.0508442e+07,-0.12129948,19911.482,37128.055,25581.23,2.0278402e+07,0.03484802,941246.6
Geo1,2021-02-15,1.477233e+06,2.949304e+06,2.981395e+06,2.0361924e+07,-3.8923137,17164.572,32720.145,32840.086,1.688831e+07,0.034748863,941246.6
Geo1,2021-02-22,1.89632e+06,2.539483e+06,1.703375e+06,2.365067e+07,4.560533,22034.115,28173.512,18762.688,2.8207504e+07,0.034948986,941246.6
Geo1,2021-03-01,1.055936e+06,1.783288e+06,2.078659e+06,2.5064054e+07,-0.19461945,12269.351,19784.139,22896.443,2.0486476e+07,0.035043508,941246.6
Geo1,2021-03-08,2.517025e+06,3.109964e+06,1.948961e+06,2.7146784e+07,-0.8823028,29246.34,34502.54,21467.82,2.0249044e+07,0.035208583,941246.6
Geo1,2021-03-15,2.35819e+06,2.729439e+06,2.456261e+06,2.6668398e+07,4.149506,27400.771,30280.92,27055.732,2.8661454e+07,0.034840416,941246.6
Geo1,2021-03-22,2.226349e+06,4.319926e+06,1.577988e+06,3.1034194e+07,2.5015118,25868.857,47926.09,17381.549,2.52753e+07,0.03507666,941246.6
Geo1,2021-03-29,3.286955e+06,2.105264e+06,1.45228e+06,2.5220084e+07,1.4768502,38192.47,23356.203,15996.875,2.6942172e+07,0.034532066,941246.6
Geo1,2021-04-05,2.16296e+06,2.65563e+06,2.464481e+06,2.840778e+07,1.7781789,25132.314,29462.068,27146.275,2.7241592e+07,0.03502199,941246.6
Geo1,2021-04-12,1.97352e+06,1.415268e+06,1.928298e+06,2.8382482e+07,-3.9427092,22931.133,15701.255,21240.217,2.2956536e+07,0.034628656,941246.6
Geo1,2021-04-19,2.703812e+06,3.407621e+06,2.32483e+06,3.0320798e+07,-0.10581997,31416.693,37804.8,25608.02,2.4680748e+07,0.03531967,941246.6
Geo1,2021-04-26,1.683002e+06,1.905086e+06,384871.0,2.9693734e+07,-1.5244013,19555.486,21135.39,4239.357,2.4841886e+07,0.034994368,941246.6
Geo1,2021-05-03,1.842886e+06,2.230314e+06,2.654692e+06,3.1959434e+07,3.4175098,21413.244,24743.531,29241.451,3.234843e+07,0.035377134,941246.6
Geo1,2021-05-10,1.294739e+06,3.18646e+06,2.951824e+06,3.0462644e+07,3.8329792,15044.101,35351.2,32514.363,3.454405e+07,0.03503529,941246.6
Geo1,2021-05-17,1.948196e+06,2.940814e+06,2.560956e+06,2.5718828e+07,0.8615966,22636.883,32625.955,28208.95,2.6737538e+07,0.034981236,941246.6
Geo1,2021-05-24,2.639568e+06,2.0676e+06,2.875334e+06,2.7661068e+07,-2.3535492,30670.217,22938.352,31671.824,1.940394e+07,0.035080947,941246.6
Geo1,2021-05-31,1.967258e+06,1.880756e+06,2.200726e+06,2.73179e+07,-5.065188,22858.373,20865.469,24241.014,2.249959e+07,0.034939833,941246.6
Geo1,2021-06-07,3.213296e+06,3.035518e+06,2.321118e+06,2.8326718e+07,-0.93044996,37336.598,33676.62,25567.13,2.8104504e+07,0.034804944,941246.6
Geo1,2021-06-14,449417.0,2.832583e+06,1.721667e+06,2.9811314e+07,-0.7934401,5221.9595,31425.22,18964.174,2.577815e+07,0.035402104,941246.6
Geo1,2021-06-21,1.149256e+06,2.70779e+06,1.370008e+06,2.8361742e+07,-7.1396055,13353.674,30040.742,15090.648,1.4163623e+07,0.035355147,941246.6
Geo1,2021-06-28,2.246048e+06,2.888404e+06,2.713626e+06,2.7569976e+07,5.2231956,26097.748,32044.508,29890.61,3.553455e+07,0.034781314,941246.6
Geo1,2021-07-05,1.866865e+06,1.816145e+06,3.253614e+06,2.832409e+07,-6.0193563,21691.865,20148.662,35838.582,2.0876022e+07,0.03489994,941246.6
Geo1,2021-07-12,1.91456e+06,3.41732e+06,2.170577e+06,2.9771076e+07,1.4560406,22246.053,37912.406,23908.922,3.0250438e+07,0.034754176,941246.6
Geo1,2021-07-19,1.971187e+06,2.029839e+06,1.866742e+06,2.3948588e+07,1.8599405,22904.025,22519.424,20562.176,2.9372232e+07,0.034762837,941246.6
Geo1,2021-07-26,2.298667e+06,2.207791e+06,1.471602e+06,3.0259988e+07,-0.7310949,26709.148,24493.658,16209.707,2.43108e+07,0.035040125,941246.6
Geo1,2021-08-02,1.651691e+06,3.1645e+06,1.464295e+06,2.8967208e+07,-0.88059616,19191.672,35107.57,16129.22,2.4522816e+07,0.035229627,941246.6
Geo1,2021-08-09,355249.0,2.531944e+06,1.223708e+06,2.3836064e+07,-2.0725923,4127.783,28089.873,13479.152,2.123749e+07,0.03536844,941246.6
Geo1,2021-08-16,1.944218e+06,2.5083e+06,1.649919e+06,2.9234246e+07,0.38552356,22590.662,27827.562,18173.87,2.6060522e+07,0.035201102,941246.6
Geo1,2021-08-23,2.530378e+06,1.097385e+06,2.97762e+06,3.1257112e+07,6.4259043,29401.494,12174.6,32798.508,3.4571772e+07,0.03549129,941246.6
Geo1,2021-08-30,1.99938e+06,2.524281e+06,2.371227e+06,3.1009446e+07,-2.3188872,23231.611,28004.857,26119.082,2.3485116e+07,0.035305865,941246.6
Geo1,2021-09-06,1.944852e+06,1.701187e+06,1.5305e+06,2.8386828e+07,3.2622523,22598.027,18873.295,16858.469,2.9111944e+07,0.03508234,941246.6
Geo1,2021-09-13,1.110063e+06,3.049518e+06,2.504123e+06,2.6970574e+07,4.9314585,12898.274,33831.938,27582.934,3.414173e+07,0.035319902,941246.6
Geo1,2021-09-20,2.79175e+06,3.119519e+06,864706.0,2.2528254e+07,-2.1757307,32438.48,34608.543,9524.743,2.2221918e+07,0.035259206,941246.6
Geo1,2021-09-27,1.800641e+06,2.125618e+06,2.751104e+06,2.5634508e+07,0.1472888,20922.383,23582.014,30303.43,2.1884124e+07,0.03497389,941246.6
Geo1,2021-10-04,1.978757e+06,2.552518e+06,1.294203e+06,2.6680792e+07,-3.3886793,22991.984,28318.125,14255.655,2.0406902e+07,0.034913156,941246.6
Geo1,2021-10-11,1.567225e+06,2.436756e+06,1.435898e+06,3.099519e+07,-0.3420354,18210.227,27033.84,15816.427,2.6048384e+07,0.035106827,941246.6
Geo1,2021-10-18,2.013967e+06,3.335295e+06,2.036698e+06,2.7534416e+07,-2.282382,23401.104,37002.402,22434.244,2.3192194e+07,0.034903254,941246.6
Geo1,2021-10-25,2.993981e+06,2.829236e+06,1.53346e+06,2.7027342e+07,-0.83943486,34788.285,31388.088,16891.072,2.908295e+07,0.035444446,941246.6
Geo1,2021-11-01,2.465251e+06,2.443504e+06,1.606626e+06,2.8475874e+07,-0.19429141,28644.756,27108.703,17696.998,2.4264858e+07,0.03494999,941246.6
Geo1,2021-11-08,2.262097e+06,2.173965e+06,966781.0,2.5731582e+07,0.10233688,26284.227,24118.385,10649.1,2.4651974e+07,0.035304982,941246.6
Geo1,2021-11-15,1.644e+06,2.631734e+06,2.147048e+06,2.8123768e+07,-1.6139584,19102.307,29196.963,23649.75,2.6507548e+07,0.034674328,941246.6
Geo1,2021-11-22,2.934812e+06,2.297337e+06,2.191068e+06,2.7574002e+07,2.8546605,34100.777,25487.098,24134.63,2.906902e+07,0.0351721,941246.6
Geo1,2021-11-29,2.50613e+06,2.249581e+06,1.976322e+06,2.8555782e+07,-3.6187859,29119.746,24957.283,21769.201,2.2927614e+07,0.035216834,941246.6
Geo1,2021-12-06,2.147874e+06,2.29556e+06,2.198886e+06,3.0192436e+07,-0.43191656,24957.023,25467.383,24220.746,2.2428126e+07,0.03519443,941246.6
Geo1,2021-12-13,1.682187e+06,1.616657e+06,2.033938e+06,2.7036202e+07,2.9674625,19546.016,17935.504,22403.842,3.1189088e+07,0.03506043,941246.6
Geo1,2021-12-20,2.344662e+06,2.528602e+06,3.156426e+06,3.0620328e+07,-0.17337842,27243.584,28052.797,34768.055,2.5136596e+07,0.034657847,941246.6
Geo1,2021-12-27,2.405136e+06,2.644637e+06,2.499713e+06,3.1881074e+07,3.5136514,27946.256,29340.111,27534.357,3.0733886e+07,0.03524427,941246.6
Geo1,2022-01-03,3.623377e+06,3.213296e+06,2.285554e+06,2.9985064e+07,1.9015458,42101.496,35648.92,25175.395,2.6341506e+07,0.03481253,941246.6
Geo1,2022-01-10,1.998569e+06,2.348742e+06,897799.0,2.7584274e+07,1.0533648,23222.188,26057.395,9889.263,2.5851642e+07,0.0346781,941246.6
Geo1,2022-01-17,2.015599e+06,3.908832e+06,1.965949e+06,3.0257238e+07,-1.3872818,23420.066,43365.332,21654.943,2.3503894e+07,0.034624316,941246.6
Geo1,2022-01-24,1.967965e+06,2.448188e+06,1.532522e+06,2.8969938e+07,2.294383,22866.588,27160.668,16880.74,2.9284312e+07,0.035482623,941246.6
Geo1,2022-01-31,2.456638e+06,2.942548e+06,2.623389e+06,3.249546e+07,0.7810588,28544.678,32645.193,28896.648,2.5002786e+07,0.035420325,941246.6
Geo1,2022-02-07,1.632519e+06,3.481781e+06,1.04961e+06,2.9424764e+07,0.8386419,18968.904,38627.547,11561.462,2.5399246e+07,0.03460804,941246.6
Geo1,2022-02-14,1.598289e+06,3.338746e+06,2.769572e+06,2.8427376e+07,-4.408105,18571.172,37040.688,30506.855,2.337778e+07,0.035326667,941246.6
Geo1,2022-02-21,2.395291e+06,2.272732e+06,2.85289e+06,3.0835578e+07,3.4359262,27831.863,25214.125,31424.604,3.1110912e+07,0.034581207,941246.6
Geo1,2022-02-28,2.445241e+06,2.243951e+06,2.358375e+06,2.3732432e+07,-2.9890995,28412.252,24894.824,25977.518,2.2413122e+07,0.034728084,941246.6
Geo1,2022-03-07,1.936802e+06,1.781695e+06,2.454752e+06,2.8453424e+07,4.58565,22504.492,19766.467,27039.111,3.255621e+07,0.03500791,941246.6
Geo1,2022-03-14,1.48485e+06,2.161481e+06,1.553378e+06,2.4383832e+07,3.4120793,17253.078,23979.885,17110.47,2.5926422e+07,0.034671962,941246.6
Geo1,2022-03-21,1.095602e+06,2.345615e+06,2.388032e+06,2.928754e+07,2.6819854,12730.246,26022.703,26304.19,2.9583244e+07,0.0347937,941246.6
Geo1,2022-03-28,899201.0,2.331897e+06,1.927623e+06,2.4463128e+07,-4.202929,10448.183,25870.514,21232.781,1.8296724e+07,0.03468246,941246.6
Geo1,2022-04-04,1.27951e+06,2.412105e+06,1.889196e+06,3.0100538e+07,-0.021167561,14867.148,26760.355,20809.508,2.39876e+07,0.03493605,941246.6
Geo1,2022-04-11,2.81561e+06,2.796026e+06,2.32841e+06,2.6045238e+07,-0.76869524,32715.72,31019.648,25647.453,2.1114916e+07,0.034602024,941246.6
Geo1,2022-04-18,2.26967e+06,1.700793e+06,1.87464e+06,2.5754848e+07,-0.78495723,26372.22,18868.924,20649.174,2.169954e+07,0.0346997,941246.6
Geo1,2022-04-25,2.209572e+06,1.945969e+06,2.626545e+06,2.7106878e+07,-2.2497947,25673.918,21588.953,28931.412,2.2568674e+07,0.035486795,941246.6
Geo1,2022-05-02,1.526402e+06,2.294134e+06,1.752382e+06,2.6435758e+07,-0.4835775,17735.887,25451.562,19302.5,2.6917012e+07,0.034547415,941246.6
Geo1,2022-05-09,1.61115e+06,3.212403e+06,2.08306e+06,2.57416e+07,-5.072732,18720.61,35639.016,22944.922,2.2229308e+07,0.03530867,941246.6
Geo1,2022-05-16,2.645075e+06,3.528101e+06,2.983851e+06,2.8305232e+07,-1.7553402,30734.205,39141.43,32867.14,2.0047794e+07,0.034962423,941246.6
Geo1,2022-05-23,2.60689e+06,1.978142e+06,2.33911e+06,2.7121682e+07,-0.869798,30290.518,21945.887,25765.314,2.1843934e+07,0.03488607,941246.6
Geo1,2022-05-30,2.833796e+06,3.052143e+06,2.253848e+06,3.1558386e+07,1.7728424,32927.03,33861.062,24826.152,2.8972244e+07,0.034983676,941246.6
Geo1,2022-06-06,2.892372e+06,2.4666e+06,1.770246e+06,2.6158024e+07,3.9432116,33607.65,27364.934,19499.273,3.1377368e+07,0.03531457,941246.6
Geo1,2022-06-13,2.907648e+06,2.293786e+06,1.973842e+06,3.136014e+07,4.3432007,33785.15,25447.703,21741.885,3.0598874e+07,0.0354529,941246.6
Geo1,2022-06-20,2.163657e+06,3.052456e+06,2.257658e+06,2.9018698e+07,-1.2636005,25140.412,33864.53,24868.12,2.494764e+07,0.03507841,941246.6
Geo1,2022-06-27,1.688641e+06,3.318674e+06,2.467287e+06,3.0216102e+07,0.49328762,19621.008,36818.008,27177.184,2.7180826e+07,0.03460078,941246.6
Geo1,2022-07-04,1.337296e+06,2.371209e+06,1.84207e+06,2.67297e+07,2.4186087,15538.588,26306.648,20290.414,2.8285512e+07,0.034949053,941246.6
Geo1,2022-07-11,2.393e+06,2.559768e+06,1.080831e+06,2.582073e+07,1.6899946,27805.242,28398.559,11905.361,2.739737e+07,0.034633946,941246.6
Geo1,2022-07-18,2.22253e+06,2.313755e+06,2.841384e+06,3.0017196e+07,-3.8182082,25824.482,25669.242,31297.865,2.1599712e+07,0.035350364,941246.6
Geo1,2022-07-25,1.239326e+06,3.327053e+06,365119.0,2.7443424e+07,1.8244226,14400.234,36910.965,4021.7883,2.712025e+07,0.03519487,941246.6
Geo1,2022-08-01,2.911672e+06,3.113112e+06,2.382282e+06,2.7089682e+07,0.368374,33831.902,34537.46,26240.854,2.6847814e+07,0.034775835,941246.6
Geo1,2022-08-08,2.203544e+06,4.659582e+06,4.250494e+06,3.2079022e+07,0.71536076,25603.877,51694.297,46819.223,2.6021064e+07,0.03468872,941246.6
Geo1,2022-08-15,2.022986e+06,3.467054e+06,1.209222e+06,3.0700872e+07,1.9959383,23505.898,38464.164,13319.589,2.779587e+07,0.034826074,941246.6
Geo1,2022-08-22,2.5592e+06,2.766779e+06,2.084842e+06,2.6762962e+07,-1.911583,29736.389,30695.178,22964.549,2.0790422e+07,0.035296656,941246.6
Geo1,2022-08-29,2.52028e+06,3.802408e+06,2.820724e+06,2.7129042e+07,-1.3795779,29284.16,42184.645,31070.295,2.6017574e+07,0.03465499,941246.6
Geo1,2022-09-05,1.687117e+06,2.262868e+06,1.675497e+06,3.1036572e+07,-0.3552631,19603.3,25104.691,18455.611,2.7590718e+07,0.034723807,941246.6
Geo1,2022-09-12,1.542555e+06,1.329728e+06,980553.0,2.8005052e+07,-0.4654355,17923.576,14752.258,10800.799,2.3490656e+07,0.03461508,941246.6
Geo1,2022-09-19,1.591112e+06,2.537244e+06,2.057406e+06,3.240455e+07,-5.8586345,18487.78,28148.672,22662.342,1.8392074e+07,0.035308514,941246.6
Geo1,2022-09-26,1.077896e+06,1.712684e+06,2.042346e+06,2.5384262e+07,2.9213474,12524.513,19000.846,22496.455,2.7126654e+07,0.035181582,941246.6
Geo1,2022-10-03,2.080753e+06,2.003161e+06,2.476033e+06,3.0419826e+07,0.6839596,24177.117,22223.453,27273.521,2.7150822e+07,0.035088133,941246.6
Geo1,2022-10-10,1.315953e+06,2.996154e+06,2.296238e+06,2.7923152e+07,-3.9852285,15290.595,33239.906,25293.078,2.0571906e+07,0.03538729,941246.6
Geo1,2022-10-17,2.142996e+06,1.574973e+06,2.426832e+06,2.7300138e+07,0.2912357,24900.344,17473.053,26731.572,3.0627578e+07,0.034879923,941246.6
Geo1,2022-10-24,2.418184e+06,2.906017e+06,1.951931e+06,2.5482444e+07,4.620944,28097.865,32239.91,21500.533,3.2237122e+07,0.035184786,941246.6
Geo1,2022-10-31,2.303518e+06,3.2913e+06,1.462125e+06,2.6216346e+07,-0.3007322,26765.516,36514.312,16105.317,2.3930832e+07,0.03481321,941246.6
Geo1,2022-11-07,1.924576e+06,3.223769e+06,708172.0,2.7520052e+07,5.8040247,22362.434,35765.113,7800.5195,2.9761004e+07,0.034572262,941246.6
Geo1,2022-11-14,2.112437e+06,2.53249e+06,1.159763e+06,2.890451e+07,-0.4310307,24545.268,28095.93,12774.798,2.2929908e+07,0.03518666,941246.6
Geo1,2022-11-21,4.513479e+06,3.307943e+06,1.660746e+06,3.112755e+07,3.0554717,52443.953,36698.953,18293.129,2.8741598e+07,0.03518969,941246.6
Geo1,2022-11-28,2.557569e+06,2.046276e+06,2.297624e+06,2.6628902e+07,5.454676,29717.438,22701.78,25308.346,2.8967118e+07,0.0346906,941246.6
Geo1,2022-12-05,1.648794e+06,2.972959e+06,1.492516e+06,2.985953e+07,2.0441403,19158.01,32982.58,16440.074,2.8789292e+07,0.035281155,941246.6
Geo1,2022-12-12,2.287438e+06,2.781406e+06,1.851106e+06,3.65415e+07,-5.9318233,26578.674,30857.453,20389.945,1.749216e+07,0.03505205,941246.6
Geo1,2022-12-19,2.036535e+06,1.855956e+06,2.397288e+06,2.6290944e+07,-1.1331713,23663.33,20590.332,26406.145,2.5078062e+07,0.035055086,941246.6
Geo1,2022-12-26,1.749714e+06,1.937704e+06,2.209398e+06,2.751242e+07,-6.855961,20330.64,21497.26,24336.535,1.978714e+07,0.03517332,941246.6
Geo1,2023-01-02,2.578227e+06,1.246646e+06,2.33436e+06,2.8730534e+07,-2.5812685,29957.47,13830.53,25712.992,2.2275034e+07,0.035253216,941246.6
Geo1,2023-01-09,1.538592e+06,2.469221e+06,1.531798e+06,2.6725842e+07,0.6835498,17877.527,27394.012,16872.766,2.9316594e+07,0.034930054,941246.6
Geo1,2023-01-16,884174.0,2.397844e+06,2.323104e+06,2.7475822e+07,-1.2214699,10273.578,26602.143,25589.008,2.7278856e+07,0.035014257,941246.6
Geo1,2023-01-23,983022.0,2.202808e+06,1.49065e+06,2.3562978e+07,-0.96788144,11422.134,24438.375,16419.521,2.5192652e+07,0.03534015,941246.6
Geo1,2023-01-30,1.005099e+06,1.283699e+06,2.662206e+06,2.6265522e+07,0.4108311,11678.655,14241.604,29324.219,2.1056674e+07,0.034521885,941246.6
Geo1,2023-02-06,2.039324e+06,1.565948e+06,2.044141e+06,2.6346582e+07,-4.76622,23695.736,17372.928,22516.229,2.2113988e+07,0.035162944,941246.6
Geo1,2023-02-13,2.886258e+06,3.313862e+06,1.537626e+06,2.61284e+07,-0.16572002,33536.61,36764.62,16936.96,2.4444388e+07,0.034548722,941246.6
Geo1,2023-02-20,806738.0,2.244207e+06,2.511842e+06,2.5150772e+07,-1.0282402,9373.817,24897.664,27667.957,2.3857122e+07,0.035039816,941246.6
Geo1,2023-02-27,1.244177e+06,1.969481e+06,2.253398e+06,2.5855704e+07,0.19116743,14456.6,21849.8,24821.195,2.1776196e+07,0.03454524,941246.6
Geo1,2023-03-06,2.228485e+06,2.991259e+06,2.44551e+06,2.3468488e+07,1.0552766,25893.676,33185.6,26937.31,2.4705544e+07,0.03497966,941246.6
Geo1,2023-03-13,2.450398e+06,2.030695e+06,1.844464e+06,2.6677572e+07,0.11878215,28472.174,22528.92,20316.785,2.204298e+07,0.035168245,941246.6
Geo1,2023-03-20,2.425e+06,3.86086e+06,1.760795e+06,2.9508418e+07,5.307834,28177.064,42833.12,19395.17,3.2964374e+07,0.03537663,941246.6
Geo1,2023-03-27,2.944401e+06,2.790458e+06,1.251836e+06,3.0521784e+07,2.098672,34212.195,30957.877,13788.982,2.6127678e+07,0.035073426,941246.6
Geo1,2023-04-03,3.816118e+06,2.255616e+06,1.633022e+06,3.1196446e+07,1.894738,44341.03,25024.236,17987.75,2.7914936e+07,0.034558948,941246.6
Geo1,2023-04-10,2.19433e+06,2.986363e+06,2.19361e+06,3.1068226e+07,2.3574376,25496.814,33131.285,24162.63,2.6221154e+07,0.034601513,941246.6
Geo1,2023-04-17,1.846056e+06,3.579822e+06,1.797862e+06,2.9223304e+07,0.20639402,21450.078,39715.234,19803.463,2.6406124e+07,0.03460752,941246.6
Geo1,2023-04-24,2.605377e+06,1.817127e+06,1.32825e+06,2.7201886e+07,-3.2585368,30272.938,20159.557,14630.684,2.018076e+07,0.034772728,941246.6
Geo1,2023-05-01,2.656815e+06,3.526518e+06,2.364656e+06,3.123852e+07,2.5510674,30870.617,39123.867,26046.703,2.8675454e+07,0.034804262,941246.6
Geo1,2023-05-08,3.070952e+06,1.49308e+06,2.199874e+06,2.9521774e+07,0.080466926,35682.645,16564.516,24231.629,2.8382796e+07,0.035422567,941246.6
Geo1,2023-05-15,2.611896e+06,4.133565e+06,1.932447e+06,3.1182248e+07,1.3210948,30348.684,45858.562,21285.918,2.6143072e+07,0.034737345,941246.6
Geo1,2023-05-22,1.722353e+06,2.448244e+06,2.421838e+06,3.2130496e+07,-1.469487,20012.723,27161.29,26676.562,2.5068396e+07,0.035344806,941246.6
Geo1,2023-05-29,1.039397e+06,3.465742e+06,1.950238e+06,2.7592992e+07,-1.5601637,12077.178,38449.605,21481.887,2.6031704e+07,0.035309047,941246.6
Geo1,2023-06-05,1.37401e+06,3.102502e+06,1.973504e+06,2.8031476e+07,2.1296947,15965.183,34419.754,21738.16,3.004741e+07,0.035381068,941246.6
Geo1,2023-06-12,2.076441e+06,2.629633e+06,2.130507e+06,2.9291796e+07,-1.6671612,24127.014,29173.654,23467.55,2.455551e+07,0.0350532,941246.6
Geo1,2023-06-19,2.897111e+06,1.857572e+06,1.796369e+06,2.9064778e+07,2.5198872,33662.715,20608.26,19787.018,3.0019374e+07,0.035163954,941246.6
Geo1,2023-06-26,2.04632e+06,2.923483e+06,1.528055e+06,2.654605e+07,1.2317433,23777.025,32433.682,16831.537,2.485011e+07,0.03525765,941246.6
Geo1,2023-07-03,2.272707e+06,1.922152e+06,2.588068e+06,2.6463272e+07,4.427447,26407.51,21324.723,28507.588,3.2791212e+07,0.035305005,941246.6
Geo1,2023-07-10,652150.0,2.680714e+06,1.802986e+06,2.7088232e+07,0.3988533,7577.5967,29740.355,19859.904,2.346385e+07,0.03477366,941246.6
Geo1,2023-07-17,2.141514e+06,2.693578e+06,1.692426e+06,2.7279444e+07,-1.0613412,24883.125,29883.072,18642.084,2.6599686e+07,0.03460701,941246.6
Geo1,2023-07-24,614323.0,1.623388e+06,2.300579e+06,2.5010072e+07,-0.75959146,7138.0693,18010.178,25340.895,2.4817552e+07,0.03526519,941246.6
Geo1,2023-07-31,866497.0,2.8818e+06,1.62219e+06,2.3224128e+07,0.40299273,10068.182,31971.242,17868.436,2.7129378e+07,0.0352682,941246.6
Geo1,2023-08-07,2.247358e+06,2.890544e+06,2.446569e+06,2.9190856e+07,0.30661535,26112.969,32068.25,26948.975,2.4415986e+07,0.035363793,941246.6
Geo1,2023-08-14,2.687466e+06,2.176624e+06,2.29356e+06,2.5906762e+07,-1.9822719,31226.764,24147.885,25263.58,2.194354e+07,0.035162702,941246.6
Geo1,2023-08-21,3.147513e+06,2.114039e+06,1.429893e+06,2.436088e+07,2.2887158,36572.24,23453.555,15750.282,2.710883e+07,0.03526806,941246.6
Geo1,2023-08-28,2.020696e+06,2.615568e+06,1.67107e+06,2.558366e+07,-5.7441087,23479.291,29017.613,18406.848,1.7786236e+07,0.03522768,941246.6
Geo1,2023-09-04,1.64238e+06,3.616554e+06,1.262448e+06,2.420502e+07,2.4061527,19083.482,40122.746,13905.874,2.6085188e+07,0.034568578,941246.6
Geo1,2023-09-11,2.223679e+06,2.62693e+06,1.163673e+06,2.7455272e+07,-2.5083714,25837.832,29143.666,12817.866,2.0095816e+07,0.035011046,941246.6
Geo1,2023-09-18,2.368706e+06,2.878068e+06,492746.0,2.9445726e+07,0.44905764,27522.96,31929.84,5427.6006,2.602377e+07,0.03533643,941246.6
Geo1,2023-09-25,1.863287e+06,3.135222e+06,1.456583e+06,2.5899526e+07,1.3086464,21650.291,34782.754,16044.272,2.6356856e+07,0.034829214,941246.6
Geo1,2023-10-02,1.573602e+06,1.960225e+06,2.951622e+06,2.3792068e+07,-1.9838996,18284.322,21747.113,32512.139,2.0906398e+07,0.034830026,941246.6
Geo1,2023-10-09,1.92849e+06,2.898962e+06,2.303142e+06,2.6353452e+07,-3.1048484,22407.912,32161.64,25369.125,2.3572762e+07,0.0354756,941246.6
Geo1,2023-10-16,2.221526e+06,2.7795e+06,1.746357e+06,3.0870882e+07,-4.0313315,25812.816,30836.307,19236.135,2.1428782e+07,0.034869928,941246.6
Geo1,2023-10-23,999456.0,2.335134e+06,1.494099e+06,2.7283738e+07,-0.13339391,11613.087,25906.426,16457.512,2.037874e+07,0.035378728,941246.6
Geo1,2023-10-30,966911.0,3.733826e+06,2.201778e+06,2.6864218e+07,-0.5270281,11234.933,41423.78,24252.602,2.8561856e+07,0.03493411,941246.6
Geo1,2023-11-06,2.39497e+06,2.722516e+06,1.217094e+06,2.879134e+07,2.270694,27828.133,30204.115,13406.299,2.7989266e+07,0.035211056,941246.6
Geo1,2023-11-13,1.455222e+06,2.749794e+06,2.938209e+06,2.6929138e+07,3.077084,16908.818,30506.742,32364.393,2.8653912e+07,0.03503114,941246.6
Geo1,2023-11-20,1.999091e+06,1.748431e+06,2.331654e+06,2.901276e+07,-3.6641178,23228.254,19397.43,25683.186,2.2551724e+07,0.035010263,941246.6
Geo1,2023-11-27,2.088006e+06,3.311183e+06,2.409319e+06,2.5934166e+07,5.059243,24261.393,36734.9,26538.666,3.3001724e+07,0.034782708,941246.6
Geo1,2023-12-04,1.074368e+06,2.443491e+06,1.546603e+06,3.0568584e+07,-1.6590128,12483.52,27108.559,17035.844,2.6503466e+07,0.03477397,941246.6
Geo1,2023-12-11,2.040208e+06,3.066217e+06,1.620737e+06,2.8378182e+07,-1.41901,23706.008,34017.2,17852.43,2.2088544e+07,0.03530161,941246.6
Geo1,2023-12-18,2.235094e+06,3.280519e+06,3.173761e+06,2.4626676e+07,5.772514,25970.469,36394.707,34959.0,3.465966e+07,0.03516607,941246.6
Geo1,2023-12-25,2.173519e+06,3.381502e+06,2.658746e+06,2.857093e+07,-0.8181114,25255.004,37515.03,29286.107,2.1429442e+07,0.034545302,941246.6
Geo1,2024-01-01,2.006739e+06,3.411001e+06,3.235709e+06,3.012037e+07,2.5023575,23317.12,37842.3,35641.36,2.9296018e+07,0.034889527,941246.6
Geo1,2024-01-08,2.45515e+06,3.549758e+06,1.437863e+06,3.2118372e+07,1.594866,28527.389,39381.695,15838.071,2.5082216e+07,0.034869444,941246.6
Geo1,2024-01-15,2.17796e+06,3.332782e+06,961583.0,2.9608574e+07,2.137631,25306.605,36974.523,10591.844,3.0437048e+07,0.034529798,941246.6
Geo10,2021-01-25,2.291602e+06,1.989328e+06,1.835198e+06,1.9731698e+07,-3.087994,26627.059,22069.986,20214.719,1.3965168e+07,0.03537021,977475.9
Geo10,2021-02-01,1.794569e+06,2.383249e+06,2.111198e+06,2.2899372e+07,5.0974426,20851.828,26440.223,23254.861,2.2469664e+07,0.035197444,977475.9
Geo10,2021-02-08,1.411095e+06,2.65424e+06,2.389634e+06,2.3310854e+07,4.692358,16396.088,29446.648,26321.836,2.7257806e+07,0.03524099,977475.9
Geo10,2021-02-15,1.143924e+06,2.411191e+06,2.29219e+06,2.1510942e+07,1.3117996,13291.72,26750.217,25248.49,2.3343342e+07,0.03501402,977475.9
Geo10,2021-02-22,2.813198e+06,2.056307e+06,2.220308e+06,2.5359196e+07,-0.36508188,32687.695,22813.064,24456.709,2.3752346e+07,0.03538305,977475.9
Geo10,2021-03-01,2.289044e+06,1.762154e+06,2.910316e+06,2.9189714e+07,-6.8315687,26597.336,19549.676,32057.152,1.3579794e+07,0.03529866,977475.9
Geo10,2021-03-08,2.294989e+06,2.739448e+06,1.729761e+06,3.0966896e+07,-3.5686905,26666.412,30391.963,19053.33,2.0155632e+07,0.03524296,977475.9
Geo10,2021-03-15,2.358313e+06,3.960926e+06,3.080618e+06,3.0837798e+07,-0.57820547,27402.2,43943.273,33933.03,2.6337242e+07,0.03492321,977475.9
Geo10,2021-03-22,2.85692e+06,4.561151e+06,1.138119e+06,3.437011e+07,-2.2274857,33195.72,50602.285,12536.389,2.4065104e+07,0.034924183,977475.9
Geo10,2021-03-29,3.061824e+06,2.712396e+06,1.888356e+06,2.9138968e+07,1.9627616,35576.582,30091.842,20800.256,3.1369274e+07,0.034933362,977475.9
Geo10,2021-04-05,3.108048e+06,1.786731e+06,2.277177e+06,3.4609776e+07,3.312888,36113.676,19822.336,25083.121,3.4995092e+07,0.034919508,977475.9
Geo10,2021-04-12,1.897103e+06,2.582568e+06,2.678005e+06,3.3637896e+07,-0.53683954,22043.213,28651.506,29498.244,3.2295568e+07,0.03456553,977475.9
Geo10,2021-04-19,2.480466e+06,2.7126e+06,2.008846e+06,3.418897e+07,-1.6569117,28821.545,30094.105,22127.453,2.6760516e+07,0.035145592,977475.9
Geo10,2021-04-26,2.276564e+06,2.864158e+06,1.616438e+06,3.399855e+07,3.0374455,26452.326,31775.52,17805.076,3.6850904e+07,0.03496015,977475.9
Geo10,2021-05-03,1.46141e+06,2.747595e+06,2.125774e+06,3.4316612e+07,-4.123851,16980.719,30482.346,23415.416,2.7354178e+07,0.03455284,977475.9
Geo10,2021-05-10,1.931839e+06,2.983776e+06,3.471721e+06,3.3519372e+07,5.7918453,22446.824,33102.582,38241.03,4.3942544e+07,0.034726992,977475.9
Geo10,2021-05-17,2.957057e+06,2.306294e+06,760910.0,2.938477e+07,-0.1977746,34359.25,25586.469,8381.429,2.9786766e+07,0.035072155,977475.9
Geo10,2021-05-24,2.462686e+06,2.484492e+06,2.566446e+06,3.270306e+07,-1.7150556,28614.953,27563.432,28269.422,2.427514e+07,0.03467447,977475.9
Geo10,2021-05-31,2.995122e+06,3.507649e+06,3.138024e+06,3.1827756e+07,0.15138721,34801.543,38914.53,34565.355,3.373911e+07,0.03546349,977475.9
Geo10,2021-06-07,1.981326e+06,2.972575e+06,1.367521e+06,3.1114938e+07,-1.6774231,23021.834,32978.316,15063.254,2.9825786e+07,0.034626905,977475.9
Geo10,2021-06-14,1.645221e+06,3.635699e+06,1.13408e+06,3.410227e+07,1.5209825,19116.494,40335.145,12491.899,3.40336e+07,0.035155244,977475.9
Geo10,2021-06-21,2.038705e+06,3.272236e+06,463461.0,3.2967114e+07,4.678532,23688.545,36302.816,5105.0264,3.4632692e+07,0.03548882,977475.9
Geo10,2021-06-28,2.291875e+06,2.641763e+06,2.34815e+06,3.12237e+07,2.7948332,26630.23,29308.227,25864.889,3.812079e+07,0.035027754,977475.9
Geo10,2021-07-05,2.483775e+06,2.720691e+06,1.548856e+06,3.4439664e+07,3.8709044,28859.994,30183.87,17060.66,3.72407e+07,0.034759704,977475.9
Geo10,2021-07-12,2.606439e+06,2.975754e+06,2.938999e+06,3.3386672e+07,-2.028568,30285.277,33013.586,32373.096,2.9642132e+07,0.034561627,977475.9
Geo10,2021-07-19,2.783874e+06,2.528447e+06,2.755475e+06,2.8524398e+07,-1.2457634,32346.967,28051.076,30351.578,3.2006648e+07,0.035460327,977475.9
Geo10,2021-07-26,2.350848e+06,3.001762e+06,1.523065e+06,3.5052188e+07,0.20899287,27315.46,33302.125,16776.572,3.0227942e+07,0.03541885,977475.9
Geo10,2021-08-02,1.782659e+06,2.392533e+06,2.196837e+06,3.465876e+07,1.3611557,20713.441,26543.22,24198.176,3.200387e+07,0.035452068,977475.9
Geo10,2021-08-09,481247.0,2.977584e+06,435727.0,2.832646e+07,-1.201791,5591.805,33033.89,4799.536,2.7526794e+07,0.035251953,977475.9
Geo10,2021-08-16,545079.0,3.887765e+06,1.304126e+06,3.3405242e+07,-1.3773481,6333.495,43131.613,14364.957,2.8859866e+07,0.034805633,977475.9
Geo10,2021-08-23,2.992792e+06,2.325163e+06,3.283541e+06,3.556255e+07,2.8167148,34774.47,25795.805,36168.227,3.692746e+07,0.035301138,977475.9
Geo10,2021-08-30,2.308647e+06,2.14121e+06,2.883016e+06,3.4687004e+07,2.3496869,26825.111,23754.994,31756.441,3.4267176e+07,0.035469398,977475.9
Geo10,2021-09-06,1.49967e+06,2.137511e+06,2.24977e+06,3.1154616e+07,-0.08488897,17425.277,23713.957,24781.232,3.0646646e+07,0.03465361,977475.9
Geo10,2021-09-13,1.598108e+06,4.402614e+06,2.010863e+06,3.0551244e+07,1.7489886,18569.068,48843.445,22149.67,3.6777716e+07,0.0351445,977475.9
Geo10,2021-09-20,2.517093e+06,2.560364e+06,971611.0,2.431349e+07,-2.640785,29247.129,28405.17,10702.302,2.5934488e+07,0.034519587,977475.9
Geo10,2021-09-27,1.173523e+06,2.537642e+06,3.057918e+06,2.7293554e+07,-5.16749,13635.643,28153.088,33682.99,1.9490656e+07,0.03485959,977475.9
Geo10,2021-10-04,2.66961e+06,2.58833e+06,1.291298e+06,2.9490226e+07,-6.2603416,31019.287,28715.43,14223.657,2.0417856e+07,0.035085905,977475.9
Geo10,2021-10-11,1.336114e+06,2.849195e+06,2.143224e+06,3.494768e+07,3.6817493,15524.854,31609.516,23607.629,3.444058e+07,0.03499536,977475.9
Geo10,2021-10-18,1.597619e+06,3.438824e+06,2.256378e+06,3.0377404e+07,-1.2602206,18563.387,38150.973,24854.02,2.756173e+07,0.03456465,977475.9
Geo10,2021-10-25,2.143005e+06,2.872639e+06,894480.0,2.9586478e+07,-3.1263351,24900.45,31869.61,9852.704,3.0341508e+07,0.035348006,977475.9
Geo10,2021-11-01,2.289287e+06,2.55998e+06,1.305565e+06,3.046715e+07,1.2444413,26600.158,28400.91,14380.808,3.0071334e+07,0.035144433,977475.9
Geo10,2021-11-08,2.132268e+06,1.857567e+06,2.032939e+06,2.8326846e+07,4.48185,24775.691,20608.205,22392.838,3.4818164e+07,0.034620598,977475.9
Geo10,2021-11-15,1.685674e+06,2.885807e+06,1.107237e+06,3.1058802e+07,-1.7960382,19586.533,32015.697,12196.224,3.1047148e+07,0.034735434,977475.9
Geo10,2021-11-22,2.714841e+06,2.975826e+06,1.841943e+06,3.0761238e+07,1.9877057,31544.844,33014.387,20289.016,3.2447766e+07,0.035351086,977475.9
Geo10,2021-11-29,2.3869e+06,3.896783e+06,1.695427e+06,3.1890266e+07,2.7812984,27734.363,43231.66,18675.14,3.5465532e+07,0.03483944,977475.9
Geo10,2021-12-06,2.393703e+06,2.331677e+06,999227.0,3.247794e+07,-1.7832295,27813.41,25868.072,11006.492,2.4167298e+07,0.034872856,977475.9
Geo10,2021-12-13,2.996368e+06,1.380139e+06,2.188336e+06,3.0091032e+07,3.9480135,34816.02,15311.527,24104.537,3.763809e+07,0.03493634,977475.9
Geo10,2021-12-20,2.706406e+06,3.905166e+06,3.21098e+06,3.3815056e+07,4.272492,31446.834,43324.66,35368.97,3.520081e+07,0.035462867,977475.9
Geo10,2021-12-27,3.597706e+06,2.834476e+06,2.198033e+06,3.655496e+07,-2.4105225,41803.21,31446.22,24211.35,2.743752e+07,0.03525704,977475.9
Geo10,2022-01-03,2.154265e+06,3.45785e+06,2.848881e+06,3.3181336e+07,1.6449962,25031.283,38362.05,31380.445,3.1707962e+07,0.035043232,977475.9
Geo10,2022-01-10,2.516914e+06,2.506651e+06,997880.0,3.0262994e+07,-0.41704997,29245.05,27809.268,10991.655,2.9018794e+07,0.03537349,977475.9
Geo10,2022-01-17,1.264368e+06,3.470748e+06,2.09724e+06,3.4547348e+07,-1.2573013,14691.207,38505.145,23101.113,2.876753e+07,0.0345799,977475.9
Geo10,2022-01-24,1.864214e+06,2.330809e+06,2.32168e+06,3.2821836e+07,-6.887061,21661.062,25858.443,25573.322,2.1976452e+07,0.035305697,977475.9
Geo10,2022-01-31,1.852289e+06,2.236709e+06,3.671224e+06,3.5736508e+07,-0.9741875,21522.502,24814.479,40438.56,2.7333758e+07,0.03473376,977475.9
Geo10,2022-02-07,2.455004e+06,3.54243e+06,1.496325e+06,3.290777e+07,0.440819,28525.691,39300.4,16482.031,3.016714e+07,0.03455784,977475.9
Geo10,2022-02-14,2.320542e+06,3.15022e+06,2.575997e+06,3.1713786e+07,1.1387751,26963.324,34949.145,28374.625,3.510119e+07,0.03463874,977475.9
Geo10,2022-02-21,2.439734e+06,2.357348e+06,2.745796e+06,3.482853e+07,1.2811344,28348.264,26152.871,30244.963,3.382926e+07,0.03456587,977475.9
Geo10,2022-02-28,2.873031e+06,1.625951e+06,2.468429e+06,2.6161154e+07,-1.5553712,33382.918,18038.613,27189.764,2.9189452e+07,0.035418775,977475.9
Geo10,2022-03-07,1.968615e+06,2.397122e+06,1.87742e+06,3.1792006e+07,-2.8711438,22874.14,26594.13,20679.795,2.7583192e+07,0.034755845,977475.9
Geo10,2022-03-14,2.387495e+06,2.7295e+06,1.093544e+06,2.8543086e+07,-1.4769402,27741.277,30281.598,12045.3955,2.3345946e+07,0.035085406,977475.9
Geo10,2022-03-21,816215.0,2.128364e+06,1.722572e+06,3.3241194e+07,-0.14580393,9483.935,23612.479,18974.143,3.112391e+07,0.035295147,977475.9
Geo10,2022-03-28,1.983484e+06,1.861938e+06,1.588164e+06,2.9084076e+07,0.81015766,23046.91,20656.697,17493.639,2.876455e+07,0.035065547,977475.9
Geo10,2022-04-04,963295.0,1.156414e+06,2.041688e+06,3.3387022e+07,0.25266647,11192.917,12829.479,22489.209,2.7125456e+07,0.03480165,977475.9
Geo10,2022-04-11,2.421204e+06,2.816668e+06,3.075681e+06,3.0381342e+07,0.6656285,28132.957,31248.656,33878.65,2.7261878e+07,0.034835894,977475.9
Geo10,2022-04-18,2.042304e+06,2.355753e+06,2.775901e+06,2.985565e+07,-2.2763755,23730.363,26135.176,30576.57,2.415131e+07,0.034799375,977475.9
Geo10,2022-04-25,2.304522e+06,1.711554e+06,2.360449e+06,3.1121594e+07,4.190567,26777.18,18988.309,26000.363,3.549716e+07,0.035088617,977475.9
Geo10,2022-05-02,2.090571e+06,3.981693e+06,1.821121e+06,3.0700764e+07,3.533663,24291.197,44173.668,20059.66,3.7243824e+07,0.03463136,977475.9
Geo10,2022-05-09,2.036825e+06,2.487246e+06,2.622841e+06,2.847332e+07,0.752671,23666.7,27593.984,28890.613,3.4336176e+07,0.035293214,977475.9
Geo10,2022-05-16,3.100636e+06,3.549842e+06,2.806052e+06,3.2759172e+07,1.7552624,36027.555,39382.63,30908.684,2.8861376e+07,0.035469566,977475.9
Geo10,2022-05-23,2.227549e+06,2.984151e+06,1.309632e+06,3.060833e+07,3.1885135,25882.8,33106.746,14425.606,3.1394536e+07,0.03517248,977475.9
Geo10,2022-05-30,3.758587e+06,3.304315e+06,3.191887e+06,3.560682e+07,0.9761812,43672.555,36658.707,35158.66,3.4181064e+07,0.03499263,977475.9
Geo10,2022-06-06,2.465731e+06,3.626945e+06,2.174788e+06,2.9441516e+07,5.299465,28650.334,40238.023,23955.305,3.8996756e+07,0.03513812,977475.9
Geo10,2022-06-13,639346.0,2.978034e+06,2.769818e+06,3.3748224e+07,-1.2348745,7428.822,33038.883,30509.564,2.8338116e+07,0.03493655,977475.9
Geo10,2022-06-20,3.070082e+06,3.28074e+06,2.51244e+06,3.2539878e+07,6.3917055,35672.535,36397.16,27674.545,4.052525e+07,0.03456438,977475.9
Geo10,2022-06-27,1.603619e+06,2.308004e+06,2.882828e+06,3.4022332e+07,-2.7397323,18633.104,25605.44,31754.371,2.6509868e+07,0.034881353,977475.9
Geo10,2022-07-04,3.412712e+06,2.054936e+06,2.551433e+06,3.0194626e+07,-6.161953,39653.69,22797.855,28104.053,2.116644e+07,0.03548622,977475.9
Geo10,2022-07-11,2.345579e+06,3.255345e+06,1.462822e+06,2.9995034e+07,0.8974159,27254.238,36115.42,16112.995,3.0994746e+07,0.03450541,977475.9
Geo10,2022-07-18,1.436704e+06,2.763496e+06,2.994929e+06,3.2784982e+07,0.19829372,16693.65,30658.756,32989.164,3.090876e+07,0.034922976,977475.9
Geo10,2022-07-25,1.713238e+06,3.736013e+06,815216.0,3.0950204e+07,-0.44309074,19906.81,41448.047,8979.61,2.9516916e+07,0.0350407,977475.9
Geo10,2022-08-01,3.472834e+06,3.186327e+06,2.311463e+06,3.1225288e+07,1.8978214,40352.273,35349.723,25460.781,3.3258112e+07,0.03537228,977475.9
Geo10,2022-08-08,3.023742e+06,4.171007e+06,2.863803e+06,3.685972e+07,2.6531415,35134.09,46273.953,31544.81,3.3707348e+07,0.035284407,977475.9
Geo10,2022-08-15,1.949836e+06,3.559374e+06,2.004242e+06,3.561229e+07,-3.9736047,22655.94,39488.38,22076.74,2.3695024e+07,0.03541695,977475.9
Geo10,2022-08-22,3.043429e+06,3.23904e+06,1.703837e+06,3.1244054e+07,1.6423198,35362.844,35934.53,18767.777,2.9656114e+07,0.03496231,977475.9
Geo10,2022-08-29,2.044556e+06,3.141998e+06,1.961019e+06,3.231208e+07,-2.0992627,23756.53,34857.93,21600.639,3.0249962e+07,0.035298396,977475.9
Geo10,2022-09-05,2.114212e+06,2.771889e+06,1.654974e+06,3.532751e+07,-3.5926595,24565.89,30751.87,18229.55,2.7371824e+07,0.035456967,977475.9
Geo10,2022-09-12,1.782507e+06,1.466607e+06,1.438749e+06,3.2563194e+07,-1.2472553,20711.676,16270.819,15847.831,2.7699222e+07,0.03525685,977475.9
Geo10,2022-09-19,2.352864e+06,2.914966e+06,2.528942e+06,3.6651124e+07,1.085192,27338.887,32339.193,27856.314,3.26047e+07,0.034870666,977475.9
Geo10,2022-09-26,1.690208e+06,4.141542e+06,2.647084e+06,3.0488228e+07,-4.699387,19639.217,45947.062,29157.65,2.359085e+07,0.035300154,977475.9
Geo10,2022-10-03,1.884096e+06,1.83959e+06,4.091168e+06,3.382136e+07,-1.4963458,21892.08,20408.766,45064.246,3.0004934e+07,0.035227943,977475.9
Geo10,2022-10-10,2.060649e+06,3.393859e+06,1.704585e+06,3.25515e+07,-0.89153314,23943.521,37652.125,18776.016,2.9198424e+07,0.035396643,977475.9
Geo10,2022-10-17,1.59281e+06,1.97353e+06,1.918366e+06,3.1263098e+07,3.7367477,18507.508,21894.72,21130.816,4.152947e+07,0.034804802,977475.9
Geo10,2022-10-24,2.311008e+06,2.614588e+06,1.499046e+06,2.9820516e+07,1.2105132,26852.545,29006.742,16512.002,3.3517478e+07,0.035171714,977475.9
Geo10,2022-10-31,1.692696e+06,3.769195e+06,1.952516e+06,3.0560696e+07,-0.15037473,19668.125,41816.17,21506.979,2.9943488e+07,0.034733,977475.9
Geo10,2022-11-07,3.115904e+06,2.827562e+06,1.175934e+06,3.2157388e+07,2.1350553,36204.957,31369.516,12952.922,3.0429604e+07,0.03531755,977475.9
Geo10,2022-11-14,1.75544e+06,3.528163e+06,1.560306e+06,3.2771252e+07,-0.65348005,20397.174,39142.117,17186.781,2.7132686e+07,0.035283063,977475.9
Geo10,2022-11-21,2.310363e+06,2.896903e+06,1.828793e+06,3.3728284e+07,-0.21557549,26845.049,32138.799,20144.168,2.9630454e+07,0.03537157,977475.9
Geo10,2022-11-28,1.741762e+06,1.495302e+06,2.286887e+06,2.8247142e+07,-5.3692613,20238.242,16589.168,25190.076,1.8269618e+07,0.035143156,977475.9
Geo10,2022-12-05,2.589742e+06,3.908011e+06,1.925045e+06,3.1370228e+07,2.0340562,30091.268,43356.223,21204.385,3.493195e+07,0.03499657,977475.9
Geo10,2022-12-12,2.014395e+06,2.631562e+06,2.116503e+06,3.84174e+07,0.39609888,23406.076,29195.055,23313.297,2.9074788e+07,0.03456968,977475.9
Geo10,2022-12-19,2.363916e+06,3.156315e+06,2.848978e+06,2.9471642e+07,-0.7561006,27467.305,35016.766,31381.514,3.080953e+07,0.03494035,977475.9
Geo10,2022-12-26,1.842934e+06,2.963443e+06,2.19595e+06,3.0212516e+07,2.8758998,21413.8,32877.004,24188.404,3.7374976e+07,0.035487037,977475.9
Geo10,2023-01-02,1.200775e+06,2.24003e+06,2.271766e+06,3.1034866e+07,0.89147663,13952.294,24851.322,25023.52,3.1204858e+07,0.034925476,977475.9
Geo10,2023-01-09,2.511364e+06,2.878262e+06,2.33576e+06,2.8504066e+07,0.71843517,29180.562,31931.992,25728.414,3.4350604e+07,0.034788467,977475.9
Geo10,2023-01-16,2.029135e+06,1.999479e+06,3.092192e+06,3.0507068e+07,-2.3634493,23577.348,22182.604,34060.516,2.9157284e+07,0.03485436,977475.9
Geo10,2023-01-23,1.180646e+06,2.682136e+06,2.366064e+06,2.6851084e+07,0.89567757,13718.407,29756.133,26062.213,3.2227624e+07,0.035038434,977475.9
Geo10,2023-01-30,645477.0,1.173837e+06,3.155037e+06,3.0034662e+07,0.015118224,7500.0605,13022.773,34752.754,2.5130764e+07,0.035080798,977475.9
Geo10,2023-02-06,2.782856e+06,3.17379e+06,2.807727e+06,3.043688e+07,-0.46536386,32335.139,35210.637,30927.133,3.2313634e+07,0.035454255,977475.9
Geo10,2023-02-13,2.443408e+06,3.601019e+06,1.193896e+06,2.9231484e+07,5.507882,28390.953,39950.395,13150.773,3.7009676e+07,0.03498733,977475.9
Geo10,2023-02-20,1.096322e+06,3.019816e+06,1.845084e+06,2.760223e+07,3.9648795,12738.612,33502.418,20323.613,3.357775e+07,0.034856465,977475.9
Geo10,2023-02-27,2.859712e+06,3.59442e+06,1.585594e+06,3.0088402e+07,1.9257199,33228.16,39877.188,17465.33,2.936529e+07,0.034954466,977475.9
Geo10,2023-03-06,2.959016e+06,1.957158e+06,2.664192e+06,2.855204e+07,3.0926147,34382.01,21713.086,29346.094,3.2516906e+07,0.03459003,977475.9
Geo10,2023-03-13,1.62615e+06,2.69201e+06,1.64315e+06,3.0574888e+07,2.2151878,18894.9,29865.676,18099.309,2.8568434e+07,0.035100076,977475.9
Geo10,2023-03-20,3.491881e+06,2.770714e+06,2.158022e+06,3.4991704e+07,-1.102834,40573.59,30738.834,23770.629,2.9176202e+07,0.034830153,977475.9
Geo10,2023-03-27,2.943135e+06,3.478464e+06,2.639772e+06,3.631101e+07,2.4504218,34197.484,38590.746,29077.107,3.0934838e+07,0.034913525,977475.9
Geo10,2023-04-03,3.000017e+06,3.171668e+06,1.732103e+06,3.4429948e+07,1.2772139,34858.42,35187.094,19079.127,3.2133588e+07,0.035059802,977475.9
Geo10,2023-04-10,950288.0,3.286477e+06,1.958973e+06,3.417843e+07,-3.121945,11041.783,36460.81,21578.102,2.4933696e+07,0.034941003,977475.9
Geo10,2023-04-17,2.065374e+06,2.611737e+06,1.915817e+06,3.2892482e+07,-2.6967402,23998.422,28975.111,21102.738,2.8078784e+07,0.034959547,977475.9
Geo10,2023-04-24,2.93341e+06,2.623576e+06,1.144789e+06,3.0336192e+07,-3.7905903,34084.49,29106.455,12609.859,2.3833968e+07,0.035381556,977475.9
Geo10,2023-05-01,2.079322e+06,3.207496e+06,1.949557e+06,3.4230932e+07,1.2241215,24160.49,35584.58,21474.385,3.239484e+07,0.03517411,977475.9
Geo10,2023-05-08,2.6904e+06,2.863876e+06,1.949009e+06,3.230296e+07,5.299771,31260.854,31772.39,21468.348,4.0123044e+07,0.034617074,977475.9
Geo10,2023-05-15,2.334096e+06,4.044025e+06,1.319997e+06,3.4020644e+07,-0.8777073,27120.812,44865.19,14539.776,2.8641294e+07,0.035494998,977475.9
Geo10,2023-05-22,2.176442e+06,2.334915e+06,3.295326e+06,3.4523732e+07,-4.8686385,25288.967,25903.996,36298.04,2.5384944e+07,0.03503809,977475.9
Geo10,2023-05-29,1.858077e+06,3.426978e+06,1.402705e+06,3.1579856e+07,3.01259,21589.754,38019.55,15450.806,3.569203e+07,0.034890857,977475.9
Geo10,2023-06-05,1.697887e+06,2.718418e+06,1.962606e+06,3.1619994e+07,-1.193629,19728.441,30158.65,21618.12,3.0527728e+07,0.0351892,977475.9
Geo10,2023-06-12,1.712856e+06,3.31602e+06,3.036221e+06,3.2544244e+07,0.9685366,19902.373,36788.562,33443.996,3.2737156e+07,0.03502298,977475.9
Geo10,2023-06-19,1.521157e+06,2.695874e+06,2.795998e+06,3.1618428e+07,3.4992094,17674.943,29908.543,30797.938,3.7112616e+07,0.034547728,977475.9
Geo10,2023-06-26,2.268186e+06,3.583009e+06,2.612738e+06,2.9036098e+07,4.523733,26354.979,39750.59,28779.328,3.3964344e+07,0.03533612,977475.9
Geo10,2023-07-03,2.019973e+06,1.881723e+06,1.440121e+06,3.0206236e+07,-8.228298,23470.89,20876.197,15862.943,1.998437e+07,0.035411313,977475.9
Geo10,2023-07-10,1.6284e+06,2.74369e+06,1.982733e+06,3.0295968e+07,-0.15345155,18921.043,30439.023,21839.818,2.718617e+07,0.035227135,977475.9
Geo10,2023-07-17,2.035457e+06,2.907042e+06,2.455372e+06,2.9439282e+07,-3.1312413,23650.805,32251.281,27045.941,2.763906e+07,0.035182,977475.9
Geo10,2023-07-24,0.0,2.526674e+06,1.71902e+06,2.8528854e+07,1.0942582,0.0,28031.406,18935.018,3.0275382e+07,0.034928832,977475.9
Geo10,2023-07-31,1.041114e+06,3.06702e+06,1.929431e+06,2.590445e+07,-3.599955,12097.128,34026.11,21252.697,2.6399358e+07,0.035109702,977475.9
Geo10,2023-08-07,1.123059e+06,2.15211e+06,1.325904e+06,2.9277432e+07,1.5119493,13049.28,23875.922,14604.842,3.0995948e+07,0.0347673,977475.9
Geo10,2023-08-14,2.201505e+06,2.598655e+06,2.536461e+06,2.7230266e+07,-0.07449637,25580.184,28829.979,27939.137,2.889712e+07,0.034925185,977475.9
Geo10,2023-08-21,3.428327e+06,3.27564e+06,2.384222e+06,2.6450122e+07,1.2157999,39835.13,36340.58,26262.223,3.074542e+07,0.034645382,977475.9
Geo10,2023-08-28,1.347858e+06,2.456537e+06,2.440013e+06,2.782385e+07,1.6930437,15661.312,27253.293,26876.762,3.0946194e+07,0.03490718,977475.9
Geo10,2023-09-04,1.526156e+06,2.984805e+06,1.123061e+06,2.7219342e+07,-4.2695665,17733.03,33114.0,12370.525,2.19528e+07,0.034534156,977475.9
Geo10,2023-09-11,3.501658e+06,2.757192e+06,2.227631e+06,3.0618844e+07,4.958696,40687.19,30588.818,24537.371,3.3616764e+07,0.034984894,977475.9
Geo10,2023-09-18,2.377512e+06,2.940374e+06,1.775293e+06,3.245361e+07,-5.3971305,27625.281,32621.074,19554.865,2.2771008e+07,0.03536005,977475.9
Geo10,2023-09-25,2.249481e+06,2.594246e+06,1.391353e+06,2.974674e+07,-1.451255,26137.637,28781.062,15325.764,2.7209542e+07,0.03507588,977475.9
Geo10,2023-10-02,2.501855e+06,2.929306e+06,2.191323e+06,2.766404e+07,-2.6425564,29070.072,32498.283,24137.44,2.4373266e+07,0.035041876,977475.9
Geo10,2023-10-09,2.170475e+06,4.237798e+06,2.554234e+06,3.097907e+07,4.651414,25219.635,47014.945,28134.906,3.755462e+07,0.034846857,977475.9
Geo10,2023-10-16,1.927069e+06,3.262776e+06,2.326243e+06,3.520747e+07,-5.1172647,22391.4,36197.863,25623.584,2.4034742e+07,0.035482604,977475.9
Geo10,2023-10-23,1.557685e+06,3.397726e+06,3.136696e+06,3.1197112e+07,-4.7251844,18099.377,37695.023,34550.73,1.9808812e+07,0.034639243,977475.9
Geo10,2023-10-30,2.037732e+06,4.38959e+06,2.147799e+06,3.225001e+07,1.4338014,23677.238,48698.953,23658.021,3.6304972e+07,0.034856323,977475.9
Geo10,2023-11-06,1.763304e+06,2.879747e+06,1.287647e+06,3.3857156e+07,3.9310331,20488.549,31948.467,14183.441,3.488164e+07,0.035268318,977475.9
Geo10,2023-11-13,1.985294e+06,1.557691e+06,2.118198e+06,2.9608346e+07,0.98372257,23067.94,17281.322,23331.967,3.0772992e+07,0.034990788,977475.9
Geo10,2023-11-20,2.534898e+06,2.00162e+06,2.228635e+06,3.429283e+07,1.6582114,29454.014,22206.357,24548.432,3.4215444e+07,0.0352121,977475.9
Geo10,2023-11-27,2.225959e+06,3.527652e+06,2.377158e+06,2.9709264e+07,-4.7465334,25864.324,39136.45,26184.412,2.4882098e+07,0.034672074,977475.9
Geo10,2023-12-04,2.415266e+06,1.904212e+06,2.602229e+06,3.4613416e+07,1.226139,28063.96,21125.693,28663.572,3.5148188e+07,0.035328686,977475.9
Geo10,2023-12-11,2.68523e+06,2.698957e+06,2.859395e+06,3.42736e+07,6.88994,31200.781,29942.748,31496.256,3.7695576e+07,0.0352069,977475.9
Geo10,2023-12-18,1.603854e+06,2.692874e+06,1.574232e+06,2.85029e+07,-4.156238,18635.834,29875.262,17340.178,2.6501974e+07,0.035078134,977475.9
Geo10,2023-12-25,2.687355e+06,3.799519e+06,2.343031e+06,3.366115e+07,-2.127889,31225.473,42152.594,25808.504,2.4371482e+07,0.034565832,977475.9
Geo10,2024-01-01,2.264366e+06,3.219192e+06,2.69795e+06,3.364249e+07,4.8349185,26310.592,35714.336,29717.94,3.7642364e+07,0.03522075,977475.9
Geo10,2024-01-08,2.235118e+06,3.325869e+06,1.30407e+06,3.674262e+07,-5.157504,25970.748,36897.83,14364.341,2.2592696e+07,0.03505755,977475.9
Geo10,2024-01-15,1.792495e+06,3.362974e+06,941182.0,3.3721776e+07,-1.68063,20827.73,37309.48,10367.127,3.0768748e+07,0.034630716,977475.9
Geo11,2021-01-25,421658.0,674092.0,329978.0,4.128109e+06,-5.0965643,4899.416,7478.506,3634.71,3.6460155e+06,0.03483733,240069.14
Geo11,2021-02-01,376154.0,640755.0,552342.0,5.118336e+06,4.283909,4370.6865,7108.659,6084.0513,5.54176e+06,0.034725625,240069.14
Geo11,2021-02-08,523646.0,830614.0,597679.0,5.447996e+06,3.181348,6084.4565,9214.991,6583.4385,6.414756e+06,0.03549729,240069.14
Geo11,2021-02-15,0.0,614944.0,605296.0,5.021104e+06,-1.429649,0.0,6822.3066,6667.34,4.95858e+06,0.03474815,240069.14
Geo11,2021-02-22,589462.0,656282.0,486570.0,5.863982e+06,-7.0631633,6849.199,7280.9185,5359.5723,3.7958822e+06,0.0349761,240069.14
Geo11,2021-03-01,445254.0,615595.0,491738.0,6.565488e+06,-0.34804183,5173.588,6829.5293,5416.4976,5.2527855e+06,0.03542762,240069.14
Geo11,2021-03-08,495433.0,505921.0,690401.0,7.143836e+06,1.0448904,5756.638,5612.7847,7604.772,6.157085e+06,0.034740333,240069.14
Geo11,2021-03-15,553114.0,765256.0,542394.0,7.001797e+06,-2.9110105,6426.857,8489.897,5974.4736,5.215283e+06,0.034506176,240069.14
Geo11,2021-03-22,604838.0,967646.0,111920.0,8.0014e+06,3.66224,7027.8594,10735.251,1232.7996,6.4342345e+06,0.0349761,240069.14
Geo11,2021-03-29,795597.0,402826.0,570155.0,6.8019e+06,-1.2083256,9244.366,4469.029,6280.261,6.00141e+06,0.035414923,240069.14
Geo11,2021-04-05,429369.0,801347.0,751854.0,7.527352e+06,2.9441364,4989.0137,8890.298,8281.678,7.3541205e+06,0.03463857,240069.14
Geo11,2021-04-12,476417.0,607646.0,468068.0,7.76202e+06,3.7523725,5535.6836,6741.3413,5155.7725,7.8817635e+06,0.034532614,240069.14
Geo11,2021-04-19,742961.0,663703.0,575103.0,8.108883e+06,0.6646787,8632.767,7363.2485,6334.7637,6.10544e+06,0.034933347,240069.14
Geo11,2021-04-26,387643.0,569446.0,374046.0,8.223149e+06,-1.6281477,4504.182,6317.5435,4120.1196,6.4382855e+06,0.034854867,240069.14
Geo11,2021-05-03,519208.0,594308.0,627864.0,8.553177e+06,-1.1257653,6032.8896,6593.367,6915.927,6.69817e+06,0.034918997,240069.14
Geo11,2021-05-10,416513.0,767287.0,612527.0,8.351518e+06,-1.2030334,4839.6343,8512.43,6746.9893,7.036134e+06,0.03500367,240069.14
Geo11,2021-05-17,390564.0,712520.0,304148.0,6.874344e+06,-1.6116847,4538.1226,7904.8335,3350.1924,5.767483e+06,0.03482707,240069.14
Geo11,2021-05-24,763802.0,632700.0,605920.0,7.89553e+06,0.35403338,8874.927,7019.2954,6674.2134,5.6623535e+06,0.03520163,240069.14
Geo11,2021-05-31,691510.0,562850.0,880941.0,7.68941e+06,2.6918259,8034.9365,6244.366,9703.571,7.714723e+06,0.035226874,240069.14
Geo11,2021-06-07,584612.0,468483.0,589373.0,7.54606e+06,-1.7061453,6792.845,5197.4404,6491.9478,6.493084e+06,0.035327237,240069.14
Geo11,2021-06-14,534506.0,686955.0,295556.0,8.46545e+06,3.4884381,6210.643,7621.211,3255.5515,7.9410735e+06,0.034505684,240069.14
Geo11,2021-06-21,466948.0,942777.0,372511.0,8.16965e+06,7.2748365,5425.659,10459.349,4103.2114,7.694399e+06,0.03528935,240069.14
Geo11,2021-06-28,814015.0,705212.0,429127.0,7.96527e+06,0.7506082,9458.372,7823.7573,4726.837,7.7175475e+06,0.03546908,240069.14
Geo11,2021-07-05,471851.0,761048.0,456909.0,8.184398e+06,-0.91808844,5482.629,8443.213,5032.856,6.494113e+06,0.03509552,240069.14
Geo11,2021-07-12,589964.0,856593.0,589470.0,8.388124e+06,1.5846009,6855.032,9503.207,6493.016,7.516589e+06,0.035498124,240069.14
Geo11,2021-07-19,505922.0,795918.0,871664.0,6.956678e+06,0.37919044,5878.514,8830.067,9601.386,7.5118335e+06,0.03495378,240069.14
Geo11,2021-07-26,614584.0,665766.0,363528.0,8.757721e+06,3.2734914,7141.102,7386.1357,4004.2637,7.2337705e+06,0.03457649,240069.14
Geo11,2021-08-02,420702.0,837088.0,376495.0,8.542252e+06,1.1907349,4888.308,9286.815,4147.095,6.7325745e+06,0.035457667,240069.14
Geo11,2021-08-09,156348.0,720973.0,250037.0,6.89543e+06,0.10034606,1816.6711,7998.613,2754.1594,5.9805265e+06,0.034921438,240069.14
Geo11,2021-08-16,160092.0,845373.0,487737.0,8.135563e+06,2.895759,1860.1742,9378.73,5372.427,7.407872e+06,0.035020687,240069.14
Geo11,2021-08-23,796218.0,402224.0,702285.0,8.506624e+06,1.5500839,9251.582,4462.35,7735.6743,7.2661535e+06,0.035048313,240069.14
Geo11,2021-08-30,567534.0,376119.0,707937.0,8.294426e+06,-2.9315805,6594.4087,4172.7363,7797.931,5.5408955e+06,0.035290923,240069.14
Geo11,2021-09-06,716356.0,641093.0,552830.0,7.867384e+06,1.7603927,8323.633,7112.4087,6089.4263,7.1110325e+06,0.03466455,240069.14
Geo11,2021-09-13,313794.0,778351.0,341460.0,7.411288e+06,2.3247077,3646.1003,8635.176,3761.1843,7.732396e+06,0.035345268,240069.14
Geo11,2021-09-20,700830.0,746610.0,292149.0,6.402492e+06,2.8092697,8143.2295,8283.035,3218.0234,7.0731645e+06,0.034680225,240069.14
Geo11,2021-09-27,788997.0,633760.0,664993.0,7.603544e+06,6.0700693,9167.678,7031.055,7324.903,7.0944e+06,0.034884654,240069.14
Geo11,2021-10-04,465441.0,692311.0,556254.0,7.553719e+06,0.8168297,5408.149,7680.6313,6127.142,6.4307525e+06,0.03545248,240069.14
Geo11,2021-10-11,570725.0,760384.0,368324.0,9.034269e+06,4.5995836,6631.4863,8435.846,4057.0916,8.0136045e+06,0.03466398,240069.14
Geo11,2021-10-18,322812.0,899560.0,543442.0,7.868739e+06,2.2351737,3750.8843,9979.892,5986.0176,7.0791935e+06,0.034638885,240069.14
Geo11,2021-10-25,671456.0,850767.0,449421.0,7.848099e+06,-1.5985105,7801.921,9438.572,4950.3755,6.9975955e+06,0.034503013,240069.14
Geo11,2021-11-01,636564.0,353764.0,118298.0,7.801558e+06,1.1894207,7396.4966,3924.7258,1303.0533,6.513136e+06,0.034936134,240069.14
Geo11,2021-11-08,476985.0,415554.0,408264.0,6.88833e+06,3.0697267,5542.283,4610.236,4497.031,6.834854e+06,0.03488305,240069.14
Geo11,2021-11-15,315399.0,466446.0,519474.0,7.830178e+06,0.47932887,3664.7495,5174.8413,5722.01,7.2056275e+06,0.03530616,240069.14
Geo11,2021-11-22,329832.0,680717.0,485193.0,7.414436e+06,-1.0702916,3832.4524,7552.005,5344.4043,6.1309705e+06,0.03487853,240069.14
Geo11,2021-11-29,763884.0,812636.0,561977.0,7.678576e+06,6.4716454,8875.88,9015.54,6190.1807,8.952647e+06,0.03548139,240069.14
Geo11,2021-12-06,658685.0,570128.0,513862.0,7.994731e+06,-3.9606686,7653.53,6325.1094,5660.194,4.2723895e+06,0.035120293,240069.14
Geo11,2021-12-13,568182.0,529119.0,482708.0,6.943918e+06,-1.6588569,6601.9385,5870.148,5317.032,6.5327205e+06,0.035152048,240069.14
Geo11,2021-12-20,747101.0,810409.0,836092.0,8.208578e+06,-0.10120299,8680.871,8990.833,9209.56,6.2593725e+06,0.034812625,240069.14
Geo11,2021-12-27,686684.0,536929.0,394162.0,8.923362e+06,-0.22897828,7978.8613,5956.7935,4341.6973,6.1688115e+06,0.035195094,240069.14
Geo11,2022-01-03,617823.0,855782.0,900671.0,8.149478e+06,-4.726771,7178.7373,9494.21,9920.897,4.7736905e+06,0.03489479,240069.14
Geo11,2022-01-10,524310.0,770642.0,188143.0,7.761952e+06,-1.0274239,6092.172,8549.65,2072.3965,5.8554465e+06,0.034741748,240069.14
Geo11,2022-01-17,648370.0,943779.0,434124.0,8.529021e+06,1.9484997,7533.6753,10470.466,4781.879,6.732636e+06,0.034731865,240069.14
Geo11,2022-01-24,622351.0,681195.0,602543.0,8.451288e+06,2.3736043,7231.35,7557.308,6637.0156,7.3143085e+06,0.034506023,240069.14
Geo11,2022-01-31,460440.0,850416.0,631124.0,9.202133e+06,-0.8745072,5350.04,9434.679,6951.8354,5.781922e+06,0.035391573,240069.14
Geo11,2022-02-07,630374.0,758042.0,324491.0,8.24525e+06,-3.7662716,7324.5723,8409.863,3574.2708,4.936188e+06,0.034995116,240069.14
Geo11,2022-02-14,732088.0,621245.0,688128.0,7.974876e+06,4.693236,8506.429,6892.2114,7579.735,8.921411e+06,0.03497646,240069.14
Geo11,2022-02-21,411986.0,593211.0,741382.0,8.551371e+06,-4.563995,4787.033,6581.197,8166.328,5.4221735e+06,0.03476696,240069.14
Geo11,2022-02-28,441586.0,716649.0,336378.0,6.377698e+06,1.7863152,5130.968,7950.6416,3705.206,6.874254e+06,0.034993358,240069.14
Geo11,2022-03-07,396734.0,639555.0,492647.0,8.31877e+06,0.19744316,4609.814,7095.346,5426.5103,6.7627935e+06,0.035477035,240069.14
Geo11,2022-03-14,607017.0,577469.0,294571.0,7.177119e+06,3.499753,7053.178,6406.552,3244.7017,6.4374545e+06,0.034880407,240069.14
Geo11,2022-03-21,204803.0,481898.0,398827.0,8.375309e+06,-0.4069394,2379.6895,5346.269,4393.0825,6.4785735e+06,0.034896284,240069.14
Geo11,2022-03-28,384998.0,579242.0,385868.0,6.822454e+06,1.6764584,4473.4487,6426.222,4250.339,6.5338655e+06,0.034624018,240069.14
Geo11,2022-04-04,150628.0,381428.0,424134.0,7.81721e+06,-1.7590195,1750.2081,4231.6353,4671.839,5.3150875e+06,0.03515303,240069.14
Geo11,2022-04-11,431326.0,452393.0,888658.0,7.081081e+06,-8.490673,5011.7524,5018.935,9788.574,3.0704658e+06,0.035441205,240069.14
Geo11,2022-04-18,423542.0,532347.0,382564.0,6.97466e+06,1.986872,4921.307,5905.96,4213.9453,6.506159e+06,0.034641612,240069.14
Geo11,2022-04-25,527849.0,577557.0,740565.0,7.154555e+06,0.9882447,6133.293,6407.5283,8157.329,6.762258e+06,0.035366327,240069.14
Geo11,2022-05-02,422355.0,867573.0,466058.0,6.85989e+06,0.3903147,4907.515,9625.021,5133.6323,7.1187475e+06,0.03467853,240069.14
Geo11,2022-05-09,438565.0,708036.0,870866.0,6.802943e+06,-4.491328,5095.8657,7855.0874,9592.596,5.759483e+06,0.034766976,240069.14
Geo11,2022-05-16,868536.0,741507.0,880981.0,7.560028e+06,-4.9043064,10091.874,8226.421,9704.012,4.0113478e+06,0.03478688,240069.14
Geo11,2022-05-23,753412.0,747239.0,373664.0,7.496804e+06,3.418066,8754.201,8290.013,4115.9116,6.497757e+06,0.034627818,240069.14
Geo11,2022-05-30,558932.0,650454.0,710235.0,8.392431e+06,4.37755,6494.459,7216.2617,7823.2437,8.081663e+06,0.03535194,240069.14
Geo11,2022-06-06,716740.0,404881.0,480356.0,7.335472e+06,1.3331484,8328.095,4491.8276,5291.125,7.103809e+06,0.0347668,240069.14
Geo11,2022-06-13,532557.0,756469.0,399552.0,8.536269e+06,2.8919835,6187.997,8392.412,4401.0684,7.075079e+06,0.03457459,240069.14
Geo11,2022-06-20,488752.0,593538.0,510875.0,7.836548e+06,-0.44071192,5679.009,6584.8247,5627.292,6.266566e+06,0.034661304,240069.14
Geo11,2022-06-27,677243.0,698062.0,319913.0,8.476104e+06,0.67592466,7869.1626,7744.434,3523.844,6.717486e+06,0.03515911,240069.14
Geo11,2022-07-04,701612.0,618123.0,532154.0,7.503998e+06,1.9251652,8152.316,6857.575,5861.68,6.8080195e+06,0.035440415,240069.14
Geo11,2022-07-11,518869.0,669098.0,378952.0,7.26144e+06,-0.275299,6028.9507,7423.1016,4174.159,6.329022e+06,0.03520005,240069.14
Geo11,2022-07-18,555897.0,691000.0,758474.0,7.950947e+06,2.8135421,6459.194,7666.087,8354.597,7.367646e+06,0.034830704,240069.14
Geo11,2022-07-25,591178.0,775620.0,21570.0,7.806738e+06,-0.87231123,6869.138,8604.877,237.5937,5.7702325e+06,0.03465905,240069.14
Geo11,2022-08-01,570602.0,702502.0,508505.0,7.741984e+06,3.3506722,6630.057,7793.692,5601.186,7.6448325e+06,0.034573674,240069.14
Geo11,2022-08-08,392782.0,1.126422e+06,700394.0,8.619037e+06,-2.3438911,4563.894,12496.742,7714.845,5.473609e+06,0.035345465,240069.14
Geo11,2022-08-15,611450.0,912995.0,252046.0,8.548033e+06,-3.5271285,7104.687,10128.941,2776.2886,5.016182e+06,0.035201028,240069.14
Geo11,2022-08-22,902170.0,727773.0,526282.0,7.54754e+06,-3.2445552,10482.681,8074.053,5797.0,5.077141e+06,0.0352371,240069.14
Geo11,2022-08-29,607393.0,899766.0,650955.0,7.790686e+06,-1.758246,7057.547,9982.177,7170.274,6.6931595e+06,0.034661487,240069.14
Geo11,2022-09-05,755159.0,343325.0,449953.0,8.600723e+06,-3.0745003,8774.5,3808.9136,4956.2354,5.850004e+06,0.03468108,240069.14
Geo11,2022-09-12,550220.0,641132.0,468944.0,7.908379e+06,6.3396797,6393.2305,7112.8413,5165.4214,8.059884e+06,0.03468802,240069.14
Geo11,2022-09-19,422335.0,713478.0,726243.0,9.264192e+06,-2.251344,4907.2827,7915.462,7999.572,5.7654535e+06,0.03513696,240069.14
Geo11,2022-09-26,188557.0,629787.0,472847.0,7.102538e+06,-4.573764,2190.9207,6986.978,5208.413,4.5529955e+06,0.035244755,240069.14
Geo11,2022-10-03,577034.0,607923.0,496722.0,8.351476e+06,-6.1139016,6704.7935,6744.4146,5471.3965,4.720944e+06,0.034514714,240069.14
Geo11,2022-10-10,658225.0,1.249331e+06,600882.0,8.291986e+06,1.6905937,7648.1846,13860.318,6618.7197,6.8682665e+06,0.03475641,240069.14
Geo11,2022-10-17,649436.0,462152.0,306291.0,7.958515e+06,0.45527315,7546.0615,5127.203,3373.7976,7.974687e+06,0.03517237,240069.14
Geo11,2022-10-24,565818.0,525640.0,358212.0,7.52617e+06,-2.8990045,6574.47,5831.5513,3945.7078,5.8060315e+06,0.03500104,240069.14
Geo11,2022-10-31,664325.0,978713.0,802090.0,7.806494e+06,-0.73794734,7719.063,10858.03,8835.027,5.8989125e+06,0.035389416,240069.14
Geo11,2022-11-07,684294.0,852464.0,241973.0,8.012228e+06,-4.9040046,7951.091,9457.399,2665.3345,4.2933665e+06,0.03517713,240069.14
Geo11,2022-11-14,368712.0,793936.0,344794.0,7.947217e+06,-1.0658877,4284.215,8808.078,3797.9084,5.779558e+06,0.03494108,240069.14
Geo11,2022-11-21,619451.0,984159.0,463491.0,8.215474e+06,-8.185248,7197.654,10918.449,5105.357,4.0493215e+06,0.035352174,240069.14
Geo11,2022-11-28,602590.0,350273.0,576335.0,7.14656e+06,2.7371538,7001.739,3885.9958,6348.334,6.537526e+06,0.0347226,240069.14
Geo11,2022-12-05,387906.0,773049.0,443755.0,8.062136e+06,0.6468897,4507.238,8576.3545,4887.9644,7.052576e+06,0.03472828,240069.14
Geo11,2022-12-12,772647.0,722148.0,543330.0,9.861226e+06,-4.3330045,8977.7,8011.6484,5984.7837,4.749269e+06,0.035033867,240069.14
Geo11,2022-12-19,428671.0,701002.0,692996.0,7.077277e+06,-3.4818199,4980.9033,7777.051,7633.356,5.6190205e+06,0.03513889,240069.14
Geo11,2022-12-26,780085.0,620923.0,597861.0,7.487152e+06,-4.1778603,9064.126,6888.639,6585.4434,5.8844125e+06,0.03531204,240069.14
Geo11,2023-01-02,694178.0,765605.0,326200.0,8.053802e+06,2.766604,8065.937,8493.769,3593.0955,7.0652605e+06,0.034759577,240069.14
Geo11,2023-01-09,525276.0,750594.0,297405.0,7.345794e+06,-0.90570927,6103.396,8327.234,3275.9182,6.9555495e+06,0.034721956,240069.14
Geo11,2023-01-16,353250.0,824363.0,747653.0,7.446494e+06,-0.1154854,4104.5557,9145.642,8235.403,7.067803e+06,0.03541299,240069.14
Geo11,2023-01-23,213205.0,740340.0,409067.0,6.703618e+06,1.1541028,2477.316,8213.475,4505.876,6.973072e+06,0.03511621,240069.14
Geo11,2023-01-30,344155.0,251165.0,802299.0,7.876096e+06,-1.9724455,3998.8772,2786.4727,8837.329,4.6635275e+06,0.03490592,240069.14
Geo11,2023-02-06,404069.0,572402.0,748130.0,7.541199e+06,-5.867414,4695.0425,6350.338,8240.657,5.159013e+06,0.035337325,240069.14
Geo11,2023-02-13,462129.0,874523.0,465307.0,7.031448e+06,-1.4775404,5369.665,9702.126,5125.36,5.647622e+06,0.03458235,240069.14
Geo11,2023-02-20,545436.0,646176.0,363139.0,6.832446e+06,-2.7776732,6337.643,7168.801,3999.9788,5.218186e+06,0.03545575,240069.14
Geo11,2023-02-27,460572.0,734852.0,341102.0,7.3676e+06,-1.9946861,5351.5737,8152.5894,3757.241,5.0089795e+06,0.034893494,240069.14
Geo11,2023-03-06,752848.0,530123.0,719593.0,6.586245e+06,2.8461094,8747.647,5881.286,7926.3223,6.8344685e+06,0.035177875,240069.14
Geo11,2023-03-13,573203.0,638010.0,684452.0,7.52172e+06,2.916861,6660.2793,7078.2056,7539.2437,6.461954e+06,0.034610923,240069.14
Geo11,2023-03-20,684136.0,819413.0,253778.0,8.173402e+06,6.1762905,7949.255,9090.726,2795.3665,8.487053e+06,0.034891423,240069.14
Geo11,2023-03-27,743683.0,747857.0,453312.0,8.610142e+06,2.0835466,8641.156,8296.869,4993.235,6.6482695e+06,0.035245944,240069.14
Geo11,2023-04-03,939696.0,715811.0,325717.0,8.647527e+06,1.9338452,10918.711,7941.3447,3587.7751,7.208263e+06,0.03521062,240069.14
Geo11,2023-04-10,386865.0,1.004679e+06,492754.0,8.552976e+06,-4.6907024,4495.142,11146.102,5427.689,4.5083205e+06,0.035046168,240069.14
Geo11,2023-04-17,581955.0,739589.0,576213.0,8.121638e+06,5.9734206,6761.972,8205.143,6346.99,8.3799655e+06,0.0352378,240069.14
Geo11,2023-04-24,720204.0,516434.0,454789.0,7.659839e+06,1.1335698,8368.344,5729.418,5009.504,6.3677075e+06,0.034999564,240069.14
Geo11,2023-05-01,904915.0,820069.0,679877.0,8.899218e+06,-2.858014,10514.576,9098.003,7488.85,5.532793e+06,0.035018176,240069.14
Geo11,2023-05-08,505335.0,378495.0,409485.0,8.033234e+06,-5.200347,5871.6934,4199.096,4510.4805,5.2379605e+06,0.03478894,240069.14
Geo11,2023-05-15,632737.0,651627.0,414444.0,8.677171e+06,0.81035703,7352.0293,7229.275,4565.1035,6.5281595e+06,0.03489992,240069.14
Geo11,2023-05-22,385563.0,510651.0,464121.0,8.740352e+06,-1.685883,4480.0137,5665.2603,5112.2964,6.126363e+06,0.034925096,240069.14
Geo11,2023-05-29,2556.0,792459.0,420812.0,7.540287e+06,-4.371628,29.699205,8791.692,4635.247,5.6977635e+06,0.03479264,240069.14
Geo11,2023-06-05,173423.0,639274.0,865512.0,7.249388e+06,-0.3272673,2015.0725,7092.2285,9533.621,6.809597e+06,0.035043333,240069.14
Geo11,2023-06-12,543239.0,917698.0,432906.0,7.89357e+06,-2.6088376,6312.115,10181.118,4768.463,5.761976e+06,0.035084628,240069.14
Geo11,2023-06-19,557007.0,397057.0,629391.0,7.731192e+06,-1.9616308,6472.0913,4405.0264,6932.7466,6.183392e+06,0.03451873,240069.14
Geo11,2023-06-26,739644.0,498017.0,526507.0,7.146829e+06,1.185889,8594.226,5525.096,5799.4785,6.2227315e+06,0.03515263,240069.14
Geo11,2023-07-03,562242.0,774796.0,523774.0,7.189498e+06,-1.1717123,6532.919,8595.735,5769.3745,6.2665105e+06,0.034904487,240069.14
Geo11,2023-07-10,330471.0,627559.0,403282.0,7.269178e+06,8.783731,3839.8772,6962.2603,4442.1543,8.498084e+06,0.034527704,240069.14
Geo11,2023-07-17,517804.0,400768.0,250194.0,7.153188e+06,-4.362804,6016.5757,4446.1973,2755.8887,5.3209085e+06,0.034631025,240069.14
Geo11,2023-07-24,118591.0,592372.0,675794.0,7.046948e+06,-5.593339,1377.9572,6571.8887,7443.876,4.394149e+06,0.03509707,240069.14
Geo11,2023-07-31,400169.0,435305.0,535018.0,6.574947e+06,0.38047537,4649.7266,4829.3574,5893.227,6.715924e+06,0.034685582,240069.14
Geo11,2023-08-07,285833.0,706817.0,549868.0,7.626831e+06,-1.4566218,3321.2102,7841.5635,6056.8,5.6828455e+06,0.034579232,240069.14
Geo11,2023-08-14,515661.0,714936.0,430808.0,7.087449e+06,-2.1144447,5991.6753,7931.637,4745.353,5.611988e+06,0.034732446,240069.14
Geo11,2023-08-21,983434.0,919093.0,664046.0,6.789955e+06,-0.18645146,11426.921,10196.595,7314.4717,6.18319e+06,0.034894403,240069.14
Geo11,2023-08-28,423568.0,836758.0,457023.0,7.195375e+06,-0.9918399,4921.6094,9283.154,5034.112,5.934332e+06,0.03503221,240069.14
Geo11,2023-09-04,135262.0,889132.0,237516.0,6.799848e+06,-0.791325,1571.6643,9864.201,2616.2405,5.565312e+06,0.03531168,240069.14
Geo11,2023-09-11,767289.0,494521.0,435086.0,7.514317e+06,-1.5816182,8915.443,5486.311,4792.4756,5.5106315e+06,0.034900073,240069.14
Geo11,2023-09-18,643426.0,637609.0,148566.0,8.001058e+06,0.44150496,7476.229,7073.757,1636.4556,6.302043e+06,0.03540775,240069.14
Geo11,2023-09-25,703505.0,679797.0,141290.0,7.505304e+06,0.8501689,8174.3115,7541.7983,1556.3104,6.4928935e+06,0.035432972,240069.14
Geo11,2023-10-02,750049.0,760567.0,582012.0,6.854731e+06,-0.794458,8715.125,8437.876,6410.866,5.6092815e+06,0.03493463,240069.14
Geo11,2023-10-09,564982.0,928860.0,460180.0,7.741741e+06,-1.4901388,6564.7563,10304.951,5068.886,6.2691495e+06,0.03461565,240069.14
Geo11,2023-10-16,623788.0,774657.0,483421.0,8.703477e+06,2.2301006,7248.047,8594.193,5324.8857,7.0334465e+06,0.034582987,240069.14
Geo11,2023-10-23,472174.0,1.014519e+06,691308.0,8.014246e+06,1.6325457,5486.3823,11255.269,7614.7627,5.9409995e+06,0.03456332,240069.14
Geo11,2023-10-30,445839.0,863204.0,226497.0,7.84336e+06,-7.0255756,5180.3853,9576.551,2494.8662,5.4141295e+06,0.03491945,240069.14
Geo11,2023-11-06,724828.0,604783.0,562951.0,8.383564e+06,-2.606959,8422.072,6709.5786,6200.909,5.729199e+06,0.035220344,240069.14
Geo11,2023-11-13,453238.0,542699.0,884539.0,7.78037e+06,-7.642914,5266.357,6020.807,9743.203,3.9695142e+06,0.034821276,240069.14
Geo11,2023-11-20,625472.0,364311.0,575932.0,8.719465e+06,-0.696888,7267.6143,4041.736,6343.895,6.558516e+06,0.035157382,240069.14
Geo11,2023-11-27,675418.0,1.121322e+06,616661.0,7.5577e+06,4.869681,7847.957,12440.161,6792.5254,8.00741e+06,0.034907352,240069.14
Geo11,2023-12-04,648849.0,378031.0,469199.0,8.556734e+06,4.444513,7539.241,4193.9487,5168.2305,8.786595e+06,0.035133068,240069.14
Geo11,2023-12-11,495750.0,567220.0,558594.0,8.673974e+06,-2.4212315,5760.3213,6292.8477,6152.917,5.1255585e+06,0.035179425,240069.14
Geo11,2023-12-18,606645.0,852602.0,536216.0,7.577242e+06,3.0404735,7048.8555,9458.931,5906.4233,7.806576e+06,0.03532176,240069.14
Geo11,2023-12-25,494924.0,799400.0,519405.0,8.109818e+06,2.2582145,5750.7236,8868.697,5721.25,6.4806825e+06,0.03485013,240069.14
Geo11,2024-01-01,401365.0,805314.0,676515.0,8.555207e+06,-3.0419817,4663.6235,8934.309,7451.818,5.406163e+06,0.03467391,240069.14
Geo11,2024-01-08,471790.0,565992.0,360011.0,8.847449e+06,-3.0166926,5481.9204,6279.224,3965.5237,5.1449485e+06,0.03508654,240069.14
Geo11,2024-01-15,458357.0,746029.0,288431.0,8.110246e+06,3.3284268,5325.837,8276.589,3177.0696,8.1048465e+06,0.034878645,240069.14
Geo12,2021-01-25,855799.0,694513.0,653047.0,6.524247e+06,2.308714,9943.878,7705.0605,7193.3174,6.8492995e+06,0.0348714,310435.72
Geo12,2021-02-01,521940.0,915211.0,1.019248e+06,7.476182e+06,-0.6232828,6064.634,10153.526,11227.024,4.89564e+06,0.03480192,310435.72
Geo12,2021-02-08,452299.0,1.50167e+06,794251.0,7.532977e+06,-2.6565893,5255.4463,16659.814,8748.681,5.389123e+06,0.03501864,310435.72
Geo12,2021-02-15,505534.0,758121.0,1.0436e+06,7.460584e+06,3.8094645,5874.006,8410.74,11495.262,8.1446565e+06,0.035478357,310435.72
Geo12,2021-02-22,655098.0,608416.0,1.05323e+06,8.609751e+06,-1.4149742,7611.8506,6749.884,11601.336,6.492175e+06,0.035181828,310435.72
Geo12,2021-03-01,421954.0,686502.0,703686.0,9.495677e+06,0.81491804,4902.8555,7616.185,7751.1064,6.766471e+06,0.035293773,310435.72
Geo12,2021-03-08,515483.0,783990.0,649880.0,9.5508e+06,-4.4221005,5989.607,8697.735,7158.433,5.0476785e+06,0.035139468,310435.72
Geo12,2021-03-15,530554.0,1.282354e+06,701499.0,9.891844e+06,-0.34807786,6164.723,14226.682,7727.0166,7.266566e+06,0.035204623,310435.72
Geo12,2021-03-22,926355.0,1.146306e+06,325495.0,1.0946935e+07,-0.44298244,10763.696,12717.339,3585.3298,6.5658215e+06,0.03486104,310435.72
Geo12,2021-03-29,848619.0,894745.0,455768.0,9.433529e+06,-5.6885214,9860.45,9926.473,5020.2876,5.4814425e+06,0.034502625,310435.72
Geo12,2021-04-05,879010.0,871354.0,984204.0,1.0618371e+07,2.3188071,10213.575,9666.969,10841.015,8.981664e+06,0.03540794,310435.72
Geo12,2021-04-12,825553.0,1.011726e+06,807981.0,1.061683e+07,1.5937018,9592.437,11224.282,8899.917,9.126564e+06,0.035091907,310435.72
Geo12,2021-04-19,1.101936e+06,1.016179e+06,650951.0,1.1396765e+07,1.3685408,12803.844,11273.685,7170.23,8.3143405e+06,0.034847863,310435.72
Geo12,2021-04-26,740542.0,756590.0,142319.0,1.0667348e+07,0.59467995,8604.659,8393.755,1567.6448,8.974132e+06,0.03456921,310435.72
Geo12,2021-05-03,546431.0,1.230997e+06,474738.0,1.1736586e+07,-1.6161652,6349.2046,13656.917,5229.2427,8.0569465e+06,0.035262555,310435.72
Geo12,2021-05-10,258105.0,1.114418e+06,890906.0,1.1561546e+07,-1.4041584,2999.027,12363.567,9813.336,8.589133e+06,0.03497321,310435.72
Geo12,2021-05-17,482978.0,1.004046e+06,198378.0,9.499408e+06,-3.3911154,5611.9185,11139.079,2185.135,6.517179e+06,0.035489812,310435.72
Geo12,2021-05-24,726969.0,682938.0,788460.0,1.0287797e+07,2.6256425,8446.949,7576.6455,8684.893,7.569664e+06,0.03450428,310435.72
Geo12,2021-05-31,663343.0,796072.0,769215.0,1.0356276e+07,-0.010329868,7707.653,8831.775,8472.909,8.68082e+06,0.034721363,310435.72
Geo12,2021-06-07,673518.0,875695.0,514984.0,1.0123532e+07,-4.134065,7825.8804,9715.129,5672.5527,7.381904e+06,0.035180002,310435.72
Geo12,2021-06-14,290807.0,1.188628e+06,486209.0,1.0617931e+07,-3.2834477,3379.0051,13186.867,5355.5957,7.263673e+06,0.035232384,310435.72
Geo12,2021-06-21,630901.0,1.230218e+06,661373.0,1.0111993e+07,2.273797,7330.696,13648.274,7285.0283,8.132397e+06,0.03519933,310435.72
Geo12,2021-06-28,1.094743e+06,702453.0,560681.0,1.0137925e+07,-2.9847891,12720.266,7793.1484,6175.9053,8.3223915e+06,0.03502488,310435.72
Geo12,2021-07-05,307104.0,1.050005e+06,747517.0,1.0725814e+07,-1.7164474,3568.3667,11648.957,8233.905,8.125379e+06,0.034612563,310435.72
Geo12,2021-07-12,750884.0,776307.0,691884.0,1.1101859e+07,-3.7645702,8724.827,8612.499,7621.1074,7.178195e+06,0.034727048,310435.72
Geo12,2021-07-19,868810.0,649636.0,668648.0,9.354661e+06,3.0269146,10095.058,7207.1865,7365.1626,9.662028e+06,0.03521268,310435.72
Geo12,2021-07-26,978179.0,542644.0,818604.0,1.1511659e+07,4.053687,11365.86,6020.197,9016.929,9.623844e+06,0.03459392,310435.72
Geo12,2021-08-02,666972.0,601334.0,825686.0,1.1530589e+07,-3.4904118,7749.82,6671.315,9094.9375,6.6843995e+06,0.035293162,310435.72
Geo12,2021-08-09,156606.0,1.15259e+06,650450.0,9.691131e+06,3.984435,1819.669,12787.055,7164.7114,8.891825e+06,0.03469588,310435.72
Geo12,2021-08-16,472635.0,1.124194e+06,194714.0,1.1249742e+07,1.2483304,5491.739,12472.024,2144.7761,8.3537195e+06,0.03468635,310435.72
Geo12,2021-08-23,689606.0,727031.0,872196.0,1.1779693e+07,-1.251411,8012.8135,8065.822,9607.245,8.1853925e+06,0.035334714,310435.72
Geo12,2021-08-30,889408.0,1.151781e+06,922916.0,1.188262e+07,3.0981798,10334.395,12778.08,10165.927,9.331386e+06,0.03469471,310435.72
Geo12,2021-09-06,1.134904e+06,951103.0,717947.0,1.0921445e+07,0.41176122,13186.912,10551.72,7908.1914,8.558684e+06,0.03509473,310435.72
Geo12,2021-09-13,346300.0,1.204301e+06,350727.0,1.0592694e+07,-2.3393314,4023.8008,13360.746,3863.2605,8.0317575e+06,0.034795813,310435.72
Geo12,2021-09-20,901735.0,1.135785e+06,628266.0,8.888186e+06,0.36284238,10477.627,12600.617,6920.3545,7.6440105e+06,0.03452797,310435.72
Geo12,2021-09-27,487806.0,642193.0,1.014051e+06,9.8895e+06,-5.705763,5668.0166,7124.6123,11169.779,4.704672e+06,0.034914576,310435.72
Geo12,2021-10-04,485523.0,737346.0,610688.0,9.98548e+06,-6.7976017,5641.4897,8180.2583,6726.733,5.0642045e+06,0.035037152,310435.72
Geo12,2021-10-11,610914.0,1.069311e+06,901843.0,1.1684211e+07,-2.0736055,7098.459,11863.142,9933.808,7.360394e+06,0.035096426,310435.72
Geo12,2021-10-18,813450.0,1.019773e+06,982493.0,1.0439206e+07,-3.4415536,9451.808,11313.558,10822.168,6.772888e+06,0.034549594,310435.72
Geo12,2021-10-25,465782.0,1.104017e+06,519406.0,1.0362759e+07,-1.696548,5412.111,12248.177,5721.2607,8.965526e+06,0.034687378,310435.72
Geo12,2021-11-01,1.095816e+06,655794.0,431563.0,1.0460724e+07,0.73298824,12732.732,7275.5044,4753.6694,7.86369e+06,0.034761723,310435.72
Geo12,2021-11-08,757497.0,324375.0,541024.0,9.50024e+06,-2.192118,8801.666,3598.6785,5959.3833,6.8209665e+06,0.0345847,310435.72
Geo12,2021-11-15,519264.0,942800.0,867626.0,1.0363994e+07,3.0591798,6033.54,10459.6045,9556.906,9.914577e+06,0.03463594,310435.72
Geo12,2021-11-22,375553.0,851229.0,720881.0,1.0049764e+07,-2.7201533,4363.7036,9443.698,7940.5093,6.717437e+06,0.035345517,310435.72
Geo12,2021-11-29,723226.0,1.07815e+06,525908.0,1.0260375e+07,0.11381842,8403.458,11961.203,5792.8804,8.783356e+06,0.035174936,310435.72
Geo12,2021-12-06,1.02785e+06,937901.0,770943.0,1.0917725e+07,6.401317,11943.008,10405.254,8491.942,9.395123e+06,0.0346359,310435.72
Geo12,2021-12-13,566350.0,306311.0,690881.0,9.772658e+06,-0.11301151,6580.6514,3398.273,7610.059,8.694742e+06,0.035476286,310435.72
Geo12,2021-12-20,888908.0,891648.0,742757.0,1.1146665e+07,-4.372232,10328.584,9892.114,8181.4736,6.3352805e+06,0.034617152,310435.72
Geo12,2021-12-27,855675.0,544483.0,768064.0,1.1889522e+07,4.8959475,9942.437,6040.599,8460.23,9.601058e+06,0.0351518,310435.72
Geo12,2022-01-03,725296.0,854392.0,979005.0,1.0784977e+07,-1.7721269,8427.51,9478.789,10783.747,6.842013e+06,0.03501813,310435.72
Geo12,2022-01-10,978752.0,742296.0,665012.0,1.0249634e+07,2.5352736,11372.519,8235.175,7325.112,8.77007e+06,0.035137523,310435.72
Geo12,2022-01-17,752931.0,1.523598e+06,775298.0,1.1477969e+07,5.98851,8748.612,16903.088,8539.913,1.0101106e+07,0.034758672,310435.72
Geo12,2022-01-24,538306.0,941448.0,780741.0,1.1146818e+07,2.1382022,6254.797,10444.6045,8599.868,9.176606e+06,0.035427213,310435.72
Geo12,2022-01-31,814567.0,1.248648e+06,862181.0,1.2328299e+07,-0.6420793,9464.786,13852.74,9496.93,7.178484e+06,0.035059176,310435.72
Geo12,2022-02-07,795294.0,969102.0,283868.0,1.0788671e+07,-3.6356106,9240.845,10751.403,3126.808,6.426884e+06,0.03533457,310435.72
Geo12,2022-02-14,466646.0,810708.0,803606.0,1.0328124e+07,-2.6437826,5422.15,8994.15,8851.726,8.1013475e+06,0.034862332,310435.72
Geo12,2022-02-21,488950.0,593265.0,678890.0,1.1096484e+07,0.94534326,5681.3096,6581.796,7477.9785,8.892407e+06,0.034818258,310435.72
Geo12,2022-02-28,693844.0,614315.0,736197.0,8.61661e+06,1.9149351,8062.056,6815.3286,8109.2153,8.771832e+06,0.035493944,310435.72
Geo12,2022-03-07,794039.0,667800.0,751218.0,1.0907444e+07,3.6555297,9226.263,7408.7017,8274.672,9.77446e+06,0.035435747,310435.72
Geo12,2022-03-14,629285.0,597268.0,322206.0,9.405149e+06,-1.0866812,7311.919,6626.206,3549.1013,6.0879385e+06,0.03452758,310435.72
Geo12,2022-03-21,126265.0,702443.0,671980.0,1.0506976e+07,-2.8977938,1467.1245,7793.0376,7401.8647,7.0257605e+06,0.03471182,310435.72
Geo12,2022-03-28,696591.0,859940.0,328655.0,9.685858e+06,-1.6924334,8093.9746,9540.34,3620.1372,6.974438e+06,0.034757014,310435.72
Geo12,2022-04-04,333071.0,725571.0,528660.0,1.0590527e+07,-0.038703036,3870.0876,8049.624,5823.194,7.0929425e+06,0.03451229,310435.72
Geo12,2022-04-11,530349.0,763281.0,981856.0,9.577215e+06,-4.73353,6162.3413,8467.986,10815.151,4.650709e+06,0.03539424,310435.72
Geo12,2022-04-18,764834.0,1.060159e+06,544812.0,9.704045e+06,1.2154899,8886.918,11761.607,6001.108,7.6110105e+06,0.03507497,310435.72
Geo12,2022-04-25,996962.0,844492.0,704569.0,1.0215526e+07,3.0449643,11584.108,9368.956,7760.8325,8.976668e+06,0.035233863,310435.72
Geo12,2022-05-02,785605.0,1.188062e+06,707079.0,1.0202487e+07,5.9804726,9128.265,13180.588,7788.4805,1.1089906e+07,0.035208054,310435.72
Geo12,2022-05-09,710046.0,678470.0,748403.0,9.77269e+06,-3.1856208,8250.313,7527.0767,8243.664,7.7005855e+06,0.03538718,310435.72
Geo12,2022-05-16,958896.0,1.008843e+06,900487.0,1.0236314e+07,2.863689,11141.804,11192.298,9918.871,7.7575505e+06,0.03502427,310435.72
Geo12,2022-05-23,736076.0,848963.0,458090.0,1.0484833e+07,-1.7925112,8552.768,9418.559,5045.8647,6.0298955e+06,0.034852363,310435.72
Geo12,2022-05-30,819329.0,882492.0,1.024716e+06,1.1667828e+07,1.0001446,9520.118,9790.536,11287.254,8.997323e+06,0.035356753,310435.72
Geo12,2022-06-06,844407.0,949216.0,739955.0,1.0080338e+07,-2.6187632,9811.509,10530.784,8150.61,7.389477e+06,0.03532518,310435.72
Geo12,2022-06-13,829324.0,876938.0,759874.0,1.1792507e+07,1.0015451,9636.254,9728.919,8370.018,7.91932e+06,0.034526177,310435.72
Geo12,2022-06-20,661508.0,406191.0,354746.0,1.0769009e+07,-4.9703803,7686.331,4506.361,3907.5298,6.385386e+06,0.035119403,310435.72
Geo12,2022-06-27,817348.0,1.166608e+06,706361.0,1.0900024e+07,5.0689645,9497.1,12942.573,7780.572,1.0256391e+07,0.03496035,310435.72
Geo12,2022-07-04,857700.0,384540.0,849802.0,1.0269423e+07,-2.5660276,9965.966,4266.1606,9360.575,6.8519415e+06,0.034778904,310435.72
Geo12,2022-07-11,612019.0,832712.0,512617.0,1.0045731e+07,-0.45159066,7111.2983,9238.267,5646.48,7.534731e+06,0.034549713,310435.72
Geo12,2022-07-18,708096.0,785365.0,919976.0,1.1272766e+07,-0.4552314,8227.656,8712.99,10133.542,7.927804e+06,0.03502619,310435.72
Geo12,2022-07-25,563694.0,1.234924e+06,457106.0,1.0415974e+07,-2.2795126,6549.7905,13700.484,5035.026,6.996187e+06,0.034912296,310435.72
Geo12,2022-08-01,876496.0,914146.0,629630.0,1.0248294e+07,-2.6062546,10184.364,10141.711,6935.379,7.3865745e+06,0.035276867,310435.72
Geo12,2022-08-08,1.020156e+06,1.601097e+06,952472.0,1.1863977e+07,2.211854,11853.608,17762.877,10491.486,8.774315e+06,0.035278082,310435.72
Geo12,2022-08-15,337664.0,1.248544e+06,680051.0,1.1508146e+07,-0.41593707,3923.4556,13851.587,7490.7666,7.66739e+06,0.03457101,310435.72
Geo12,2022-08-22,965140.0,1.10442e+06,565430.0,1.0304117e+07,-4.819995,11214.355,12252.647,6228.2153,5.6356165e+06,0.03457626,310435.72
Geo12,2022-08-29,836868.0,949484.0,641369.0,1.0493043e+07,0.7103494,9723.91,10533.758,7064.684,8.691099e+06,0.03513276,310435.72
Geo12,2022-09-05,909037.0,641750.0,517184.0,1.1530643e+07,1.9141474,10562.472,7119.6978,5696.7856,9.115221e+06,0.03531567,310435.72
Geo12,2022-09-12,656753.0,710683.0,315007.0,1.107458e+07,-2.269555,7631.081,7884.4536,3469.8044,6.616696e+06,0.035458084,310435.72
Geo12,2022-09-19,780088.0,1.136628e+06,538015.0,1.2305252e+07,-0.6891101,9064.16,12609.97,5926.2393,7.7382495e+06,0.03522003,310435.72
Geo12,2022-09-26,141126.0,951343.0,604896.0,9.925081e+06,-3.202582,1639.8005,10554.382,6662.934,6.0897745e+06,0.034839,310435.72
Geo12,2022-10-03,691801.0,731002.0,1.113351e+06,1.1359867e+07,2.2458053,8038.318,8109.8765,12263.569,9.123331e+06,0.034731083,310435.72
Geo12,2022-10-10,983365.0,1.152898e+06,1.017678e+06,1.0734041e+07,4.0674543,11426.119,12790.472,11209.73,9.845932e+06,0.0346262,310435.72
Geo12,2022-10-17,1.026472e+06,710958.0,799955.0,1.0946735e+07,0.73076224,11926.997,7887.5044,8811.51,1.012383e+07,0.034849774,310435.72
Geo12,2022-10-24,736482.0,897602.0,692237.0,1.0224571e+07,2.5343368,8557.484,9958.169,7624.9956,9.670263e+06,0.03514607,310435.72
Geo12,2022-10-31,740121.0,1.354796e+06,879065.0,1.0244284e+07,6.803914,8599.768,15030.367,9682.907,1.0298193e+07,0.034564734,310435.72
Geo12,2022-11-07,896893.0,325264.0,159270.0,1.0593196e+07,-5.5480494,10421.365,3608.5413,1754.3602,4.7794385e+06,0.034600638,310435.72
Geo12,2022-11-14,704926.0,1.072102e+06,693071.0,1.1007038e+07,2.3343277,8190.8228,11894.105,7634.182,8.3570475e+06,0.035060313,310435.72
Geo12,2022-11-21,1.005232e+06,954439.0,592652.0,1.1903875e+07,-5.906532,11680.2,10588.7295,6528.066,5.9670095e+06,0.034841094,310435.72
Geo12,2022-11-28,778895.0,503278.0,651649.0,9.870737e+06,3.494296,9050.299,5583.463,7177.9185,8.2982965e+06,0.034927357,310435.72
Geo12,2022-12-05,476382.0,900388.0,437014.0,1.0858277e+07,-2.05995,5535.277,9989.077,4813.7124,7.8022555e+06,0.03508571,310435.72
Geo12,2022-12-12,714936.0,1.266724e+06,497448.0,1.3048693e+07,3.1746917,8307.133,14053.279,5479.3936,8.456262e+06,0.03460024,310435.72
Geo12,2022-12-19,681824.0,795108.0,1.078642e+06,9.753226e+06,5.5520988,7922.391,8821.081,11881.249,1.0371953e+07,0.03505085,310435.72
Geo12,2022-12-26,974507.0,632494.0,790726.0,1.0216516e+07,-1.4605085,11323.194,7017.01,8709.853,8.56863e+06,0.035192445,310435.72
Geo12,2023-01-02,666207.0,765144.0,612669.0,1.0485785e+07,1.8291852,7740.9307,8488.654,6748.5537,8.3661785e+06,0.035296656,310435.72
Geo12,2023-01-09,1.0777e+06,845549.0,582518.0,1.0121993e+07,-4.2453623,12522.235,9380.683,6416.44,7.503773e+06,0.03520941,310435.72
Geo12,2023-01-16,561177.0,749145.0,663112.0,1.051057e+07,-1.42906,6520.5444,8311.158,7304.1836,8.426796e+06,0.03546159,310435.72
Geo12,2023-01-23,408472.0,946495.0,611454.0,9.394362e+06,5.873004,4746.2026,10500.598,6735.1704,1.0355258e+07,0.034687877,310435.72
Geo12,2023-01-30,439867.0,505873.0,680190.0,1.0611973e+07,-0.9033621,5110.994,5612.2524,7492.298,6.2634015e+06,0.034825798,310435.72
Geo12,2023-02-06,362969.0,850233.0,557404.0,1.0621371e+07,-0.6557534,4217.485,9432.648,6139.809,8.4462e+06,0.03459462,310435.72
Geo12,2023-02-13,882052.0,1.017358e+06,807462.0,1.0067665e+07,-1.5120074,10248.922,11286.765,8894.2,7.085363e+06,0.035134267,310435.72
Geo12,2023-02-20,995587.0,950967.0,490033.0,1.0142091e+07,-0.43915182,11568.131,10550.211,5397.7173,7.02254e+06,0.03520174,310435.72
Geo12,2023-02-27,659804.0,1.12759e+06,587814.0,1.0408068e+07,-0.3330328,7666.5317,12509.7,6474.7754,6.663472e+06,0.034582175,310435.72
Geo12,2023-03-06,1.017883e+06,765054.0,831828.0,9.735694e+06,-3.0555463,11827.197,8487.656,9162.592,6.4761175e+06,0.035042513,310435.72
Geo12,2023-03-13,608943.0,743005.0,475542.0,1.0543259e+07,1.8610215,7075.557,8243.04,5238.0986,7.411821e+06,0.034937475,310435.72
Geo12,2023-03-20,746964.0,1.112805e+06,339769.0,1.1109206e+07,1.9032683,8679.279,12345.673,3742.558,9.060809e+06,0.035135057,310435.72
Geo12,2023-03-27,876575.0,896737.0,635239.0,1.1959892e+07,0.31792036,10185.282,9948.572,6997.162,7.532587e+06,0.035408016,310435.72
Geo12,2023-04-03,751423.0,1.16303e+06,480182.0,1.1195722e+07,0.28824475,8731.09,12902.878,5289.208,8.463988e+06,0.034760077,310435.72
Geo12,2023-04-10,518332.0,752735.0,826149.0,1.1301478e+07,-7.800659,6022.711,8350.986,9100.037,4.285607e+06,0.03460129,310435.72
Geo12,2023-04-17,948081.0,738063.0,648372.0,1.0863895e+07,0.4517227,11016.14,8188.213,7141.8223,8.375389e+06,0.03529177,310435.72
Geo12,2023-04-24,878795.0,894791.0,668023.0,1.0231499e+07,-0.47259867,10211.077,9926.983,7358.2783,7.6362705e+06,0.035435285,310435.72
Geo12,2023-05-01,1.056386e+06,1.158644e+06,1.031872e+06,1.1686019e+07,-0.304869,12274.58,12854.219,11366.077,7.8993445e+06,0.034554545,310435.72
Geo12,2023-05-08,581770.0,628152.0,700254.0,1.0910291e+07,-0.8846724,6759.8228,6968.839,7713.3027,8.425046e+06,0.03497001,310435.72
Geo12,2023-05-15,834016.0,1.205858e+06,623651.0,1.13674e+07,0.30382758,9690.771,13378.0205,6869.5205,7.9549755e+06,0.03474325,310435.72
Geo12,2023-05-22,419206.0,415015.0,768904.0,1.1835511e+07,-2.4875834,4870.9253,4604.2563,8469.483,7.177695e+06,0.034579817,310435.72
Geo12,2023-05-29,172608.0,826623.0,661489.0,1.0048173e+07,-1.0352551,2005.6027,9170.714,7286.306,8.088341e+06,0.03485071,310435.72
Geo12,2023-06-05,640732.0,1.037807e+06,551447.0,1.0397171e+07,1.6139556,7444.9263,11513.63,6074.193,8.920006e+06,0.03488198,310435.72
Geo12,2023-06-12,597326.0,1.135425e+06,897647.0,1.1072692e+07,-1.964139,6940.574,12596.623,9887.588,7.525609e+06,0.035249006,310435.72
Geo12,2023-06-19,613851.0,794053.0,623251.0,1.0358395e+07,-3.1442184,7132.585,8809.377,6865.1143,6.8773815e+06,0.034702346,310435.72
Geo12,2023-06-26,524181.0,734329.0,549860.0,9.640341e+06,2.7859674,6090.673,8146.787,6056.712,8.13328e+06,0.034961965,310435.72
Geo12,2023-07-03,266092.0,798794.0,965838.0,9.156552e+06,-1.7149734,3091.8315,8861.974,10638.713,7.4019145e+06,0.0349001,310435.72
Geo12,2023-07-10,610629.0,894148.0,787107.0,9.491446e+06,5.2087016,7095.1475,9919.85,8669.989,9.377611e+06,0.034656692,310435.72
Geo12,2023-07-17,1.00808e+06,681819.0,1.057255e+06,9.948257e+06,-0.48531765,11713.293,7564.231,11645.672,8.1413655e+06,0.035401646,310435.72
Geo12,2023-07-24,129411.0,564022.0,451725.0,9.449977e+06,-2.4940376,1503.6792,6257.368,4975.7544,7.115853e+06,0.035251766,310435.72
Geo12,2023-07-31,538798.0,724582.0,882951.0,9.00235e+06,-1.0334367,6260.5137,8038.652,9725.712,7.8860715e+06,0.03464923,310435.72
Geo12,2023-08-07,332167.0,844495.0,813792.0,1.040837e+07,-0.7226546,3859.5837,9368.989,8963.925,7.214795e+06,0.03537298,310435.72
Geo12,2023-08-14,682012.0,844763.0,990492.0,9.282927e+06,0.5165907,7924.5757,9371.963,10910.276,7.3206395e+06,0.034701385,310435.72
Geo12,2023-08-21,1.07522e+06,801474.0,707359.0,8.694467e+06,-2.240425,12493.42,8891.706,7791.5645,6.978983e+06,0.034515407,310435.72
Geo12,2023-08-28,647581.0,896993.0,726505.0,9.641458e+06,3.9894261,7524.508,9951.413,8002.458,9.129819e+06,0.035269894,310435.72
Geo12,2023-09-04,566818.0,947596.0,444707.0,9.675528e+06,0.49831825,6586.0894,10512.812,4898.4507,7.3918235e+06,0.035409253,310435.72
Geo12,2023-09-11,692742.0,943902.0,518570.0,1.0512396e+07,-5.3699093,8049.252,10471.83,5712.0522,5.130064e+06,0.034599613,310435.72
Geo12,2023-09-18,596707.0,741136.0,431981.0,1.0504724e+07,-3.290134,6933.382,8222.305,4758.274,6.5868935e+06,0.034686394,310435.72
Geo12,2023-09-25,1.102808e+06,1.161151e+06,488757.0,9.921814e+06,1.3787689,12813.976,12882.032,5383.662,7.9643405e+06,0.0354686,310435.72
Geo12,2023-10-02,758723.0,886757.0,882938.0,9.515216e+06,-2.9427462,8815.912,9837.853,9725.568,6.0047025e+06,0.03525179,310435.72
Geo12,2023-10-09,747530.0,1.259274e+06,873815.0,9.963773e+06,1.81266,8685.855,13970.628,9625.078,9.053076e+06,0.035064254,310435.72
Geo12,2023-10-16,362577.0,1.157633e+06,765190.0,1.1421187e+07,3.5364637,4212.93,12843.003,8428.573,9.529788e+06,0.03517141,310435.72
Geo12,2023-10-23,541823.0,1.349695e+06,964654.0,1.017462e+07,-4.80099,6295.662,14973.775,10625.671,5.041865e+06,0.034693487,310435.72
Geo12,2023-10-30,558762.0,1.079011e+06,396373.0,1.0172002e+07,3.3811255,6492.4834,11970.755,4366.0513,1.083847e+07,0.034979284,310435.72
Geo12,2023-11-06,821494.0,832972.0,421813.0,1.0851196e+07,1.193852,9545.273,9241.151,4646.2734,8.642813e+06,0.035354994,310435.72
Geo12,2023-11-13,609938.0,653985.0,1.029619e+06,1.0220923e+07,-0.15259685,7087.118,7255.435,11341.261,7.906971e+06,0.03518591,310435.72
Geo12,2023-11-20,1.186302e+06,584264.0,623900.0,1.1870119e+07,1.5308022,13784.127,6481.937,6872.263,9.027067e+06,0.035460997,310435.72
Geo12,2023-11-27,1.036686e+06,1.002805e+06,864738.0,1.0160382e+07,0.4016226,12045.678,11125.312,9525.096,8.3645125e+06,0.03514365,310435.72
Geo12,2023-12-04,602722.0,677352.0,506144.0,1.1789099e+07,-4.4605365,7003.2725,7514.6733,5575.1797,7.084062e+06,0.03508688,310435.72
Geo12,2023-12-11,542851.0,946605.0,819129.0,1.1532512e+07,-4.476141,6307.607,10501.817,9022.712,5.548656e+06,0.03505367,310435.72
Geo12,2023-12-18,722353.0,541705.0,571031.0,9.933565e+06,-1.1593647,8393.314,6009.7793,6289.9106,8.053596e+06,0.034579385,310435.72
Geo12,2023-12-25,634460.0,990269.0,633882.0,1.1268143e+07,-5.2332983,7372.0493,10986.234,6982.215,5.204797e+06,0.035494395,310435.72
Geo12,2024-01-01,508522.0,694974.0,1.02938e+06,1.1511255e+07,1.4335065,5908.7246,7710.175,11338.628,8.774372e+06,0.035261422,310435.72
Geo12,2024-01-08,431965.0,733243.0,357909.0,1.1781873e+07,-0.87789345,5019.1772,8134.739,3942.37,6.8009155e+06,0.034945525,310435.72
Geo12,2024-01-15,445678.0,638781.0,287885.0,1.0561321e+07,-3.5909185,5178.514,7086.7593,3171.0554,7.370539e+06,0.03536145,310435.72
Geo13,2021-01-25,1.860588e+06,1.630955e+06,1.998198e+06,1.3814282e+07,-1.8862143,21618.93,18094.129,22010.166,1.1029569e+07,0.035269413,642480.2
Geo13,2021-02-01,1.723626e+06,1.530206e+06,1.460646e+06,1.5732293e+07,-3.3375106,20027.514,16976.398,16089.026,7.6301515e+06,0.034664195,642480.2
Geo13,2021-02-08,1.08475e+06,1.979168e+06,1.628043e+06,1.6048616e+07,2.0509734,12604.152,21957.27,17932.906,1.4401408e+07,0.03479836,642480.2
Geo13,2021-02-15,1.179604e+06,1.732155e+06,1.981525e+06,1.5939851e+07,-1.7604442,13706.3,19216.86,21826.512,1.188007e+07,0.03528745,642480.2
Geo13,2021-02-22,1.917575e+06,1.860276e+06,1.142831e+06,1.747767e+07,-1.4153233,22281.086,20638.26,12588.292,1.351433e+07,0.035023086,642480.2
Geo13,2021-03-01,1.09631e+06,1.178909e+06,1.204158e+06,1.9188066e+07,1.8696768,12738.473,13079.043,13263.81,1.4674351e+07,0.034655116,642480.2
Geo13,2021-03-08,2.143916e+06,1.357082e+06,2.304752e+06,2.042259e+07,-1.9068165,24911.033,15055.729,25386.86,1.2045671e+07,0.03548131,642480.2
Geo13,2021-03-15,1.398474e+06,1.410907e+06,1.229662e+06,1.9918952e+07,3.185557,16249.439,15652.873,13544.736,1.7258532e+07,0.03486679,642480.2
Geo13,2021-03-22,2.004757e+06,3.038634e+06,1.125155e+06,2.211377e+07,1.3194113,23294.09,33711.188,12393.591,1.4195135e+07,0.034955125,642480.2
Geo13,2021-03-29,2.130274e+06,1.422134e+06,1.240694e+06,1.855013e+07,-3.4866962,24752.521,15777.428,13666.254,1.3751832e+07,0.034619533,642480.2
Geo13,2021-04-05,1.332319e+06,1.457438e+06,1.298368e+06,2.1068528e+07,-6.694659,15480.758,16169.097,14301.533,1.0720546e+07,0.035044257,642480.2
Geo13,2021-04-12,962945.0,1.441127e+06,1.279111e+06,2.1463536e+07,0.8814838,11188.851,15988.14,14089.417,1.7655438e+07,0.034613498,642480.2
Geo13,2021-04-19,2.296818e+06,2.190708e+06,1.72218e+06,2.161332e+07,3.2136436,26687.664,24304.135,18969.826,1.7681654e+07,0.03521944,642480.2
Geo13,2021-04-26,1.308343e+06,1.535505e+06,817833.0,2.1448536e+07,0.6459397,15202.171,17035.188,9008.437,1.7546274e+07,0.034645636,642480.2
Geo13,2021-05-03,896599.0,2.090471e+06,1.479096e+06,2.2730926e+07,3.6124315,10417.949,23192.086,16292.253,2.0119668e+07,0.034705102,642480.2
Geo13,2021-05-10,941020.0,1.982999e+06,2.178026e+06,2.1310048e+07,-3.0396671,10934.095,21999.771,23990.973,1.6689765e+07,0.034578495,642480.2
Geo13,2021-05-17,1.063913e+06,2.158151e+06,514628.0,1.8420676e+07,0.7965156,12362.039,23942.941,5668.6313,1.6519512e+07,0.035345726,642480.2
Geo13,2021-05-24,1.469296e+06,1.134137e+06,1.583169e+06,1.8948764e+07,2.2405667,17072.35,12582.334,17438.617,1.4691902e+07,0.03517231,642480.2
Geo13,2021-05-31,1.352215e+06,755026.0,1.557948e+06,1.9575308e+07,-5.1081767,15711.9375,8376.403,17160.809,1.2804009e+07,0.034506682,642480.2
Geo13,2021-06-07,1.776479e+06,2.114729e+06,1.2613e+06,1.955487e+07,2.574357,20641.633,23461.209,13893.229,1.9277008e+07,0.034771387,642480.2
Geo13,2021-06-14,733096.0,2.369788e+06,1.391726e+06,2.0768184e+07,0.1714873,8518.142,26290.883,15329.872,1.7459168e+07,0.035071094,642480.2
Geo13,2021-06-21,1.111821e+06,2.385425e+06,1.296198e+06,1.915943e+07,1.9143133,12918.701,26464.363,14277.631,1.5970085e+07,0.034966987,642480.2
Geo13,2021-06-28,1.690456e+06,2.043964e+06,1.803226e+06,1.910113e+07,-2.3309407,19642.098,22676.129,19862.547,1.6375833e+07,0.034890052,642480.2
Geo13,2021-07-05,1.218953e+06,2.105979e+06,1.829155e+06,2.0778016e+07,5.042263,14163.512,23364.135,20148.156,2.1323482e+07,0.035192378,642480.2
Geo13,2021-07-12,1.740958e+06,1.850461e+06,1.544117e+06,2.0952454e+07,-0.6468855,20228.9,20529.37,17008.46,1.6371226e+07,0.03517885,642480.2
Geo13,2021-07-19,1.726345e+06,1.910499e+06,1.15823e+06,1.7477776e+07,2.4608507,20059.105,21195.443,12757.912,1.9089568e+07,0.0352937,642480.2
Geo13,2021-07-26,1.867964e+06,1.550485e+06,1.335364e+06,2.1800944e+07,3.7102554,21704.635,17201.379,14709.044,1.8937196e+07,0.03497476,642480.2
Geo13,2021-08-02,885085.0,1.918479e+06,1.341027e+06,2.1843788e+07,-0.018158363,10284.163,21283.975,14771.422,1.5702654e+07,0.035301816,642480.2
Geo13,2021-08-09,437475.0,1.275178e+06,923864.0,1.7965924e+07,-0.8703112,5083.2,14147.069,10176.369,1.4521527e+07,0.03469039,642480.2
Geo13,2021-08-16,893044.0,2.470392e+06,903678.0,2.1428986e+07,-3.0732746,10376.643,27407.004,9954.02,1.3015826e+07,0.03482515,642480.2
Geo13,2021-08-23,2.564619e+06,1.794679e+06,1.895691e+06,2.2408552e+07,0.67627436,29799.354,19910.514,20881.05,1.7855354e+07,0.03512083,642480.2
Geo13,2021-08-30,1.673296e+06,1.045787e+06,1.936558e+06,2.2732904e+07,-0.54437816,19442.709,11602.162,21331.201,1.5594053e+07,0.034820624,642480.2
Geo13,2021-09-06,1.755042e+06,1.686486e+06,1.260919e+06,2.059017e+07,-1.4019697,20392.549,18710.2,13889.032,1.5185072e+07,0.034897473,642480.2
Geo13,2021-09-13,1.535734e+06,2.001434e+06,1.019598e+06,2.0317034e+07,-0.07391612,17844.32,22204.293,11230.879,1.878805e+07,0.03503567,642480.2
Geo13,2021-09-20,2.319736e+06,2.139844e+06,121164.0,1.6647005e+07,-4.150587,26953.959,23739.84,1334.6223,1.1258428e+07,0.03477039,642480.2
Geo13,2021-09-27,1.631175e+06,1.51054e+06,1.949386e+06,1.9350664e+07,0.8407488,18953.287,16758.22,21472.5,1.4096556e+07,0.034530118,642480.2
Geo13,2021-10-04,2.04214e+06,1.453342e+06,1.487381e+06,1.9754822e+07,3.1644845,23728.457,16123.655,16383.513,1.748262e+07,0.034696564,642480.2
Geo13,2021-10-11,1.215369e+06,1.936671e+06,1.09713e+06,2.3809526e+07,0.5842308,14121.868,21485.8,12084.895,1.6876358e+07,0.03504219,642480.2
Geo13,2021-10-18,2.135473e+06,2.017845e+06,1.546773e+06,2.140927e+07,-0.37820512,24812.932,22386.36,17037.717,1.5371209e+07,0.035226807,642480.2
Geo13,2021-10-25,1.769046e+06,2.423066e+06,1.230916e+06,2.1128976e+07,1.7767979,20555.268,26881.959,13558.549,2.0143828e+07,0.035495546,642480.2
Geo13,2021-11-01,1.862545e+06,1.044876e+06,556866.0,2.1191264e+07,-2.8533645,21641.67,11592.055,6133.883,1.3539295e+07,0.03469175,642480.2
Geo13,2021-11-08,490999.0,1.220016e+06,1.292527e+06,1.8366518e+07,6.764539,5705.1177,13535.092,14237.194,2.0439642e+07,0.034510765,642480.2
Geo13,2021-11-15,777928.0,1.348245e+06,1.593412e+06,2.040079e+07,0.09938387,9039.0625,14957.688,17551.445,1.8257076e+07,0.034757596,642480.2
Geo13,2021-11-22,1.238104e+06,1.784057e+06,791076.0,1.9295052e+07,2.1797895,14386.035,19792.672,8713.708,1.723918e+07,0.034923196,642480.2
Geo13,2021-11-29,1.690326e+06,1.249968e+06,1.300858e+06,2.0299934e+07,-7.0860434,19640.586,13867.385,14328.96,1.1369559e+07,0.03531854,642480.2
Geo13,2021-12-06,1.530207e+06,2.057974e+06,919025.0,2.0994184e+07,4.5933623,17780.1,22831.559,10123.067,1.7193724e+07,0.035117686,642480.2
Geo13,2021-12-13,1.934224e+06,1.050213e+06,1.126766e+06,1.8138488e+07,-3.9284787,22474.537,11651.265,12411.336,1.465735e+07,0.03530691,642480.2
Geo13,2021-12-20,2.126462e+06,1.9585e+06,1.163817e+06,2.1732798e+07,-2.9348679,24708.229,21727.975,12819.453,1.3171165e+07,0.03486891,642480.2
Geo13,2021-12-27,1.659243e+06,1.059913e+06,1.617155e+06,2.2632946e+07,0.004395553,19279.42,11758.878,17812.975,1.6009647e+07,0.035146464,642480.2
Geo13,2022-01-03,1.428154e+06,2.137713e+06,2.231431e+06,2.0894134e+07,2.2262688,16594.303,23716.2,24579.229,1.7230804e+07,0.034871925,642480.2
Geo13,2022-01-10,1.450132e+06,2.214586e+06,78637.0,1.9374312e+07,-0.9636569,16849.676,24569.043,866.18713,1.4672e+07,0.035355337,642480.2
Geo13,2022-01-17,1.694703e+06,2.187266e+06,1.774554e+06,2.1631564e+07,1.1730386,19691.445,24265.95,19546.725,1.637599e+07,0.034562007,642480.2
Geo13,2022-01-24,1.653912e+06,1.731721e+06,806854.0,2.1257824e+07,0.36520594,19217.479,19212.045,8887.503,1.6432322e+07,0.03457032,642480.2
Geo13,2022-01-31,2.07681e+06,2.329977e+06,1.830085e+06,2.3359732e+07,1.9448125,24131.303,25849.213,20158.4,1.6707649e+07,0.034614425,642480.2
Geo13,2022-02-07,1.736161e+06,2.177144e+06,1.431235e+06,2.1466398e+07,4.9641714,20173.162,24153.654,15765.063,1.9193632e+07,0.03540794,642480.2
Geo13,2022-02-14,1.126384e+06,1.568949e+06,1.605782e+06,2.042759e+07,2.8798609,13087.915,17406.22,17687.701,2.0552296e+07,0.035364974,642480.2
Geo13,2022-02-21,946255.0,1.34633e+06,1.67506e+06,2.1953886e+07,2.6277275,10994.923,14936.443,18450.799,1.9244522e+07,0.034890857,642480.2
Geo13,2022-02-28,1.612901e+06,666207.0,1.570926e+06,1.6674728e+07,0.89427304,18740.955,7391.0283,17303.762,1.6150776e+07,0.0347058,642480.2
Geo13,2022-03-07,999835.0,908527.0,1.653827e+06,2.0757484e+07,-1.203626,11617.49,10079.373,18216.916,1.5618613e+07,0.034622252,642480.2
Geo13,2022-03-14,1.223476e+06,1.724923e+06,1.132715e+06,1.8908408e+07,2.3517048,14216.066,19136.627,12476.864,1.4806295e+07,0.034972053,642480.2
Geo13,2022-03-21,214521.0,1.671652e+06,1.789998e+06,2.060369e+07,-0.94965625,2492.607,18545.629,19716.842,1.5963604e+07,0.034800816,642480.2
Geo13,2022-03-28,1.225385e+06,1.721719e+06,770414.0,1.7243498e+07,1.0838647,14238.248,19101.082,8486.116,1.508105e+07,0.034870103,642480.2
Geo13,2022-04-04,795269.0,953736.0,926421.0,2.0678088e+07,-4.870043,9240.555,10580.931,10204.534,1.0855433e+07,0.035377245,642480.2
Geo13,2022-04-11,1.018776e+06,1.469476e+06,2.427765e+06,1.8178356e+07,-3.6236782,11837.573,16302.649,26741.85,1.0272571e+07,0.034697644,642480.2
Geo13,2022-04-18,1.226819e+06,1.387439e+06,968043.0,1.8297346e+07,-0.9717581,14254.91,15392.515,10663.001,1.3355098e+07,0.0347468,642480.2
Geo13,2022-04-25,1.825738e+06,1.100984e+06,1.941492e+06,1.9269252e+07,0.33565524,21213.994,12214.528,21385.549,1.5848051e+07,0.034800965,642480.2
Geo13,2022-05-02,1.390296e+06,1.201962e+06,1.296065e+06,1.912237e+07,-2.2684598,16154.416,13334.797,14276.165,1.5388108e+07,0.03480674,642480.2
Geo13,2022-05-09,1.17843e+06,1.862462e+06,2.134896e+06,1.7784594e+07,2.4975724,13692.658,20662.512,23515.895,2.0063232e+07,0.034963105,642480.2
Geo13,2022-05-16,1.595297e+06,1.903201e+06,2.388989e+06,2.0019778e+07,-0.4430924,18536.406,21114.477,26314.73,1.290219e+07,0.03504139,642480.2
Geo13,2022-05-23,1.667668e+06,1.917846e+06,1.064906e+06,1.9356822e+07,1.3579565,19377.314,21276.951,11729.947,1.4981101e+07,0.035386186,642480.2
Geo13,2022-05-30,1.648971e+06,2.337556e+06,1.72949e+06,2.1726106e+07,-1.4591302,19160.066,25933.295,19050.346,1.5330526e+07,0.034574572,642480.2
Geo13,2022-06-06,1.29025e+06,1.820968e+06,1.801694e+06,1.9314786e+07,0.14897102,14991.94,20202.168,19845.672,1.7307224e+07,0.034802232,642480.2
Geo13,2022-06-13,1.024244e+06,1.902718e+06,708993.0,2.179397e+07,3.5987086,11901.108,21109.12,7809.563,1.775654e+07,0.034917597,642480.2
Geo13,2022-06-20,867138.0,1.940642e+06,1.367769e+06,1.9629756e+07,-4.969804,10075.63,21529.855,15065.985,1.2428001e+07,0.03461999,642480.2
Geo13,2022-06-27,1.465924e+06,2.025675e+06,1.042476e+06,2.0984626e+07,1.6054592,17033.168,22473.227,11482.881,1.7285118e+07,0.035404515,642480.2
Geo13,2022-07-04,2.371041e+06,1.428392e+06,1.10676e+06,1.9501994e+07,-0.26912776,27550.092,15846.855,12190.97,1.493239e+07,0.034832243,642480.2
Geo13,2022-07-11,954950.0,1.706502e+06,807968.0,1.8064618e+07,0.73648494,11095.953,18932.262,8899.773,1.6029531e+07,0.035092503,642480.2
Geo13,2022-07-18,1.886197e+06,2.195534e+06,2.063374e+06,2.0878184e+07,1.6622629,21916.492,24357.676,22728.08,1.7681656e+07,0.03473072,642480.2
Geo13,2022-07-25,1.438959e+06,2.112476e+06,249202.0,1.9936942e+07,-0.48940122,16719.852,23436.215,2744.962,1.4824557e+07,0.035059772,642480.2
Geo13,2022-08-01,2.151585e+06,2.104384e+06,1.252046e+06,1.9849022e+07,0.18787895,25000.143,23346.44,13791.296,1.6938478e+07,0.035319816,642480.2
Geo13,2022-08-08,1.803351e+06,2.703528e+06,2.028525e+06,2.2934972e+07,-1.2868071,20953.871,29993.459,22344.217,1.4642139e+07,0.034869008,642480.2
Geo13,2022-08-15,1.305514e+06,2.019983e+06,1.643678e+06,2.2465266e+07,2.603095,15169.3,22410.08,18105.125,1.763777e+07,0.035443723,642480.2
Geo13,2022-08-22,2.097604e+06,1.929147e+06,1.41827e+06,1.9713508e+07,0.9334557,24372.916,21402.328,15622.254,1.554321e+07,0.03461929,642480.2
Geo13,2022-08-29,1.836312e+06,2.239472e+06,1.54897e+06,2.0367206e+07,2.8139653,21336.857,24845.133,17061.916,1.9996128e+07,0.035131294,642480.2
Geo13,2022-09-05,1.330086e+06,2.53102e+06,1.03354e+06,2.2384214e+07,3.698752,15454.812,28079.621,11384.45,1.9436608e+07,0.035142764,642480.2
Geo13,2022-09-12,1.100749e+06,766444.0,1.173346e+06,2.0408364e+07,0.033481553,12790.052,8503.077,12924.415,1.53465e+07,0.0354796,642480.2
Geo13,2022-09-19,1.837836e+06,2.057128e+06,1.631481e+06,2.3832396e+07,-0.29372266,21354.566,22822.174,17970.775,1.5337689e+07,0.035158712,642480.2
Geo13,2022-09-26,201703.0,2.36012e+06,2.098609e+06,1.8832728e+07,3.931278,2343.6694,26183.625,23116.193,1.839584e+07,0.035046257,642480.2
Geo13,2022-10-03,1.152622e+06,1.295568e+06,1.915383e+06,2.169147e+07,2.999536,13392.785,14373.28,21097.957,1.9672218e+07,0.03470722,642480.2
Geo13,2022-10-10,1.286456e+06,2.292934e+06,1.337183e+06,1.9630004e+07,6.35177,14947.856,25438.25,14729.08,2.0340704e+07,0.0353185,642480.2
Geo13,2022-10-17,1.204672e+06,1.421227e+06,774805.0,1.9557794e+07,0.3650425,13997.575,15767.365,8534.482,1.9689914e+07,0.035198502,642480.2
Geo13,2022-10-24,1.652863e+06,1.529575e+06,513889.0,1.8917184e+07,-3.7303371,19205.29,16969.398,5660.491,1.3795564e+07,0.035350516,642480.2
Geo13,2022-10-31,970994.0,1.787554e+06,1.470004e+06,1.8523224e+07,-0.1974092,11282.375,19831.467,16192.1045,1.4875029e+07,0.034706388,642480.2
Geo13,2022-11-07,1.778779e+06,1.50464e+06,1.424875e+06,2.0309792e+07,0.61423844,20668.357,16692.766,15695.009,1.5255248e+07,0.034791227,642480.2
Geo13,2022-11-14,871264.0,1.639161e+06,776761.0,1.975821e+07,-5.864049,10123.571,18185.166,8556.028,1.027323e+07,0.03473955,642480.2
Geo13,2022-11-21,2.276128e+06,1.9103e+06,1.787286e+06,2.1166526e+07,-9.404146,26447.26,21193.234,19686.969,7.9922665e+06,0.035338953,642480.2
Geo13,2022-11-28,834258.0,966076.0,1.903012e+06,1.7209972e+07,-4.6092978,9693.584,10717.833,20961.691,9.889312e+06,0.035169132,642480.2
Geo13,2022-12-05,1.401612e+06,2.231906e+06,1.309803e+06,1.9993426e+07,4.7306967,16285.901,24761.193,14427.489,2.0699772e+07,0.034518827,642480.2
Geo13,2022-12-12,1.583328e+06,2.471899e+06,1.192243e+06,2.4773612e+07,1.3998969,18397.334,27423.723,13132.565,1.5423334e+07,0.0352032,642480.2
Geo13,2022-12-19,1.530241e+06,1.377648e+06,1.749596e+06,1.794635e+07,-5.4000726,17780.494,15283.892,19271.812,1.1846455e+07,0.034503862,642480.2
Geo13,2022-12-26,2.056577e+06,1.241127e+06,1.565974e+06,1.952805e+07,3.6180353,23896.207,13769.302,17249.215,2.0833944e+07,0.034823976,642480.2
Geo13,2023-01-02,884535.0,1.937113e+06,1.008442e+06,1.9462638e+07,-10.084149,10277.772,21490.703,11107.996,7.5344715e+06,0.0345853,642480.2
Geo13,2023-01-09,1.249742e+06,1.455978e+06,851080.0,1.8422452e+07,-2.7457247,14521.262,16152.899,9374.652,1.5206556e+07,0.035111476,642480.2
Geo13,2023-01-16,825407.0,2.067749e+06,1.313228e+06,1.9265916e+07,0.78007257,9590.74,22940.004,14465.216,1.7512628e+07,0.034723025,642480.2
Geo13,2023-01-23,749705.0,1.439466e+06,635833.0,1.6680819e+07,-0.88888997,8711.128,15969.712,7003.705,1.4889848e+07,0.034678876,642480.2
Geo13,2023-01-30,734793.0,1.182128e+06,1.479569e+06,1.9865182e+07,-1.6873605,8537.859,13114.755,16297.463,1.1428819e+07,0.035267007,642480.2
Geo13,2023-02-06,1.593425e+06,1.69584e+06,1.643356e+06,1.9748104e+07,-4.74054,18514.654,18813.975,18101.578,1.3025525e+07,0.03492719,642480.2
Geo13,2023-02-13,1.491028e+06,2.346611e+06,1.16669e+06,1.8189302e+07,2.1829152,17324.861,26033.754,12851.099,1.7299588e+07,0.034596145,642480.2
Geo13,2023-02-20,850472.0,1.693644e+06,1.416206e+06,1.8187764e+07,-5.266982,9881.98,18789.611,15599.52,1.0450493e+07,0.035160936,642480.2
Geo13,2023-02-27,1.476773e+06,2.062874e+06,897804.0,1.8926752e+07,0.86965024,17159.229,22885.92,9889.317,1.4075633e+07,0.034756895,642480.2
Geo13,2023-03-06,2.011222e+06,1.573773e+06,1.897464e+06,1.7405338e+07,2.5495925,23369.209,17459.74,20900.58,1.6751761e+07,0.035423994,642480.2
Geo13,2023-03-13,1.12715e+06,1.176793e+06,1.520722e+06,1.940305e+07,-1.9443922,13096.815,13055.567,16750.764,1.2418445e+07,0.035204582,642480.2
Geo13,2023-03-20,1.967235e+06,2.769879e+06,639853.0,2.1431306e+07,-3.6348405,22858.105,30729.57,7047.9854,1.3960429e+07,0.035177585,642480.2
Geo13,2023-03-27,1.85012e+06,2.351051e+06,1.079055e+06,2.188733e+07,0.108672805,21497.299,26083.012,11885.799,1.4676168e+07,0.034926508,642480.2
Geo13,2023-04-03,2.260449e+06,2.461306e+06,1.207578e+06,2.245105e+07,3.8322923,26265.078,27306.201,13301.48,1.941434e+07,0.03471493,642480.2
Geo13,2023-04-10,818596.0,2.371578e+06,1.440978e+06,2.1514594e+07,-2.8825932,9511.601,26310.742,15872.383,1.1826604e+07,0.03503657,642480.2
Geo13,2023-04-17,1.410912e+06,1.587843e+06,941646.0,2.030774e+07,0.22941832,16393.96,17615.836,10372.237,1.6047782e+07,0.03454531,642480.2
Geo13,2023-04-24,2.012973e+06,1.966486e+06,1.41113e+06,1.9255628e+07,-5.551768,23389.555,21816.574,15543.607,1.0476355e+07,0.035272807,642480.2
Geo13,2023-05-01,1.545343e+06,2.389826e+06,1.292903e+06,2.1810814e+07,3.5685983,17955.97,26513.19,14241.336,1.881887e+07,0.035010833,642480.2
Geo13,2023-05-08,1.450536e+06,1.634039e+06,1.152684e+06,2.0025942e+07,2.1627004,16854.37,18128.342,12696.822,1.9033646e+07,0.035342347,642480.2
Geo13,2023-05-15,1.67978e+06,2.199696e+06,1.484988e+06,2.2048292e+07,4.038546,19518.049,24403.85,16357.153,1.8899052e+07,0.035051204,642480.2
Geo13,2023-05-22,1.329247e+06,1.555124e+06,1.396358e+06,2.2168278e+07,6.0497403,15445.0625,17252.844,15380.894,2.142534e+07,0.034973796,642480.2
Geo13,2023-05-29,634165.0,1.766676e+06,1.242429e+06,1.9136466e+07,-2.9658384,7368.6216,19599.844,13685.364,1.492944e+07,0.035091262,642480.2
Geo13,2023-06-05,1.281717e+06,2.003468e+06,1.749618e+06,1.9176538e+07,0.5920596,14892.792,22226.86,19272.055,1.7383258e+07,0.034833074,642480.2
Geo13,2023-06-12,1.209505e+06,1.708654e+06,1.490231e+06,2.0367782e+07,3.358881,14053.731,18956.135,16414.906,1.9261748e+07,0.03526765,642480.2
Geo13,2023-06-19,1.527236e+06,1.387367e+06,1.577032e+06,2.027534e+07,2.9387689,17745.578,15391.716,17371.02,1.8664314e+07,0.035217963,642480.2
Geo13,2023-06-26,1.48479e+06,1.98688e+06,826786.0,1.9020936e+07,1.8628181,17252.38,22042.828,9107.054,1.556148e+07,0.034796722,642480.2
Geo13,2023-07-03,1.143215e+06,1.439357e+06,992888.0,1.8847998e+07,-0.46484894,13283.481,15968.503,10936.669,1.6406866e+07,0.03549778,642480.2
Geo13,2023-07-10,833190.0,1.71882e+06,2.171506e+06,1.9220998e+07,2.3807452,9681.174,19068.92,23919.154,1.6032111e+07,0.03536959,642480.2
Geo13,2023-07-17,1.188041e+06,1.294841e+06,1.728457e+06,1.9133962e+07,-3.0876431,13804.333,14365.215,19038.967,1.4428832e+07,0.035140287,642480.2
Geo13,2023-07-24,105897.0,1.863988e+06,1.535702e+06,1.7979738e+07,-3.6255648,1230.4604,20679.441,16915.77,1.2347544e+07,0.0349991,642480.2
Geo13,2023-07-31,1.101137e+06,1.746104e+06,2.048697e+06,1.664675e+07,4.301257,12794.56,19371.613,22566.412,2.0165352e+07,0.03541355,642480.2
Geo13,2023-08-07,620600.0,1.890219e+06,1.706795e+06,1.9828086e+07,-1.5763493,7211.0044,20970.453,18800.36,1.4112619e+07,0.035121165,642480.2
Geo13,2023-08-14,1.177657e+06,2.020097e+06,1.57571e+06,1.7670606e+07,2.2693534,13683.677,22411.344,17356.457,1.6867656e+07,0.035344675,642480.2
Geo13,2023-08-21,1.771096e+06,1.535912e+06,1.209317e+06,1.6034556e+07,-4.378971,20579.086,17039.703,13320.636,1.129256e+07,0.03468133,642480.2
Geo13,2023-08-28,1.585846e+06,1.860938e+06,1.412412e+06,1.7109688e+07,2.0574164,18426.592,20645.604,15557.729,1.6843102e+07,0.03520981,642480.2
Geo13,2023-09-04,869785.0,2.016763e+06,1.081941e+06,1.7415292e+07,-1.0960681,10106.387,22374.355,11917.588,1.3410659e+07,0.035393875,642480.2
Geo13,2023-09-11,1.817035e+06,1.876826e+06,1.45032e+06,1.9042912e+07,-3.2331269,21112.871,20821.867,15975.285,1.217418e+07,0.03491611,642480.2
Geo13,2023-09-18,954539.0,1.761698e+06,973017.0,1.996434e+07,1.7996056,11091.178,19544.615,10717.789,1.7202238e+07,0.03536401,642480.2
Geo13,2023-09-25,1.478613e+06,1.520689e+06,1.504408e+06,1.8499406e+07,-4.327241,17180.607,16870.816,16571.064,1.155757e+07,0.034918297,642480.2
Geo13,2023-10-02,2.118238e+06,1.697564e+06,1.610621e+06,1.734229e+07,-0.93317175,24612.67,18833.102,17741.002,1.3405703e+07,0.034873948,642480.2
Geo13,2023-10-09,2.038022e+06,2.673866e+06,1.435816e+06,1.8774822e+07,2.7616262,23680.61,29664.383,15815.523,1.8806966e+07,0.035262205,642480.2
Geo13,2023-10-16,981333.0,1.133363e+06,593301.0,2.273671e+07,1.0087055,11402.508,12573.747,6535.215,1.7017468e+07,0.035386186,642480.2
Geo13,2023-10-23,1.273926e+06,2.338718e+06,1.091107e+06,2.0278242e+07,-1.8002443,14802.266,25946.188,12018.552,1.1508724e+07,0.03475193,642480.2
Geo13,2023-10-30,1.491581e+06,1.821005e+06,1.215791e+06,2.000175e+07,1.9207432,17331.287,20202.58,13391.946,1.9682374e+07,0.03509364,642480.2
Geo13,2023-11-06,743539.0,1.66535e+06,718457.0,2.1520716e+07,-1.7293358,8639.482,18475.713,7913.809,1.4353635e+07,0.035387613,642480.2
Geo13,2023-11-13,796010.0,1.331014e+06,1.893332e+06,1.8791476e+07,-1.4034208,9249.165,14766.525,20855.066,1.468734e+07,0.035116296,642480.2
Geo13,2023-11-20,1.521637e+06,636224.0,1.268067e+06,2.1641144e+07,-1.0255363,17680.521,7058.391,13967.768,1.545268e+07,0.035314567,642480.2
Geo13,2023-11-27,1.331517e+06,2.14021e+06,1.568814e+06,1.8804476e+07,-3.6717825,15471.438,23743.9,17280.498,1.2635698e+07,0.03482079,642480.2
Geo13,2023-12-04,1.223475e+06,1.392017e+06,1.557618e+06,2.1793698e+07,3.841794,14216.055,15443.304,17157.174,2.0854688e+07,0.034824055,642480.2
Geo13,2023-12-11,1.59476e+06,1.583671e+06,933300.0,2.0949768e+07,-5.196823,18530.166,17569.55,10280.307,1.0224124e+07,0.03514929,642480.2
Geo13,2023-12-18,1.283873e+06,2.13097e+06,1.750185e+06,1.7709688e+07,-3.2953298,14917.844,23641.39,19278.3,1.4338734e+07,0.03530274,642480.2
Geo13,2023-12-25,1.814674e+06,1.644156e+06,1.340157e+06,2.0603472e+07,1.3481793,21085.438,18240.582,14761.839,1.4743884e+07,0.03528059,642480.2
Geo13,2024-01-01,613587.0,2.285807e+06,2.194515e+06,2.0566346e+07,-3.0638087,7129.5176,25359.182,24172.6,1.3669605e+07,0.035462134,642480.2
Geo13,2024-01-08,1.399903e+06,2.446224e+06,901528.0,2.2565048e+07,-1.808222,16266.044,27138.879,9930.338,1.2855313e+07,0.03538308,642480.2
Geo13,2024-01-15,979254.0,1.98665e+06,949711.0,2.0338308e+07,-5.190647,11378.352,22040.277,10461.073,1.3188279e+07,0.034796864,642480.2
Geo14,2021-01-25,2.44956e+06,2.024648e+06,1.061767e+06,1.7953172e+07,-2.573029,28462.436,22461.834,11695.371,1.4916795e+07,0.034847453,949706.9
Geo14,2021-02-01,677916.0,2.201482e+06,1.697327e+06,1.9112206e+07,1.5266333,7876.9824,24423.664,18696.068,1.5848886e+07,0.03528206,949706.9
Geo14,2021-02-08,1.090607e+06,2.221088e+06,2.432734e+06,2.0287852e+07,-0.38341096,12672.207,24641.178,26796.582,1.786371e+07,0.035072368,949706.9
Geo14,2021-02-15,534554.0,2.412826e+06,3.040974e+06,1.7974632e+07,2.9560266,6211.2007,26768.355,33496.35,2.3183714e+07,0.034788124,949706.9
Geo14,2021-02-22,2.100284e+06,1.87306e+06,2.308288e+06,2.1315106e+07,1.0344746,24404.057,20780.088,25425.809,2.208735e+07,0.034800142,949706.9
Geo14,2021-03-01,2.47498e+06,2.315062e+06,2.103704e+06,2.4783928e+07,-0.2383255,28757.8,25683.742,23172.314,1.8474076e+07,0.035224725,949706.9
Geo14,2021-03-08,2.511752e+06,2.519542e+06,2.428714e+06,2.68848e+07,-3.2335644,29185.07,27952.283,26752.303,1.5381205e+07,0.03471214,949706.9
Geo14,2021-03-15,1.810774e+06,3.058139e+06,1.431991e+06,2.72665e+07,-1.951581,21040.121,33927.582,15773.392,1.9527064e+07,0.03478489,949706.9
Geo14,2021-03-22,2.942749e+06,3.886982e+06,1.285177e+06,3.063264e+07,1.1666284,34193.0,43122.926,14156.234,1.9333818e+07,0.034579527,949706.9
Geo14,2021-03-29,2.308937e+06,2.802162e+06,1.485169e+06,2.48205e+07,-2.228815,26828.48,31087.723,16359.147,1.9416974e+07,0.03520705,949706.9
Geo14,2021-04-05,3.001316e+06,2.643376e+06,2.06277e+06,2.9969048e+07,-2.7169511,34873.516,29326.121,22721.426,1.887294e+07,0.034718238,949706.9
Geo14,2021-04-12,2.287032e+06,2.616347e+06,2.00005e+06,2.9335062e+07,-3.0505178,26573.957,29026.256,22030.564,2.1745792e+07,0.03503253,949706.9
Geo14,2021-04-19,2.562484e+06,3.15473e+06,1.338213e+06,3.0657116e+07,-4.0591803,29774.547,34999.18,14740.426,1.5334717e+07,0.03541967,949706.9
Geo14,2021-04-26,940880.0,2.633534e+06,1.172267e+06,3.0802312e+07,1.0778657,10932.469,29216.932,12912.529,2.5421064e+07,0.03521064,949706.9
Geo14,2021-05-03,1.534458e+06,1.673185e+06,2.24348e+06,3.0854196e+07,0.7572025,17829.492,18562.635,24711.95,2.5022212e+07,0.035065755,949706.9
Geo14,2021-05-10,1.468355e+06,3.188207e+06,2.520101e+06,3.0330676e+07,1.0102131,17061.416,35370.582,27758.932,2.6982648e+07,0.03452065,949706.9
Geo14,2021-05-17,2.641272e+06,2.165056e+06,1.810788e+06,2.625144e+07,-2.1549263,30690.016,24019.547,19945.844,1.896165e+07,0.034536432,949706.9
Geo14,2021-05-24,2.082363e+06,1.27222e+06,2.636944e+06,2.9178476e+07,4.7880507,24195.824,14114.253,29045.957,2.4676678e+07,0.035167214,949706.9
Geo14,2021-05-31,1.986059e+06,2.896226e+06,1.791067e+06,2.7713538e+07,-3.9787154,23076.83,32131.287,19728.615,2.0250544e+07,0.03460791,949706.9
Geo14,2021-06-07,2.183059e+06,2.588557e+06,1.7664e+06,2.7537152e+07,3.1143198,25365.852,28717.95,19456.908,2.771953e+07,0.034851268,949706.9
Geo14,2021-06-14,1.20082e+06,2.520332e+06,812017.0,3.0142426e+07,-3.1664894,13952.817,27961.047,8944.373,1.8740912e+07,0.03544645,949706.9
Geo14,2021-06-21,930626.0,3.009879e+06,1.82042e+06,2.89063e+07,0.3616488,10813.323,33392.176,20051.94,1.8819972e+07,0.035243917,949706.9
Geo14,2021-06-28,2.496961e+06,3.06429e+06,1.718094e+06,2.7343756e+07,2.5758862,29013.207,33995.82,18924.818,2.8770046e+07,0.0346388,949706.9
Geo14,2021-07-05,1.723835e+06,3.653363e+06,1.658407e+06,2.9499976e+07,0.044434194,20029.941,40531.11,18267.365,2.2742584e+07,0.03497115,949706.9
Geo14,2021-07-12,2.677605e+06,3.578966e+06,2.189693e+06,3.0153196e+07,-0.8172346,31112.184,39705.734,24119.484,2.3614022e+07,0.035006616,949706.9
Geo14,2021-07-19,2.080777e+06,2.468084e+06,2.248717e+06,2.520587e+07,-0.17204809,24177.396,27381.398,24769.635,2.436098e+07,0.03519331,949706.9
Geo14,2021-07-26,3.056831e+06,2.563506e+06,2.725423e+06,3.1608576e+07,-0.0932156,35518.566,28440.027,30020.555,2.1831932e+07,0.035233814,949706.9
Geo14,2021-08-02,1.725286e+06,1.821098e+06,2.248426e+06,3.117727e+07,4.2309504,20046.8,20203.611,24766.43,2.7272094e+07,0.034523517,949706.9
Geo14,2021-08-09,622118.0,2.21861e+06,1.310577e+06,2.5610144e+07,1.6075461,7228.6426,24613.686,14436.016,2.245305e+07,0.03499423,949706.9
Geo14,2021-08-16,713229.0,4.055835e+06,1.264961e+06,3.161808e+07,-0.8616152,8287.299,44996.21,13933.555,2.0411732e+07,0.034723986,949706.9
Geo14,2021-08-23,2.635439e+06,1.9324e+06,2.382297e+06,3.1406404e+07,0.6057563,30622.24,21438.416,26241.02,2.3956254e+07,0.03493164,949706.9
Geo14,2021-08-30,1.730084e+06,1.931703e+06,3.136329e+06,3.2157474e+07,0.1270331,20102.55,21430.684,34546.688,2.1564268e+07,0.034515966,949706.9
Geo14,2021-09-06,2.70072e+06,2.684358e+06,2.128336e+06,2.9225722e+07,3.1923041,31380.768,29780.783,23443.637,2.6454282e+07,0.03540135,949706.9
Geo14,2021-09-13,1.392326e+06,2.343963e+06,2.547453e+06,2.7753616e+07,2.6273236,16178.004,26004.375,28060.213,2.8711918e+07,0.035388477,949706.9
Geo14,2021-09-20,3.273032e+06,3.431146e+06,1.144181e+06,2.3538252e+07,4.807819,38030.69,38065.793,12603.162,2.6980916e+07,0.034535307,949706.9
Geo14,2021-09-27,1.775757e+06,1.68632e+06,2.027658e+06,2.6244158e+07,-0.33330494,20633.244,18708.357,22334.668,1.8116326e+07,0.034598075,949706.9
Geo14,2021-10-04,3.132076e+06,2.915654e+06,1.637299e+06,2.7559752e+07,-5.2142386,36392.867,32346.826,18034.861,1.4408747e+07,0.03452446,949706.9
Geo14,2021-10-11,1.533129e+06,2.791385e+06,1.690734e+06,3.2783584e+07,1.9491746,17814.05,30968.162,18623.447,2.5668924e+07,0.034648724,949706.9
Geo14,2021-10-18,2.300085e+06,3.469404e+06,1.865563e+06,2.8813178e+07,3.0216813,26725.625,38490.234,20549.19,2.5443084e+07,0.03540517,949706.9
Geo14,2021-10-25,2.053893e+06,3.293706e+06,1.296997e+06,2.8660706e+07,0.12747572,23865.02,36541.008,14286.432,2.6488404e+07,0.035474062,949706.9
Geo14,2021-11-01,1.970058e+06,2.904469e+06,528705.0,2.947591e+07,0.38785613,22890.906,32222.736,5823.6895,2.1107532e+07,0.03534443,949706.9
Geo14,2021-11-08,2.301443e+06,2.195911e+06,1.887563e+06,2.6057158e+07,2.8550358,26741.404,24361.857,20791.52,2.3962642e+07,0.035401154,949706.9
Geo14,2021-11-15,1.112843e+06,2.78934e+06,2.122091e+06,2.8273278e+07,-1.1246698,12930.576,30945.475,23374.848,2.4258354e+07,0.03523863,949706.9
Geo14,2021-11-22,1.695018e+06,2.046827e+06,2.346717e+06,2.7709514e+07,0.84693485,19695.105,22707.893,25849.105,2.2380442e+07,0.034526892,949706.9
Geo14,2021-11-29,2.272282e+06,3.871974e+06,2.739454e+06,2.9384516e+07,7.2644806,26402.57,42956.42,30175.105,3.3300256e+07,0.035114862,949706.9
Geo14,2021-12-06,2.074246e+06,2.450462e+06,2.481682e+06,3.028413e+07,0.21981001,24101.51,27185.896,27335.746,1.9626172e+07,0.03482842,949706.9
Geo14,2021-12-13,3.51245e+06,1.715048e+06,1.644327e+06,2.6777388e+07,3.8113918,40812.59,19027.072,18112.273,2.8434232e+07,0.03523763,949706.9
Geo14,2021-12-20,2.625284e+06,3.130959e+06,3.383037e+06,3.0452382e+07,2.4969597,30504.244,34735.46,37264.176,2.4793614e+07,0.034757517,949706.9
Geo14,2021-12-27,2.911776e+06,1.332837e+06,1.708979e+06,3.3633936e+07,-1.7359226,33833.113,14786.75,18824.416,1.971157e+07,0.034694906,949706.9
Geo14,2022-01-03,2.381837e+06,3.321804e+06,2.35608e+06,3.030173e+07,-0.75236696,27675.535,36852.73,25952.238,2.033018e+07,0.03453901,949706.9
Geo14,2022-01-10,2.475806e+06,2.489354e+06,777555.0,2.7869746e+07,-1.4561629,28767.398,27617.371,8564.774,1.9071036e+07,0.034915786,949706.9
Geo14,2022-01-17,1.490356e+06,3.653281e+06,1.882702e+06,3.1425898e+07,7.648258,17317.055,40530.2,20737.977,3.093838e+07,0.03545699,949706.9
Geo14,2022-01-24,1.188087e+06,2.534148e+06,2.454615e+06,3.0642654e+07,0.7510555,13804.867,28114.324,27037.602,2.3295802e+07,0.035380777,949706.9
Geo14,2022-01-31,1.945615e+06,2.85033e+06,2.633592e+06,3.358762e+07,-3.7087474,22606.895,31622.11,29009.035,1.5973254e+07,0.034529306,949706.9
Geo14,2022-02-07,2.840655e+06,3.176744e+06,1.111988e+06,3.0610984e+07,0.36394864,33006.73,35243.406,12248.556,2.1763258e+07,0.03457619,949706.9
Geo14,2022-02-14,2.416258e+06,3.531339e+06,2.040443e+06,2.90681e+07,-1.2966914,28075.486,39177.35,22475.494,2.3876666e+07,0.035134204,949706.9
Geo14,2022-02-21,2.123194e+06,2.559975e+06,2.201679e+06,3.1410444e+07,0.1798442,24670.256,28400.854,24251.51,2.4056208e+07,0.035249162,949706.9
Geo14,2022-02-28,2.175797e+06,2.358997e+06,1.739874e+06,2.4132416e+07,0.56142753,25281.473,26171.166,19164.725,2.2420962e+07,0.034684915,949706.9
Geo14,2022-03-07,3.157414e+06,2.411701e+06,2.502875e+06,3.0464356e+07,0.14997435,36687.28,26755.875,27569.186,2.4017408e+07,0.035192266,949706.9
Geo14,2022-03-14,1.196925e+06,2.740491e+06,961176.0,2.6241968e+07,0.8286718,13907.56,30403.533,10587.36,1.9209816e+07,0.035327807,949706.9
Geo14,2022-03-21,611405.0,2.696754e+06,1.767414e+06,3.0596806e+07,2.0055065,7104.164,29918.307,19468.078,2.5384928e+07,0.035274126,949706.9
Geo14,2022-03-28,1.630143e+06,2.228668e+06,897556.0,2.629453e+07,-4.8420596,18941.297,24725.271,9886.586,1.4238771e+07,0.03534356,949706.9
Geo14,2022-04-04,1.855405e+06,1.911147e+06,1.479601e+06,3.1061302e+07,-1.1309334,21558.707,21202.633,16297.815,1.869755e+07,0.035351094,949706.9
Geo14,2022-04-11,1.977652e+06,2.736742e+06,3.467858e+06,2.7723272e+07,-1.6752523,22979.145,30361.941,38198.48,1.755164e+07,0.035475098,949706.9
Geo14,2022-04-18,1.749857e+06,2.510834e+06,1.951776e+06,2.6579376e+07,-3.1326098,20332.303,27855.674,21498.826,1.5877839e+07,0.03451731,949706.9
Geo14,2022-04-25,2.158656e+06,2.592426e+06,1.334719e+06,2.7191624e+07,-1.4166065,25082.305,28760.871,14701.939,1.9835428e+07,0.034967396,949706.9
Geo14,2022-05-02,2.442938e+06,1.970115e+06,1.402783e+06,2.7502308e+07,-3.551033,28385.492,21856.834,15451.665,1.9738854e+07,0.034983173,949706.9
Geo14,2022-05-09,1.769468e+06,3.400692e+06,1.8237e+06,2.5260324e+07,-0.006806889,20560.17,37727.93,20088.068,2.4217134e+07,0.034500316,949706.9
Geo14,2022-05-16,3.589297e+06,3.455697e+06,4.565547e+06,2.9031242e+07,6.3961267,41705.504,38338.168,50289.535,2.5386772e+07,0.035145167,949706.9
Geo14,2022-05-23,3.316657e+06,2.877918e+06,2.730408e+06,2.9285398e+07,5.5324783,38537.59,31928.176,30075.465,2.5736058e+07,0.03541568,949706.9
Geo14,2022-05-30,3.24561e+06,2.878364e+06,3.982383e+06,3.3458264e+07,-2.7202783,37712.066,31933.123,43865.977,2.1081922e+07,0.034593817,949706.9
Geo14,2022-06-06,2.588837e+06,3.119356e+06,2.495791e+06,2.8543968e+07,3.1292617,30080.752,34606.734,27491.156,2.7975296e+07,0.035431854,949706.9
Geo14,2022-06-13,1.26155e+06,2.989628e+06,2.818784e+06,3.3282824e+07,1.6018329,14658.464,33167.508,31048.926,2.2655508e+07,0.034896653,949706.9
Geo14,2022-06-20,2.578858e+06,2.744419e+06,1.076502e+06,2.9899566e+07,2.1457512,29964.803,30447.111,11857.678,2.5690322e+07,0.034981575,949706.9
Geo14,2022-06-27,1.906908e+06,1.834111e+06,2.847817e+06,3.0945488e+07,-5.7637405,22157.14,20347.98,31368.725,1.5573948e+07,0.035314713,949706.9
Geo14,2022-07-04,2.712691e+06,2.686196e+06,1.964764e+06,2.8480576e+07,1.4930358,31519.863,29801.174,21641.89,2.2833548e+07,0.034530528,949706.9
Geo14,2022-07-11,1.701996e+06,2.196521e+06,831868.0,2.7093314e+07,1.0087384,19776.186,24368.625,9163.032,2.2725204e+07,0.035305146,949706.9
Geo14,2022-07-18,1.33625e+06,2.083118e+06,2.105746e+06,3.0643766e+07,0.27984464,15526.434,23110.512,23194.807,2.317361e+07,0.035004728,949706.9
Geo14,2022-07-25,3.096277e+06,3.31585e+06,1.548946e+06,2.8406304e+07,0.880762,35976.906,36786.676,17061.652,2.198865e+07,0.035115574,949706.9
Geo14,2022-08-01,2.393028e+06,3.268062e+06,1.372596e+06,2.883701e+07,-0.95665133,27805.568,36256.508,15119.155,2.1794552e+07,0.034757994,949706.9
Geo14,2022-08-08,2.364484e+06,4.339468e+06,2.250249e+06,3.1797464e+07,5.494935,27473.904,48142.89,24786.51,2.7868616e+07,0.03499436,949706.9
Geo14,2022-08-15,1.971259e+06,3.231638e+06,1.721523e+06,3.1257494e+07,5.3520164,22904.861,35852.414,18962.588,2.7325172e+07,0.03463808,949706.9
Geo14,2022-08-22,2.477402e+06,2.395242e+06,1.616421e+06,2.8173978e+07,-0.31305078,28785.943,26573.275,17804.889,1.9281618e+07,0.034820247,949706.9
Geo14,2022-08-29,2.494645e+06,2.828354e+06,3.055459e+06,2.7753808e+07,-2.9419322,28986.297,31378.303,33655.902,2.0374756e+07,0.035277884,949706.9
Geo14,2022-09-05,1.765218e+06,2.352725e+06,2.402136e+06,3.170106e+07,0.28331214,20510.787,26101.582,26459.545,2.2997586e+07,0.034582537,949706.9
Geo14,2022-09-12,1.638671e+06,1.956252e+06,1.988397e+06,2.87251e+07,1.8555775,19040.387,21703.035,21902.207,2.2378932e+07,0.03533921,949706.9
Geo14,2022-09-19,2.138968e+06,3.399863e+06,2.129166e+06,3.480561e+07,-3.419374,24853.541,37718.734,23452.78,1.7582252e+07,0.035298113,949706.9
Geo14,2022-09-26,1.208624e+06,2.76569e+06,1.929576e+06,2.6753096e+07,-0.26643175,14043.495,30683.096,21254.293,2.0077294e+07,0.03484214,949706.9
Geo14,2022-10-03,2.038221e+06,2.291902e+06,3.550409e+06,3.092454e+07,4.099995,23682.92,25426.8,39107.78,2.856683e+07,0.034931645,949706.9
Geo14,2022-10-10,3.160392e+06,3.142716e+06,1.916245e+06,2.9501644e+07,-5.4450803,36721.883,34865.895,21107.453,1.4249472e+07,0.035339486,949706.9
Geo14,2022-10-17,1.974256e+06,2.14982e+06,2.092361e+06,2.8724682e+07,1.5097952,22939.686,23850.516,23047.371,2.9736154e+07,0.03472593,949706.9
Geo14,2022-10-24,2.41977e+06,2.840576e+06,1.579321e+06,2.7481276e+07,-2.753223,28116.295,31513.896,17396.232,2.0450498e+07,0.035190742,949706.9
Geo14,2022-10-31,1.47271e+06,3.495998e+06,2.476306e+06,2.745545e+07,-3.1563382,17112.018,38785.273,27276.53,1.7277522e+07,0.03461613,949706.9
Geo14,2022-11-07,2.133832e+06,2.861503e+06,1.03028e+06,2.9187188e+07,-2.613302,24793.863,31746.064,11348.542,1.6587669e+07,0.034745906,949706.9
Geo14,2022-11-14,1.850473e+06,3.305448e+06,1.499924e+06,2.9711282e+07,4.9468217,21501.4,36671.273,16521.674,2.6136404e+07,0.034857817,949706.9
Geo14,2022-11-21,2.719811e+06,2.790122e+06,2.474371e+06,3.0075144e+07,3.5253203,31602.594,30954.148,27255.215,2.6539288e+07,0.034510355,949706.9
Geo14,2022-11-28,1.755166e+06,1.480814e+06,2.433138e+06,2.6034944e+07,2.3462374,20393.99,16428.436,26801.033,2.1492034e+07,0.034825932,949706.9
Geo14,2022-12-05,1.866414e+06,4.168912e+06,1.491636e+06,2.984739e+07,1.1312088,21686.625,46250.71,16430.38,2.5572446e+07,0.034777652,949706.9
Geo14,2022-12-12,2.915246e+06,3.239992e+06,2.637277e+06,3.5467812e+07,-1.2359535,33873.434,35945.094,29049.625,1.9070774e+07,0.03508064,949706.9
Geo14,2022-12-19,2.084328e+06,3.045638e+06,2.485625e+06,2.6044272e+07,-4.6862235,24218.656,33788.895,27379.178,1.791084e+07,0.034535598,949706.9
Geo14,2022-12-26,2.391724e+06,2.93925e+06,2.549863e+06,2.727687e+07,-2.3866298,27790.416,32608.604,28086.76,2.2087492e+07,0.035377957,949706.9
Geo14,2023-01-02,1.783322e+06,1.555028e+06,1.454558e+06,2.8931096e+07,3.7887359,20721.145,17251.78,16021.967,2.6210228e+07,0.034978095,949706.9
Geo14,2023-01-09,1.921946e+06,2.977366e+06,1.105771e+06,2.6429312e+07,2.2593021,22331.875,33031.47,12180.075,2.7775926e+07,0.034747697,949706.9
Geo14,2023-01-16,1.778142e+06,3.242694e+06,2.079949e+06,2.7695116e+07,1.8498013,20660.957,35975.07,22910.654,2.6478706e+07,0.034623746,949706.9
Geo14,2023-01-23,1.540258e+06,1.791299e+06,946137.0,2.5529534e+07,-4.0028996,17896.885,19873.016,10421.706,1.6636392e+07,0.034659218,949706.9
Geo14,2023-01-30,996929.0,1.636342e+06,3.16262e+06,2.9201308e+07,1.9580388,11583.725,18153.893,34836.28,2.0337188e+07,0.03457792,949706.9
Geo14,2023-02-06,2.411762e+06,1.787557e+06,3.083514e+06,2.917544e+07,1.852346,28023.246,19831.5,33964.93,2.6277218e+07,0.034557343,949706.9
Geo14,2023-02-13,3.427593e+06,3.938735e+06,1.897449e+06,2.7767912e+07,-0.3867305,39826.6,43697.082,20900.414,2.1314322e+07,0.035259098,949706.9
Geo14,2023-02-20,758345.0,2.410248e+06,1.647128e+06,2.7033892e+07,-1.3261936,8811.52,26739.754,18143.127,1.8468796e+07,0.035292298,949706.9
Geo14,2023-02-27,1.766492e+06,2.510554e+06,1.298922e+06,2.719659e+07,-4.3238745,20525.59,27852.568,14307.636,1.4766479e+07,0.034784045,949706.9
Geo14,2023-03-06,3.238749e+06,2.905432e+06,3.18951e+06,2.4705476e+07,4.4475207,37632.344,32233.42,35132.477,2.6399916e+07,0.03512501,949706.9
Geo14,2023-03-13,1.663338e+06,1.190244e+06,1.680077e+06,2.7570106e+07,-0.17823741,19327.002,13204.796,18506.06,1.8155948e+07,0.034731865,949706.9
Geo14,2023-03-20,1.080715e+06,3.128045e+06,1.204534e+06,2.9884024e+07,-0.99370635,12557.269,34703.133,13267.951,2.1456502e+07,0.0352996,949706.9
Geo14,2023-03-27,2.27323e+06,3.347631e+06,1.633222e+06,3.1259954e+07,1.4212958,26413.586,37139.26,17989.953,2.223881e+07,0.035498593,949706.9
Geo14,2023-04-03,2.21888e+06,1.533467e+06,1.338625e+06,3.0595844e+07,-7.299428,25782.072,17012.578,14744.964,1.3872193e+07,0.035288114,949706.9
Geo14,2023-04-10,2.076752e+06,2.968611e+06,2.166254e+06,2.9930976e+07,-5.005962,24130.629,32934.34,23861.303,1.372007e+07,0.03499868,949706.9
Geo14,2023-04-17,1.986767e+06,2.263853e+06,1.124994e+06,2.8097994e+07,2.138488,23085.057,25115.62,12391.817,2.5122234e+07,0.034532443,949706.9
Geo14,2023-04-24,2.291741e+06,3.418487e+06,1.6077e+06,2.6388876e+07,2.7236302,26628.674,37925.35,17708.828,2.347535e+07,0.03461554,949706.9
Geo14,2023-05-01,2.7211e+06,3.170495e+06,2.562438e+06,3.0785028e+07,0.31423908,31617.57,35174.082,28225.273,2.1578832e+07,0.034761354,949706.9
Geo14,2023-05-08,2.43833e+06,1.507697e+06,1.761688e+06,2.8206316e+07,5.730734,28331.951,16726.68,19405.006,3.1709378e+07,0.035466347,949706.9
Geo14,2023-05-15,2.210876e+06,3.850023e+06,1.187274e+06,2.9803848e+07,-0.47249216,25689.07,42712.895,13077.832,2.032309e+07,0.03469135,949706.9
Geo14,2023-05-22,1.261803e+06,1.64626e+06,2.732776e+06,3.1221092e+07,2.9393516,14661.403,18263.924,30101.547,2.5808248e+07,0.035315376,949706.9
Geo14,2023-05-29,1.549263e+06,3.508987e+06,2.267064e+06,2.7148346e+07,-2.1103644,18001.518,38929.375,24971.727,2.0900468e+07,0.035174683,949706.9
Geo14,2023-06-05,461372.0,2.644548e+06,1.957063e+06,2.626069e+07,-0.49214226,5360.869,29339.123,21557.062,2.2974356e+07,0.034692433,949706.9
Geo14,2023-06-12,1.121735e+06,2.885526e+06,1.026637e+06,2.8697708e+07,-2.4697862,13033.896,32012.58,11308.414,1.9967306e+07,0.035225093,949706.9
Geo14,2023-06-19,2.300654e+06,2.609212e+06,2.19036e+06,2.861801e+07,3.0804656,26732.236,28947.1,24126.832,2.5298844e+07,0.034795873,949706.9
Geo14,2023-06-26,2.610573e+06,2.029418e+06,953585.0,2.647266e+07,1.6155696,30333.312,22514.754,10503.746,2.0167898e+07,0.035413574,949706.9
Geo14,2023-07-03,2.738708e+06,2.247639e+06,1.521775e+06,2.6804808e+07,0.31066877,31822.164,24935.738,16762.363,2.3375224e+07,0.035069186,949706.9
Geo14,2023-07-10,1.264699e+06,1.885162e+06,1.88684e+06,2.687166e+07,1.2623363,14695.054,20914.35,20783.557,2.019776e+07,0.035025384,949706.9
Geo14,2023-07-17,2.399079e+06,3.107202e+06,2.487146e+06,2.7951556e+07,0.65909976,27875.877,34471.895,27395.932,2.439285e+07,0.034836996,949706.9
Geo14,2023-07-24,711100.0,2.954898e+06,1.257655e+06,2.642638e+07,-0.8667898,8262.561,32782.207,13853.079,2.1131596e+07,0.035282966,949706.9
Geo14,2023-07-31,2.387845e+06,3.129837e+06,1.757071e+06,2.5569596e+07,0.42657614,27745.344,34723.01,19354.15,2.3999332e+07,0.03539407,949706.9
Geo14,2023-08-07,1.170254e+06,2.213293e+06,2.117786e+06,2.9999836e+07,3.7803307,13597.658,24554.697,23327.428,2.5281292e+07,0.03455427,949706.9
Geo14,2023-08-14,2.405454e+06,3.216158e+06,2.736365e+06,2.73231e+07,5.384507,27949.951,35680.676,30141.08,2.855728e+07,0.03546467,949706.9
Geo14,2023-08-21,3.244248e+06,3.187122e+06,2.166725e+06,2.520408e+07,-1.2037423,37696.24,35358.543,23866.492,1.9579188e+07,0.03485965,949706.9
Geo14,2023-08-28,2.74091e+06,2.41611e+06,1.758921e+06,2.7535602e+07,1.8497446,31847.75,26804.79,19374.527,2.3427268e+07,0.03487206,949706.9
Geo14,2023-09-04,453618.0,3.187603e+06,1.26108e+06,2.5588956e+07,-1.0134184,5270.7725,35363.88,13890.806,1.9345272e+07,0.03498767,949706.9
Geo14,2023-09-11,2.628012e+06,2.598058e+06,1.612863e+06,2.8546716e+07,0.87244296,30535.943,28823.354,17765.697,2.1331894e+07,0.03529138,949706.9
Geo14,2023-09-18,3.20713e+06,2.855954e+06,800821.0,3.087102e+07,-4.2528596,37264.95,31684.502,8821.049,1.7293078e+07,0.034839794,949706.9
Geo14,2023-09-25,2.11238e+06,2.798367e+06,835263.0,2.7368762e+07,0.3566946,24544.604,31045.621,9200.428,2.171031e+07,0.035360016,949706.9
Geo14,2023-10-02,2.329679e+06,2.169936e+06,1.747428e+06,2.5062986e+07,-2.622929,27069.49,24073.688,19247.932,1.7122838e+07,0.035074808,949706.9
Geo14,2023-10-09,2.601073e+06,2.534662e+06,2.126627e+06,2.8249808e+07,-2.2852626,30222.928,28120.027,23424.812,2.123715e+07,0.034637548,949706.9
Geo14,2023-10-16,2.06603e+06,3.293726e+06,1.560822e+06,3.196241e+07,0.048737917,24006.045,36541.23,17192.465,2.287457e+07,0.034816414,949706.9
Geo14,2023-10-23,1.440054e+06,3.749136e+06,2.304182e+06,2.844564e+07,2.5883887,16732.574,41593.637,25380.582,2.1055084e+07,0.034539532,949706.9
Geo14,2023-10-30,1.884654e+06,3.039391e+06,1.19683e+06,2.8035752e+07,-6.139728,21898.562,33719.586,13183.091,1.7796404e+07,0.03451547,949706.9
Geo14,2023-11-06,2.071481e+06,2.620168e+06,2.37673e+06,3.0667818e+07,-1.3811463,24069.383,29068.646,26179.697,1.9529818e+07,0.03468756,949706.9
Geo14,2023-11-13,1.601093e+06,1.372009e+06,2.858238e+06,2.7419768e+07,-0.8970014,18603.752,15221.331,31483.512,2.0845432e+07,0.03491372,949706.9
Geo14,2023-11-20,2.470064e+06,1.877683e+06,1.589343e+06,3.1703304e+07,-4.005064,28700.68,20831.375,17506.625,1.8770466e+07,0.034809466,949706.9
Geo14,2023-11-27,2.741428e+06,3.610382e+06,2.646434e+06,2.8168884e+07,2.2884302,31853.77,40054.27,29150.49,2.5210772e+07,0.03526993,949706.9
Geo14,2023-12-04,1.773013e+06,1.899412e+06,2.479173e+06,3.1395394e+07,3.152677,20601.361,21072.441,27308.11,2.9131834e+07,0.03541305,949706.9
Geo14,2023-12-11,1.74122e+06,1.878564e+06,1.782987e+06,3.0838204e+07,-2.5182114,20231.945,20841.15,19639.615,1.6489868e+07,0.034535207,949706.9
Geo14,2023-12-18,2.941117e+06,2.639385e+06,2.19728e+06,2.5890494e+07,0.113475695,34174.04,29281.844,24203.055,2.4130902e+07,0.03492595,949706.9
Geo14,2023-12-25,2.085186e+06,2.509505e+06,1.448519e+06,3.110277e+07,-2.2381,24228.627,27840.93,15955.447,1.6952118e+07,0.03474168,949706.9
Geo14,2024-01-01,2.143605e+06,3.121674e+06,2.850342e+06,3.2072272e+07,-2.0087805,24907.42,34632.45,31396.537,1.9520014e+07,0.034899697,949706.9
Geo14,2024-01-08,1.900406e+06,2.943514e+06,1.457735e+06,3.2849458e+07,-0.7842214,22081.592,32655.91,16056.962,1.9625678e+07,0.03521611,949706.9
Geo14,2024-01-15,1.482134e+06,3.163939e+06,2.272844e+06,3.0416332e+07,3.1681342,17221.52,35101.348,25035.393,2.8298858e+07,0.03505709,949706.9
Geo15,2021-01-25,420336.0,437000.0,380346.0,3.566143e+06,0.8773003,4884.055,4848.162,4189.514,3.8187808e+06,0.0345752,187777.55
Geo15,2021-02-01,264513.0,301845.0,297817.0,4.112016e+06,-4.8096604,3073.4844,3348.7263,3280.4563,1.7721514e+06,0.035187904,187777.55
Geo15,2021-02-08,127294.0,744451.0,321090.0,3.977278e+06,-5.835124,1479.0809,8259.082,3536.8086,2.4806098e+06,0.034533538,187777.55
Geo15,2021-02-15,244708.0,382214.0,346791.0,3.874515e+06,-1.0371941,2843.362,4240.3555,3819.9053,3.948578e+06,0.035234977,187777.55
Geo15,2021-02-22,351763.0,416516.0,357281.0,4.224911e+06,2.3695226,4087.2776,4620.9087,3935.453,5.181831e+06,0.034955993,187777.55
Geo15,2021-03-01,397985.0,414925.0,443880.0,5.12738e+06,0.68548864,4624.35,4603.258,4889.3413,4.5190295e+06,0.034826644,187777.55
Geo15,2021-03-08,481622.0,401938.0,511282.0,5.482352e+06,1.0108857,5596.1626,4459.1772,5631.775,5.010991e+06,0.034937132,187777.55
Geo15,2021-03-15,268771.0,648082.0,533105.0,5.298406e+06,-1.1350217,3122.9597,7189.9463,5872.1553,4.740831e+06,0.035207506,187777.55
Geo15,2021-03-22,443539.0,742356.0,119506.0,5.936126e+06,-0.59287,5153.6606,8235.84,1316.3595,4.4436975e+06,0.03527268,187777.55
Geo15,2021-03-29,488651.0,471021.0,543295.0,4.823817e+06,4.828764,5677.835,5225.5977,5984.3984,6.8194715e+06,0.03467675,187777.55
Geo15,2021-04-05,414564.0,391428.0,361039.0,5.734973e+06,-0.17683491,4816.9883,4342.5776,3976.8472,5.4441725e+06,0.034507927,187777.55
Geo15,2021-04-12,412782.0,464620.0,193080.0,5.831262e+06,-1.7896497,4796.282,5154.5835,2126.7776,5.5780475e+06,0.035399128,187777.55
Geo15,2021-04-19,538024.0,429592.0,469275.0,5.975403e+06,-3.1121843,6251.52,4765.976,5169.0674,4.3899335e+06,0.03469147,187777.55
Geo15,2021-04-26,190473.0,687069.0,232996.0,5.987908e+06,0.8698759,2213.1833,7622.4756,2566.4526,6.2522015e+06,0.034541726,187777.55
Geo15,2021-05-03,237049.0,461077.0,184769.0,5.999204e+06,-0.7530461,2754.369,5115.277,2035.2319,5.6856075e+06,0.035253312,187777.55
Geo15,2021-05-10,491807.0,659694.0,546130.0,6.108614e+06,1.9556977,5714.506,7318.772,6015.626,6.997545e+06,0.03464765,187777.55
Geo15,2021-05-17,429824.0,635250.0,137782.0,5.11358e+06,-7.1157312,4994.3003,7047.5854,1517.6697,3.6939898e+06,0.034625918,187777.55
Geo15,2021-05-24,251486.0,379302.0,538847.0,5.394642e+06,-1.6273866,2922.1184,4208.0493,5935.404,4.4794775e+06,0.034590762,187777.55
Geo15,2021-05-31,320455.0,606576.0,593092.0,5.652356e+06,-0.35218373,3723.4973,6729.4707,6532.9126,6.1056255e+06,0.03493821,187777.55
Geo15,2021-06-07,448825.0,454839.0,193697.0,5.475618e+06,2.8797808,5215.0806,5046.0713,2133.574,6.6982885e+06,0.0354517,187777.55
Geo15,2021-06-14,259242.0,587642.0,268636.0,5.812816e+06,3.4151897,3012.2385,6519.413,2959.0276,6.8443175e+06,0.034735322,187777.55
Geo15,2021-06-21,354350.0,695777.0,298081.0,5.810338e+06,-5.4378,4117.337,7719.0835,3283.3645,3.9423722e+06,0.034975536,187777.55
Geo15,2021-06-28,641544.0,440748.0,335635.0,5.676424e+06,2.2339835,7454.3613,4889.743,3697.022,6.725584e+06,0.035356432,187777.55
Geo15,2021-07-05,500305.0,616742.0,527840.0,5.934608e+06,-2.363326,5813.2476,6842.2544,5814.1616,5.267558e+06,0.035016287,187777.55
Geo15,2021-07-12,422427.0,676146.0,454711.0,6.226521e+06,-0.9579909,4908.3516,7501.2935,5008.645,5.982218e+06,0.035391364,187777.55
Geo15,2021-07-19,388644.0,444639.0,513696.0,4.88811e+06,3.9668806,4515.813,4932.9106,5658.365,7.279499e+06,0.035209656,187777.55
Geo15,2021-07-26,559619.0,471580.0,363293.0,6.27948e+06,4.5271726,6502.4414,5231.7993,4001.675,6.880371e+06,0.034853328,187777.55
Geo15,2021-08-02,355677.0,475454.0,316601.0,6.071802e+06,-1.8690455,4132.756,5274.778,3487.3623,5.090613e+06,0.03541708,187777.55
Geo15,2021-08-09,295462.0,416212.0,121864.0,5.16392e+06,-4.64908,3433.0935,4617.5356,1342.3329,4.0454865e+06,0.03455071,187777.55
Geo15,2021-08-16,245596.0,543714.0,444466.0,6.344508e+06,5.3255506,2853.68,6032.0674,4895.7964,7.2550765e+06,0.03507136,187777.55
Geo15,2021-08-23,469007.0,537561.0,534860.0,6.462178e+06,0.2087287,5449.5835,5963.805,5891.487,5.9926995e+06,0.03463098,187777.55
Geo15,2021-08-30,323017.0,492416.0,587436.0,6.161706e+06,2.279426,3753.266,5462.9575,6470.612,6.373787e+06,0.03493461,187777.55
Geo15,2021-09-06,535887.0,453981.0,390498.0,5.758584e+06,1.4186146,6226.6895,5036.5522,4301.3384,6.0082955e+06,0.0353983,187777.55
Geo15,2021-09-13,200445.0,572141.0,369446.0,5.409269e+06,2.594794,2329.0522,6347.442,4069.4504,6.8942295e+06,0.035373606,187777.55
Geo15,2021-09-20,695948.0,633896.0,177066.0,4.601231e+06,-3.8008597,8086.5034,7032.564,1950.3833,4.5449025e+06,0.034503795,187777.55
Geo15,2021-09-27,467992.0,519435.0,472775.0,5.369234e+06,-2.8584924,5437.79,5762.7114,5207.62,4.250114e+06,0.035031732,187777.55
Geo15,2021-10-04,572831.0,692493.0,372411.0,5.593158e+06,0.91084945,6655.957,7682.6504,4102.11,5.6184325e+06,0.0352605,187777.55
Geo15,2021-10-11,466652.0,618720.0,497175.0,6.630302e+06,0.011871003,5422.2197,6864.1987,5476.386,5.8924275e+06,0.035190795,187777.55
Geo15,2021-10-18,348436.0,691378.0,435987.0,5.765879e+06,4.9392214,4048.6199,7670.2803,4802.4,6.9551285e+06,0.03475235,187777.55
Geo15,2021-10-25,464641.0,436251.0,500791.0,5.770664e+06,-0.18607865,5398.853,4839.8525,5516.2163,6.515273e+06,0.03519979,187777.55
Geo15,2021-11-01,445337.0,410252.0,376861.0,5.783746e+06,2.1333008,5174.5522,4551.4146,4151.1265,6.113182e+06,0.03503606,187777.55
Geo15,2021-11-08,252812.0,311454.0,366670.0,5.237216e+06,-3.5577235,2937.5256,3455.3306,4038.8728,4.609647e+06,0.034716073,187777.55
Geo15,2021-11-15,286698.0,523930.0,426953.0,5.733148e+06,-1.3195688,3331.261,5812.58,4702.8906,5.997298e+06,0.035195682,187777.55
Geo15,2021-11-22,411096.0,432859.0,329642.0,5.485558e+06,-6.650112,4776.692,4802.2207,3631.009,3.9893288e+06,0.035200465,187777.55
Geo15,2021-11-29,653625.0,488071.0,479092.0,5.873609e+06,-3.821909,7594.7354,5414.7534,5277.2017,4.921142e+06,0.03488233,187777.55
Geo15,2021-12-06,321313.0,474450.0,305195.0,5.923902e+06,0.43572414,3733.4668,5263.6396,3361.725,5.00234e+06,0.035263855,187777.55
Geo15,2021-12-13,611931.0,341826.0,319297.0,5.277206e+06,2.3161716,7110.276,3792.2832,3517.0588,6.6779935e+06,0.035448354,187777.55
Geo15,2021-12-20,581288.0,631094.0,538114.0,6.157869e+06,-0.64589316,6754.222,7001.478,5927.3296,5.512989e+06,0.03529437,187777.55
Geo15,2021-12-27,504594.0,343584.0,442122.0,6.542138e+06,1.2734672,5863.0835,3811.7869,4869.977,6.0874605e+06,0.034902684,187777.55
Geo15,2022-01-03,492609.0,591567.0,363763.0,6.163958e+06,-0.9962262,5723.8247,6562.958,4006.852,5.2434855e+06,0.034616806,187777.55
Geo15,2022-01-10,295556.0,559369.0,453433.0,5.436666e+06,1.9181819,3434.1855,6205.747,4994.568,6.045471e+06,0.034946155,187777.55
Geo15,2022-01-17,516600.0,554399.0,395533.0,6.272153e+06,1.2078465,6002.586,6150.609,4356.799,5.927824e+06,0.034652,187777.55
Geo15,2022-01-24,405979.0,532710.0,490428.0,6.032054e+06,0.98304695,4717.2354,5909.987,5402.068,6.380689e+06,0.034918513,187777.55
Geo15,2022-01-31,546813.0,478020.0,664717.0,6.848402e+06,5.596727,6353.643,5303.2456,7321.863,6.9732415e+06,0.034842525,187777.55
Geo15,2022-02-07,368412.0,656646.0,291435.0,6.104525e+06,1.6657045,4280.729,7284.957,3210.1587,5.9869825e+06,0.035133313,187777.55
Geo15,2022-02-14,350853.0,357681.0,666455.0,5.84306e+06,-1.2916951,4076.704,3968.1816,7341.007,6.016352e+06,0.034882486,187777.55
Geo15,2022-02-21,334543.0,446460.0,445755.0,6.250302e+06,-4.334375,3887.1914,4953.113,4909.9946,4.9416795e+06,0.034864873,187777.55
Geo15,2022-02-28,408544.0,530372.0,297525.0,4.89918e+06,2.4442205,4747.039,5884.049,3277.24,6.2941645e+06,0.03472805,187777.55
Geo15,2022-03-07,474450.0,393035.0,502667.0,5.948048e+06,2.029123,5512.828,4360.406,5536.881,6.5784735e+06,0.035358828,187777.55
Geo15,2022-03-14,372255.0,369191.0,327300.0,5.173339e+06,1.6009493,4325.383,4095.876,3605.212,5.1724885e+06,0.03517452,187777.55
Geo15,2022-03-21,232193.0,452416.0,498060.0,6.054344e+06,0.9221469,2697.945,5019.19,5486.135,5.971981e+06,0.035293013,187777.55
Geo15,2022-03-28,305811.0,449714.0,318877.0,5.08242e+06,-3.9426894,3553.3428,4989.2134,3512.4324,4.3771745e+06,0.03473677,187777.55
Geo15,2022-04-04,301278.0,498004.0,524047.0,6.026215e+06,9.716289,3500.6719,5524.952,5772.3813,7.9243135e+06,0.0346663,187777.55
Geo15,2022-04-11,484943.0,446437.0,729196.0,5.532028e+06,-2.7631412,5634.7505,4952.858,8032.099,4.2888975e+06,0.035335682,187777.55
Geo15,2022-04-18,609302.0,513880.0,303764.0,5.353918e+06,-1.335635,7079.7285,5701.0835,3345.9626,4.9383895e+06,0.034788832,187777.55
Geo15,2022-04-25,624217.0,384937.0,568558.0,5.941526e+06,-6.866073,7253.0317,4270.565,6262.6704,3.8266908e+06,0.034751266,187777.55
Geo15,2022-05-02,422587.0,746463.0,449009.0,5.686378e+06,7.1624928,4910.2104,8281.404,4945.8374,8.1602805e+06,0.034661166,187777.55
Geo15,2022-05-09,429081.0,571184.0,562279.0,5.338396e+06,-1.9302094,4985.667,6336.825,6193.5073,5.674866e+06,0.03530144,187777.55
Geo15,2022-05-16,500901.0,784734.0,674796.0,6.104648e+06,4.374217,5820.173,8705.989,7432.883,6.4406215e+06,0.03507754,187777.55
Geo15,2022-05-23,552128.0,538521.0,278804.0,5.793342e+06,-5.580845,6415.4004,5974.4556,3071.028,3.6270548e+06,0.034908935,187777.55
Geo15,2022-05-30,429403.0,589332.0,600984.0,6.365624e+06,-1.596793,4989.4087,6538.1626,6619.8433,5.832126e+06,0.035246722,187777.55
Geo15,2022-06-06,385453.0,652213.0,390933.0,5.486452e+06,3.317021,4478.7354,7235.7764,4306.13,6.9247455e+06,0.035275444,187777.55
Geo15,2022-06-13,408678.0,639131.0,301745.0,6.273485e+06,3.386716,4748.596,7090.642,3323.7234,6.2815e+06,0.035360713,187777.55
Geo15,2022-06-20,486834.0,569976.0,343403.0,5.877058e+06,3.1992896,5656.7227,6323.4233,3782.5864,6.7004415e+06,0.035232894,187777.55
Geo15,2022-06-27,462777.0,722640.0,510186.0,6.04953e+06,-4.075087,5377.195,8017.107,5619.7026,4.8830885e+06,0.0350251,187777.55
Geo15,2022-07-04,584964.0,460250.0,318076.0,5.340474e+06,-3.1100836,6796.935,5106.102,3503.6094,4.8516205e+06,0.035285216,187777.55
Geo15,2022-07-11,268222.0,492001.0,85035.0,5.097134e+06,-2.6312535,3116.5808,5458.3535,936.66113,4.7849e+06,0.0353949,187777.55
Geo15,2022-07-18,428914.0,456869.0,454197.0,6.107223e+06,4.542299,4983.7266,5068.5923,5002.9834,6.926075e+06,0.034824293,187777.55
Geo15,2022-07-25,353067.0,621046.0,66711.0,5.363592e+06,-4.277636,4102.429,6890.0034,734.82214,4.288804e+06,0.034989208,187777.55
Geo15,2022-08-01,634608.0,607408.0,498099.0,5.572458e+06,-4.6798816,7373.769,6738.701,5486.564,4.566686e+06,0.03527932,187777.55
Geo15,2022-08-08,446428.0,700722.0,360016.0,6.378394e+06,-0.0033284454,5187.229,7773.9443,3965.5789,5.5632595e+06,0.035335727,187777.55
Geo15,2022-08-15,472690.0,634530.0,205803.0,6.398101e+06,-3.3972402,5492.378,7039.5977,2266.9216,4.5652035e+06,0.035427555,187777.55
Geo15,2022-08-22,465359.0,549532.0,335915.0,5.402058e+06,-1.9249531,5407.196,6096.614,3700.1062,4.7749605e+06,0.034979302,187777.55
Geo15,2022-08-29,476331.0,510032.0,404558.0,5.626648e+06,3.189869,5534.684,5658.393,4456.2095,7.0260925e+06,0.034652866,187777.55
Geo15,2022-09-05,414830.0,510260.0,266232.0,6.228994e+06,-1.2868192,4820.079,5660.9224,2932.5474,5.501157e+06,0.03486986,187777.55
Geo15,2022-09-12,324977.0,544756.0,341383.0,5.599797e+06,-2.410648,3776.0403,6043.6274,3760.3362,4.742125e+06,0.034719154,187777.55
Geo15,2022-09-19,415499.0,635082.0,426961.0,6.839438e+06,2.1663542,4827.852,7045.7217,4702.9785,6.369063e+06,0.035381336,187777.55
Geo15,2022-09-26,138934.0,595615.0,366639.0,5.069167e+06,1.7064781,1614.3308,6607.867,4038.5312,5.834809e+06,0.03470035,187777.55
Geo15,2022-10-03,463228.0,520236.0,522113.0,6.179404e+06,-2.281745,5382.435,5771.598,5751.0786,5.2828475e+06,0.03546524,187777.55
Geo15,2022-10-10,504426.0,613456.0,423567.0,5.784802e+06,-3.264048,5861.1313,6805.799,4665.5938,4.716424e+06,0.035027362,187777.55
Geo15,2022-10-17,352171.0,474674.0,548819.0,5.612186e+06,1.8994128,4092.0183,5266.1245,6045.245,7.283048e+06,0.035350043,187777.55
Geo15,2022-10-24,715024.0,444988.0,182493.0,5.40535e+06,-0.96400404,8308.155,4936.782,2010.1617,5.810021e+06,0.03467491,187777.55
Geo15,2022-10-31,429488.0,697970.0,392999.0,5.709226e+06,-6.748894,4990.396,7743.413,4328.8867,3.703899e+06,0.035055958,187777.55
Geo15,2022-11-07,568561.0,574608.0,75457.0,5.894473e+06,6.8625107,6606.3423,6374.8115,831.1594,6.8358565e+06,0.035147183,187777.55
Geo15,2022-11-14,273298.0,296524.0,166865.0,5.983627e+06,-5.9733505,3175.5608,3289.694,1838.0192,3.7452675e+06,0.034966927,187777.55
Geo15,2022-11-21,658793.0,606676.0,440397.0,6.12299e+06,-2.063282,7654.7847,6730.58,4850.976,4.960256e+06,0.034820803,187777.55
Geo15,2022-11-28,497901.0,475043.0,350317.0,5.473934e+06,-0.36229926,5785.315,5270.2183,3858.7444,4.9213855e+06,0.034921903,187777.55
Geo15,2022-12-05,270869.0,645226.0,430885.0,6.006842e+06,3.5800672,3147.3374,7158.261,4746.201,6.81111e+06,0.035073176,187777.55
Geo15,2022-12-12,576106.0,653138.0,440441.0,7.18533e+06,-1.0177928,6694.0103,7246.0386,4851.461,5.035171e+06,0.034557253,187777.55
Geo15,2022-12-19,415432.0,676209.0,530299.0,5.284875e+06,-0.6346443,4827.0737,7501.9927,5841.2476,5.743282e+06,0.034557763,187777.55
Geo15,2022-12-26,523059.0,281284.0,467924.0,5.587793e+06,1.4242353,6077.6357,3120.6187,5154.186,6.5203165e+06,0.034520503,187777.55
Geo15,2023-01-02,188711.0,737023.0,428183.0,5.636545e+06,-5.1385136,2192.71,8176.675,4716.439,4.177562e+06,0.03508867,187777.55
Geo15,2023-01-09,449584.0,444730.0,262347.0,5.312961e+06,-1.6944026,5223.9,4933.92,2889.7542,5.8582655e+06,0.035183974,187777.55
Geo15,2023-01-16,532823.0,567688.0,465736.0,5.744326e+06,-2.145403,6191.088,6298.0396,5130.0854,5.6276215e+06,0.034835096,187777.55
Geo15,2023-01-23,278971.0,414996.0,275142.0,4.96794e+06,-2.4323816,3241.4778,4604.0454,3030.6912,5.0483945e+06,0.035006326,187777.55
Geo15,2023-01-30,358660.0,275676.0,441046.0,5.658568e+06,-1.9759798,4167.417,3058.4026,4858.125,4.303208e+06,0.034652386,187777.55
Geo15,2023-02-06,331897.0,531484.0,479602.0,5.718184e+06,-4.3241982,3856.4465,5896.3857,5282.8193,4.889299e+06,0.034868993,187777.55
Geo15,2023-02-13,503807.0,658306.0,510755.0,5.428652e+06,0.15195732,5853.939,7303.373,5625.97,5.6054525e+06,0.034992415,187777.55
Geo15,2023-02-20,280862.0,644585.0,359010.0,5.37559e+06,4.7760773,3263.4502,7151.15,3954.4978,6.46703e+06,0.03528933,187777.55
Geo15,2023-02-27,472858.0,638624.0,377234.0,5.534314e+06,-3.439172,5494.33,7085.017,4155.2354,4.0240925e+06,0.035027973,187777.55
Geo15,2023-03-06,522379.0,556959.0,677504.0,5.004122e+06,-4.125928,6069.7344,6179.0103,7462.7114,4.339005e+06,0.034897942,187777.55
Geo15,2023-03-13,350341.0,155767.0,310164.0,5.538324e+06,2.140554,4070.755,1728.109,3416.4587,5.538282e+06,0.035270903,187777.55
Geo15,2023-03-20,623333.0,720527.0,479650.0,6.06821e+06,7.9445095,7242.7603,7993.665,5283.348,7.8821055e+06,0.03543447,187777.55
Geo15,2023-03-27,474076.0,587353.0,438450.0,6.35469e+06,-0.6076553,5508.4824,6516.207,4829.53,5.33371e+06,0.03545855,187777.55
Geo15,2023-04-03,367179.0,462629.0,262782.0,6.090196e+06,0.21101478,4266.4023,5132.495,2894.5457,5.9680135e+06,0.035444196,187777.55
Geo15,2023-04-10,305102.0,829166.0,440236.0,6.052761e+06,1.631089,3545.1045,9198.927,4849.2026,5.778002e+06,0.034798037,187777.55
Geo15,2023-04-17,586711.0,511169.0,356803.0,5.902923e+06,1.9909201,6817.2344,5671.007,3930.1877,6.234348e+06,0.03491732,187777.55
Geo15,2023-04-24,504542.0,458523.0,392516.0,5.487866e+06,-2.0213733,5862.479,5086.9424,4323.5664,4.838359e+06,0.034590647,187777.55
Geo15,2023-05-01,571293.0,744170.0,468115.0,6.200752e+06,-2.8092728,6638.0864,8255.965,5156.29,4.702189e+06,0.03488466,187777.55
Geo15,2023-05-08,521158.0,551488.0,226296.0,5.775947e+06,-4.981666,6055.5474,6118.314,2492.652,4.757604e+06,0.035161693,187777.55
Geo15,2023-05-15,583668.0,660915.0,100305.0,6.187797e+06,-0.3044954,6781.8765,7332.318,1104.8604,5.367058e+06,0.034604438,187777.55
Geo15,2023-05-22,269121.0,394651.0,561483.0,6.452606e+06,-3.4718435,3127.0266,4378.334,6184.7393,4.76155e+06,0.034888327,187777.55
Geo15,2023-05-29,130297.0,679362.0,351157.0,5.424302e+06,1.4318475,1513.974,7536.9727,3867.9968,6.503696e+06,0.034614664,187777.55
Geo15,2023-06-05,296218.0,756051.0,589792.0,5.425432e+06,2.9327888,3441.8777,8387.775,6496.563,6.8294625e+06,0.034583963,187777.55
Geo15,2023-06-12,441543.0,664639.0,423516.0,6.098534e+06,-0.6498963,5130.4683,7373.633,4665.0317,5.703657e+06,0.034627568,187777.55
Geo15,2023-06-19,379022.0,513665.0,492375.0,5.692242e+06,-1.891237,4404.011,5698.698,5423.514,5.3685745e+06,0.03525544,187777.55
Geo15,2023-06-26,476472.0,454043.0,190369.0,5.33684e+06,-0.7625631,5536.3223,5037.24,2096.916,5.091933e+06,0.03493104,187777.55
Geo15,2023-07-03,329688.0,527216.0,392362.0,5.414501e+06,0.48753145,3830.7793,5849.0356,4321.87,5.9609885e+06,0.03467758,187777.55
Geo15,2023-07-10,345693.0,342948.0,340797.0,5.39254e+06,-2.4061441,4016.7478,3804.731,3753.8813,4.5190135e+06,0.035152256,187777.55
Geo15,2023-07-17,435719.0,669200.0,404922.0,5.609537e+06,-1.578114,5062.797,7424.2334,4460.2188,5.654585e+06,0.034844883,187777.55
Geo15,2023-07-24,52216.0,337012.0,530457.0,5.146442e+06,-1.2993158,606.719,3738.8757,5842.988,5.143765e+06,0.034691818,187777.55
Geo15,2023-07-31,286251.0,443224.0,464746.0,5.012754e+06,-6.327168,3326.0671,4917.2124,5119.1807,4.229105e+06,0.03515085,187777.55
Geo15,2023-08-07,292688.0,377777.0,404847.0,5.713418e+06,-1.6486657,3400.861,4191.1304,4459.3926,4.988748e+06,0.03517935,187777.55
Geo15,2023-08-14,533164.0,690750.0,516163.0,5.147988e+06,3.490192,6195.05,7663.313,5685.539,6.4105055e+06,0.034994084,187777.55
Geo15,2023-08-21,547250.0,677689.0,338051.0,4.587914e+06,-0.19022052,6358.7207,7518.412,3723.6343,5.26382e+06,0.03532831,187777.55
Geo15,2023-08-28,196163.0,479411.0,452000.0,5.040768e+06,-2.9707007,2279.2979,5318.6777,4978.783,4.54392e+06,0.03503215,187777.55
Geo15,2023-09-04,243877.0,548277.0,226990.0,4.9575e+06,3.8946326,2833.7063,6082.6904,2500.2964,6.196026e+06,0.03504468,187777.55
Geo15,2023-09-11,589082.0,318625.0,383143.0,5.523173e+06,-2.463209,6844.7837,3534.887,4220.3228,4.462792e+06,0.035167087,187777.55
Geo15,2023-09-18,323327.0,398548.0,158661.0,5.562594e+06,-2.8515656,3756.8682,4421.568,1747.6521,4.7253695e+06,0.034820292,187777.55
Geo15,2023-09-25,468627.0,576449.0,201831.0,5.376077e+06,-3.4098608,5445.168,6395.236,2223.17,4.414253e+06,0.034500606,187777.55
Geo15,2023-10-02,470168.0,382233.0,575134.0,4.915736e+06,-2.8883839,5463.0737,4240.5664,6335.105,4.364604e+06,0.03474548,187777.55
Geo15,2023-10-09,418971.0,724962.0,525745.0,5.34602e+06,-2.8222833,4868.195,8042.8677,5791.085,5.07933e+06,0.034936503,187777.55
Geo15,2023-10-16,133045.0,587646.0,317872.0,6.077379e+06,-6.394107,1545.904,6519.4575,3501.3623,4.0406372e+06,0.035435878,187777.55
Geo15,2023-10-23,417644.0,680782.0,475588.0,5.393632e+06,-0.47822577,4852.776,7552.726,5238.6055,4.591423e+06,0.03546445,187777.55
Geo15,2023-10-30,451582.0,584731.0,270582.0,5.515331e+06,-2.7573802,5247.115,6487.118,2980.4626,5.7224575e+06,0.034567107,187777.55
Geo15,2023-11-06,419224.0,574075.0,373599.0,6.024536e+06,6.889221,4871.135,6368.8984,4115.196,7.35929e+06,0.035318296,187777.55
Geo15,2023-11-13,290563.0,400459.0,606280.0,5.361338e+06,-1.0244905,3376.17,4442.769,6678.1787,5.4412545e+06,0.035298295,187777.55
Geo15,2023-11-20,528434.0,228946.0,456576.0,6.270754e+06,3.3923085,6140.09,2539.971,5029.188,6.758234e+06,0.035367846,187777.55
Geo15,2023-11-27,558366.0,594609.0,593296.0,5.577904e+06,2.640047,6487.8823,6596.7065,6535.1597,6.4285895e+06,0.03535189,187777.55
Geo15,2023-12-04,378572.0,325454.0,368523.0,6.305399e+06,2.2150989,4398.782,3610.6492,4059.2834,6.9087965e+06,0.035144195,187777.55
Geo15,2023-12-11,372963.0,456251.0,368068.0,6.16354e+06,1.286732,4333.6094,5061.7363,4054.2717,5.6928975e+06,0.034822445,187777.55
Geo15,2023-12-18,394426.0,591914.0,488284.0,5.307366e+06,-1.6277372,4582.9966,6566.8076,5378.4517,5.5846305e+06,0.03457329,187777.55
Geo15,2023-12-25,439382.0,524925.0,375472.0,5.983048e+06,5.603826,5105.3584,5823.6187,4135.8267,6.786902e+06,0.035201967,187777.55
Geo15,2024-01-01,449034.0,758543.0,621292.0,6.197e+06,0.3500511,5217.5093,8415.422,6843.536,5.77883e+06,0.035179455,187777.55
Geo15,2024-01-08,480018.0,587804.0,332663.0,6.586312e+06,-2.1473103,5577.525,6521.2104,3664.2854,4.7755305e+06,0.034986604,187777.55
Geo15,2024-01-15,376585.0,632621.0,186342.0,6.242867e+06,0.0067517585,4375.695,7018.419,2052.5586,6.2148225e+06,0.03522429,187777.55
Geo16,2021-01-25,1.101087e+06,529436.0,750657.0,6.313983e+06,6.5531454,12793.979,5873.6646,8268.492,8.876532e+06,0.035128817,307288.84
Geo16,2021-02-01,486007.0,485231.0,929922.0,6.872696e+06,2.4761655,5647.1133,5383.246,10243.098,6.6656615e+06,0.034690358,307288.84
Geo16,2021-02-08,651404.0,1.214674e+06,558975.0,7.526537e+06,3.2739663,7568.9287,13475.826,6157.114,8.406094e+06,0.034928,307288.84
Geo16,2021-02-15,320202.0,446908.0,932286.0,6.679856e+06,-0.119546294,3720.5576,4958.083,10269.137,7.276866e+06,0.034843422,307288.84
Geo16,2021-02-22,752795.0,621943.0,653730.0,7.944456e+06,-1.9743972,8747.032,6899.955,7200.841,7.059444e+06,0.034925584,307288.84
Geo16,2021-03-01,828271.0,752913.0,619420.0,8.568816e+06,-3.1162667,9624.019,8352.961,6822.916,5.459953e+06,0.035494905,307288.84
Geo16,2021-03-08,724781.0,535259.0,1.069764e+06,9.363125e+06,-0.7552972,8421.526,5938.266,11783.458,7.206764e+06,0.03543893,307288.84
Geo16,2021-03-15,606967.0,858743.0,538160.0,8.934814e+06,-7.158885,7052.597,9527.06,5927.8364,5.1423745e+06,0.03457917,307288.84
Geo16,2021-03-22,608906.0,1.133884e+06,309618.0,1.0207273e+07,-5.073763,7075.127,12579.526,3410.4446,5.193556e+06,0.035052884,307288.84
Geo16,2021-03-29,745068.0,875503.0,581093.0,8.006346e+06,-3.900733,8657.249,9712.998,6400.7437,6.9121775e+06,0.034724478,307288.84
Geo16,2021-04-05,681287.0,430573.0,551286.0,9.435955e+06,-4.079611,7916.1514,4776.8594,6072.4194,6.977854e+06,0.034860376,307288.84
Geo16,2021-04-12,452641.0,682681.0,677345.0,9.150451e+06,-3.6588001,5259.4204,7573.794,7460.96,7.754672e+06,0.035303235,307288.84
Geo16,2021-04-19,915461.0,1.177205e+06,680338.0,9.531144e+06,2.7140656,10637.114,13060.139,7493.928,9.327443e+06,0.035286937,307288.84
Geo16,2021-04-26,317161.0,423212.0,321784.0,9.376334e+06,-4.836912,3685.223,4695.1953,3544.4531,7.2469125e+06,0.034932893,307288.84
Geo16,2021-05-03,814061.0,759366.0,930981.0,9.681965e+06,5.804362,9458.906,8424.552,10254.763,1.1403241e+07,0.035441637,307288.84
Geo16,2021-05-10,656023.0,734136.0,1.044942e+06,9.653092e+06,1.9108984,7622.5986,8144.646,11510.044,1.073195e+07,0.034813028,307288.84
Geo16,2021-05-17,820238.0,1.197241e+06,666986.0,8.08823e+06,-0.15549666,9530.68,13282.422,7346.8555,8.33454e+06,0.03457906,307288.84
Geo16,2021-05-24,703605.0,1.105434e+06,519666.0,9.251956e+06,1.2265987,8175.473,12263.897,5724.125,8.1619625e+06,0.035492722,307288.84
Geo16,2021-05-31,761980.0,824399.0,782502.0,8.827123e+06,-5.7409105,8853.756,9146.041,8619.266,6.73315e+06,0.034894556,307288.84
Geo16,2021-06-07,675037.0,1.116049e+06,417478.0,8.93555e+06,-0.90571886,7843.5303,12381.662,4598.5234,9.172077e+06,0.035155002,307288.84
Geo16,2021-06-14,415070.0,1.181449e+06,358151.0,9.71182e+06,0.43868774,4822.8677,13107.222,3945.036,9.360813e+06,0.035081275,307288.84
Geo16,2021-06-21,939957.0,1.108275e+06,341837.0,9.524389e+06,3.731749,10921.743,12295.416,3765.3372,9.485172e+06,0.035009377,307288.84
Geo16,2021-06-28,699244.0,631676.0,745780.0,9.440209e+06,-3.611214,8124.8013,7007.935,8214.772,8.621029e+06,0.035118725,307288.84
Geo16,2021-07-05,573231.0,1.222798e+06,806166.0,9.757165e+06,-2.0871809,6660.6045,13565.956,8879.925,8.384499e+06,0.034561254,307288.84
Geo16,2021-07-12,1.271296e+06,978745.0,636511.0,1.0158446e+07,1.2253273,14771.706,10858.385,7011.1733,9.807833e+06,0.03473747,307288.84
Geo16,2021-07-19,785440.0,1.011613e+06,760388.0,8.512045e+06,0.27327806,9126.348,11223.029,8375.68,9.835708e+06,0.034717657,307288.84
Geo16,2021-07-26,1.122023e+06,808547.0,599041.0,1.073295e+07,-3.821651,13037.242,8970.176,6598.441,7.069336e+06,0.035261076,307288.84
Geo16,2021-08-02,585094.0,888907.0,611846.0,1.0638697e+07,4.8216634,6798.446,9861.705,6739.4883,1.0836665e+07,0.034717865,307288.84
Geo16,2021-08-09,417265.0,727856.0,266129.0,8.633264e+06,3.4396484,4848.372,8074.974,2931.4128,9.210898e+06,0.035054408,307288.84
Geo16,2021-08-16,329215.0,993589.0,824267.0,1.0393188e+07,-5.4652767,3825.2832,11023.067,9079.307,6.8150525e+06,0.035392825,307288.84
Geo16,2021-08-23,902567.0,598746.0,744284.0,1.0561185e+07,-2.643181,10487.294,6642.603,8198.294,8.1784355e+06,0.03512464,307288.84
Geo16,2021-08-30,441623.0,682697.0,838886.0,1.0477655e+07,2.64189,5131.3975,7573.9717,9240.335,1.0050534e+07,0.03512056,307288.84
Geo16,2021-09-06,685111.0,986444.0,435989.0,9.651075e+06,-0.14808981,7960.584,10943.799,4802.422,8.851138e+06,0.035017777,307288.84
Geo16,2021-09-13,691402.0,754085.0,391341.0,9.042466e+06,0.47376513,8033.6816,8365.964,4310.624,1.0168145e+07,0.03532107,307288.84
Geo16,2021-09-20,891381.0,1.072084e+06,487946.0,7.59556e+06,1.8405299,10357.319,11893.906,5374.7285,9.178427e+06,0.034814253,307288.84
Geo16,2021-09-27,619711.0,410067.0,1.023056e+06,8.407925e+06,5.058757,7200.675,4549.362,11268.97,9.571068e+06,0.03547818,307288.84
Geo16,2021-10-04,665396.0,697952.0,737735.0,8.723896e+06,-4.5432024,7731.5073,7743.2134,8126.1562,6.4710105e+06,0.034646407,307288.84
Geo16,2021-10-11,471508.0,1.059482e+06,647590.0,1.0194136e+07,-5.207896,5478.6436,11754.097,7133.2085,6.890764e+06,0.035478607,307288.84
Geo16,2021-10-18,561300.0,1.143148e+06,716658.0,9.252395e+06,-0.63612837,6521.9736,12682.304,7893.993,8.857621e+06,0.034887325,307288.84
Geo16,2021-10-25,595036.0,1.082118e+06,722896.0,9.116645e+06,2.5514767,6913.966,12005.225,7962.7046,1.112502e+07,0.0351375,307288.84
Geo16,2021-11-01,938799.0,683189.0,623494.0,9.177521e+06,-1.035418,10908.288,7579.43,6867.791,7.9558915e+06,0.03453492,307288.84
Geo16,2021-11-08,622171.0,410150.0,341608.0,8.199834e+06,1.3554192,7229.2583,4550.2827,3762.8147,8.730356e+06,0.034617588,307288.84
Geo16,2021-11-15,676531.0,637453.0,729470.0,9.496976e+06,-0.5269047,7860.8896,7072.026,8035.117,9.513295e+06,0.03516269,307288.84
Geo16,2021-11-22,937347.0,655172.0,662271.0,9.371696e+06,-1.0275995,10891.417,7268.604,7294.92,8.194796e+06,0.034996722,307288.84
Geo16,2021-11-29,870724.0,656801.0,301049.0,9.287028e+06,-4.2672462,10117.297,7286.6763,3316.057,7.161648e+06,0.034631014,307288.84
Geo16,2021-12-06,695909.0,972767.0,549575.0,1.0042879e+07,2.2561283,8086.0503,10792.063,6053.5728,8.478933e+06,0.03471561,307288.84
Geo16,2021-12-13,927812.0,692369.0,599834.0,8.535712e+06,-0.5846299,10780.626,7681.2744,6607.176,9.28009e+06,0.03542755,307288.84
Geo16,2021-12-20,753627.0,800705.0,1.120789e+06,1.0048541e+07,-0.6227236,8756.699,8883.175,12345.499,8.562569e+06,0.03539008,307288.84
Geo16,2021-12-27,1.008131e+06,722304.0,606871.0,1.0748535e+07,-6.583475,11713.885,8013.3794,6684.6885,6.096518e+06,0.035078973,307288.84
Geo16,2022-01-03,1.033895e+06,716369.0,792157.0,9.793578e+06,3.2422366,12013.247,7947.535,8725.615,9.663178e+06,0.035362445,307288.84
Geo16,2022-01-10,682824.0,819152.0,464742.0,9.385371e+06,2.6956553,7934.0103,9087.83,5119.1367,9.799892e+06,0.034982827,307288.84
Geo16,2022-01-17,723807.0,839823.0,755149.0,1.0297654e+07,-4.4849415,8410.209,9317.157,8317.972,6.668181e+06,0.035337497,307288.84
Geo16,2022-01-24,495315.0,740336.0,785207.0,9.51277e+06,1.8182826,5755.267,8213.43,8649.061,9.533069e+06,0.035333775,307288.84
Geo16,2022-01-31,935549.0,964258.0,826365.0,1.0928044e+07,-4.4442225,10870.525,10697.663,9102.416,6.5456895e+06,0.03492997,307288.84
Geo16,2022-02-07,723149.0,895779.0,494119.0,9.897349e+06,-1.9832945,8402.563,9937.944,5442.7246,7.7930885e+06,0.03520022,307288.84
Geo16,2022-02-14,571463.0,754615.0,839872.0,9.351408e+06,1.852276,6640.0615,8371.844,9251.196,1.034735e+07,0.035197128,307288.84
Geo16,2022-02-21,568686.0,633878.0,597525.0,1.0238293e+07,0.9487226,6607.7944,7032.3643,6581.742,9.654268e+06,0.035185132,307288.84
Geo16,2022-02-28,704442.0,359402.0,664357.0,7.844589e+06,-6.573106,8185.1987,3987.275,7317.897,5.8820895e+06,0.035239965,307288.84
Geo16,2022-03-07,688604.0,702940.0,688071.0,9.671468e+06,4.998814,8001.1704,7798.5513,7579.107,1.13473e+07,0.034906097,307288.84
Geo16,2022-03-14,806674.0,692821.0,615794.0,8.472634e+06,0.30268165,9373.074,7686.289,6782.9756,7.5548745e+06,0.035341505,307288.84
Geo16,2022-03-21,266096.0,702657.0,972283.0,9.639611e+06,-4.081915,3091.878,7795.4116,10709.704,7.082118e+06,0.03515183,307288.84
Geo16,2022-03-28,668435.0,594320.0,376601.0,8.502223e+06,4.301113,7766.819,6593.5,4148.2627,1.0048792e+07,0.034988552,307288.84
Geo16,2022-04-04,427919.0,717294.0,677796.0,9.755214e+06,1.4597055,4972.1655,7957.7974,7465.9277,8.984496e+06,0.035167582,307288.84
Geo16,2022-04-11,880828.0,804355.0,1.12849e+06,9.084891e+06,1.5272994,10234.699,8923.669,12430.325,8.2266345e+06,0.034706205,307288.84
Geo16,2022-04-18,673397.0,939039.0,185716.0,8.841814e+06,-3.4834592,7824.474,10417.879,2045.6631,6.434083e+06,0.03543681,307288.84
Geo16,2022-04-25,859502.0,866247.0,989219.0,9.203487e+06,-1.0580432,9986.904,9610.311,10896.255,8.541726e+06,0.034928396,307288.84
Geo16,2022-05-02,549045.0,731484.0,663648.0,8.859285e+06,1.6592803,6379.5776,8115.224,7310.0874,1.0391735e+07,0.035412986,307288.84
Geo16,2022-05-09,388771.0,609593.0,623286.0,8.470983e+06,-5.951865,4517.2886,6762.942,6865.5,6.8547165e+06,0.034882188,307288.84
Geo16,2022-05-16,977750.0,902584.0,1.005432e+06,9.160894e+06,-4.2468815,11360.876,10013.44,11074.841,5.5521955e+06,0.035487294,307288.84
Geo16,2022-05-23,834950.0,658432.0,800540.0,8.964426e+06,-1.0969012,9701.624,7304.771,8817.954,7.3422335e+06,0.035065793,307288.84
Geo16,2022-05-30,852103.0,926057.0,698185.0,1.0132959e+07,-0.84598243,9900.933,10273.8545,7690.5127,8.846812e+06,0.034964837,307288.84
Geo16,2022-06-06,588886.0,551432.0,709465.0,8.694101e+06,-0.48060656,6842.5063,6117.6924,7814.762,9.026352e+06,0.035044305,307288.84
Geo16,2022-06-13,448575.0,963518.0,670325.0,9.823048e+06,-6.025214,5212.176,10689.454,7383.635,5.8350125e+06,0.035203487,307288.84
Geo16,2022-06-20,684531.0,999572.0,467344.0,9.269529e+06,0.8401284,7953.8447,11089.443,5147.7974,9.281604e+06,0.035353154,307288.84
Geo16,2022-06-27,539842.0,822111.0,811842.0,9.226165e+06,8.637915,6272.644,9120.657,8942.445,1.2181281e+07,0.035087883,307288.84
Geo16,2022-07-04,1.079379e+06,635432.0,673168.0,8.70056e+06,-1.5259005,12541.745,7049.6045,7414.95,7.7658655e+06,0.034549274,307288.84
Geo16,2022-07-11,390712.0,584144.0,365329.0,8.354398e+06,1.1163855,4539.842,6480.606,4024.1016,8.923907e+06,0.03476627,307288.84
Geo16,2022-07-18,384415.0,707439.0,552001.0,9.350794e+06,-6.9012365,4466.675,7848.4644,6080.295,5.7850855e+06,0.034814287,307288.84
Geo16,2022-07-25,850502.0,1.034178e+06,185685.0,8.503052e+06,-1.5194879,9882.329,11473.369,2045.3217,7.419064e+06,0.035369597,307288.84
Geo16,2022-08-01,1.02038e+06,1.034416e+06,832666.0,8.653705e+06,0.5720763,11856.211,11476.01,9171.822,9.275289e+06,0.034952458,307288.84
Geo16,2022-08-08,590512.0,1.37916e+06,678317.0,1.0249586e+07,0.29697928,6861.4,15300.666,7471.6665,8.489473e+06,0.035030015,307288.84
Geo16,2022-08-15,806634.0,839381.0,293298.0,9.982608e+06,-3.9967918,9372.609,9312.254,3230.6797,6.536087e+06,0.034976523,307288.84
Geo16,2022-08-22,911359.0,977922.0,424830.0,8.801985e+06,-0.9831469,10589.452,10849.255,4679.5054,7.6702245e+06,0.035097186,307288.84
Geo16,2022-08-29,501668.0,1.075891e+06,912524.0,8.702435e+06,-1.3616326,5829.085,11936.142,10051.459,8.499078e+06,0.035406593,307288.84
Geo16,2022-09-05,470574.0,1.097929e+06,431085.0,1.0065133e+07,-0.62036514,5467.791,12180.635,4748.4043,8.671292e+06,0.03523189,307288.84
Geo16,2022-09-12,300088.0,631330.0,194631.0,8.927879e+06,-3.9151058,3486.8447,7004.096,2143.8618,6.2354195e+06,0.035105195,307288.84
Geo16,2022-09-19,673205.0,914904.0,875572.0,1.0471219e+07,3.3232188,7822.243,10150.121,9644.432,1.017993e+07,0.03543124,307288.84
Geo16,2022-09-26,492225.0,1.028922e+06,575168.0,8.149524e+06,0.57001483,5719.363,11415.059,6335.4795,8.3846105e+06,0.03548203,307288.84
Geo16,2022-10-03,754656.0,981607.0,1.093127e+06,1.0071322e+07,-3.4798193,8768.655,10890.137,12040.802,7.6823315e+06,0.03495121,307288.84
Geo16,2022-10-10,743982.0,1.237059e+06,659252.0,9.54773e+06,1.6475999,8644.63,13724.17,7261.6655,9.366103e+06,0.035080414,307288.84
Geo16,2022-10-17,469356.0,633284.0,281803.0,9.132402e+06,-0.28280768,5453.6387,7025.7744,3104.062,1.0406947e+07,0.034947384,307288.84
Geo16,2022-10-24,759720.0,605898.0,499633.0,8.319498e+06,3.393324,8827.496,6721.9487,5503.461,1.0632097e+07,0.034720108,307288.84
Geo16,2022-10-31,700058.0,1.177489e+06,615756.0,8.766786e+06,-3.148984,8134.2593,13063.289,6782.5566,6.6742055e+06,0.035443358,307288.84
Geo16,2022-11-07,976625.0,930445.0,111348.0,9.307737e+06,-2.2264662,11347.804,10322.535,1226.499,6.6389285e+06,0.034930147,307288.84
Geo16,2022-11-14,594410.0,622558.0,438853.0,9.540627e+06,-7.826556,6906.692,6906.778,4833.9688,4.721649e+06,0.03504621,307288.84
Geo16,2022-11-21,1.178806e+06,853149.0,537964.0,9.845139e+06,1.3762275,13697.027,9464.999,5925.6772,9.131068e+06,0.035031453,307288.84
Geo16,2022-11-28,589405.0,760168.0,650721.0,8.370983e+06,1.1214489,6848.537,8433.45,7167.697,8.174143e+06,0.03450697,307288.84
Geo16,2022-12-05,882125.0,770074.0,299495.0,9.574616e+06,-0.6615646,10249.77,8543.349,3298.9397,8.776306e+06,0.03487667,307288.84
Geo16,2022-12-12,883098.0,1.231846e+06,821546.0,1.2025757e+07,0.2270889,10261.076,13666.336,9049.335,8.2114065e+06,0.03537313,307288.84
Geo16,2022-12-19,729832.0,595886.0,1.315227e+06,8.648171e+06,3.2774987,8480.216,6610.8735,14487.235,1.0539485e+07,0.03517661,307288.84
Geo16,2022-12-26,618826.0,868071.0,875499.0,9.16601e+06,-0.33799294,7190.3916,9630.546,9643.628,9.662168e+06,0.035354044,307288.84
Geo16,2023-01-02,239207.0,615105.0,691098.0,9.229266e+06,-4.832271,2779.4436,6824.093,7612.4497,6.6790005e+06,0.0348345,307288.84
Geo16,2023-01-09,958152.0,813216.0,487361.0,8.662634e+06,-1.006468,11133.159,9021.975,5368.285,9.560605e+06,0.035463437,307288.84
Geo16,2023-01-16,393329.0,927761.0,759497.0,8.689067e+06,-0.99942756,4570.25,10292.759,8365.865,9.190367e+06,0.034793753,307288.84
Geo16,2023-01-23,261305.0,946378.0,353822.0,7.765588e+06,-0.4064241,3036.2092,10499.299,3897.3518,8.745056e+06,0.034847323,307288.84
Geo16,2023-01-30,372270.0,497333.0,941859.0,9.207475e+06,-3.746255,4325.557,5517.508,10374.584,5.8512995e+06,0.03486686,307288.84
Geo16,2023-02-06,695573.0,715062.0,962071.0,9.039507e+06,0.5127443,8082.1465,7933.035,10597.219,9.681039e+06,0.03545049,307288.84
Geo16,2023-02-13,752409.0,1.125171e+06,249154.0,8.485596e+06,5.1165066,8742.547,12482.863,2744.433,1.0527575e+07,0.035387885,307288.84
Geo16,2023-02-20,460555.0,837447.0,731782.0,8.110662e+06,5.906778,5351.3765,9290.798,8060.584,1.0634376e+07,0.0352852,307288.84
Geo16,2023-02-27,600604.0,958837.0,451840.0,8.743681e+06,0.4932698,6978.6626,10637.521,4977.021,7.9682465e+06,0.035386004,307288.84
Geo16,2023-03-06,925340.0,909926.0,842941.0,8.12661e+06,-3.1154888,10751.902,10094.894,9285.001,6.839985e+06,0.03497302,307288.84
Geo16,2023-03-13,771404.0,820056.0,808636.0,9.052125e+06,0.23714814,8963.258,9097.858,8907.132,7.914744e+06,0.035126563,307288.84
Geo16,2023-03-20,674862.0,1.054638e+06,624434.0,9.502137e+06,-3.125585,7841.4966,11700.356,6878.145,7.638447e+06,0.034608364,307288.84
Geo16,2023-03-27,889999.0,1.15324e+06,656555.0,1.0290444e+07,1.7332102,10341.261,12794.266,7231.958,8.652473e+06,0.035492864,307288.84
Geo16,2023-04-03,821883.0,1.141925e+06,480910.0,1.0003531e+07,-0.10288778,9549.794,12668.735,5297.227,9.118916e+06,0.03497422,307288.84
Geo16,2023-04-10,308667.0,606200.0,185706.0,9.733857e+06,0.3206595,3586.5278,6725.2993,2045.553,7.8166285e+06,0.03495414,307288.84
Geo16,2023-04-17,373091.0,656374.0,415031.0,9.013348e+06,-1.9180337,4335.096,7281.939,4571.5693,7.891307e+06,0.03491629,307288.84
Geo16,2023-04-24,663282.0,950315.0,329209.0,8.800399e+06,5.772503,7706.944,10542.978,3626.2395,1.0488746e+07,0.034710318,307288.84
Geo16,2023-05-01,889431.0,1.071472e+06,724763.0,9.719893e+06,-0.030750616,10334.661,11887.116,7983.2695,8.316194e+06,0.03496968,307288.84
Geo16,2023-05-08,825350.0,508696.0,0.0,8.939119e+06,-2.1322265,9590.078,5643.5713,0.0,8.398488e+06,0.03501061,307288.84
Geo16,2023-05-15,815672.0,1.073238e+06,585954.0,9.332343e+06,-3.4665594,9477.626,11906.708,6454.2876,6.8337115e+06,0.03539268,307288.84
Geo16,2023-05-22,494290.0,942808.0,994561.0,1.0147549e+07,-2.2055805,5743.357,10459.693,10955.097,8.3279385e+06,0.034674894,307288.84
Geo16,2023-05-29,424624.0,865952.0,405462.0,8.654053e+06,-2.9865415,4933.8794,9607.038,4466.167,7.9815225e+06,0.035220016,307288.84
Geo16,2023-06-05,442765.0,865918.0,779680.0,8.83844e+06,2.2175136,5144.667,9606.66,8588.181,9.756566e+06,0.034646455,307288.84
Geo16,2023-06-12,756364.0,741236.0,827338.0,9.471629e+06,-2.9604733,8788.502,8223.414,9113.134,7.8601315e+06,0.03493453,307288.84
Geo16,2023-06-19,584371.0,581468.0,762820.0,9.096101e+06,-1.974936,6790.045,6450.9175,8402.468,7.8719445e+06,0.03540842,307288.84
Geo16,2023-06-26,506596.0,890896.0,372225.0,8.311606e+06,-3.0444875,5886.345,9883.771,4100.061,6.4686325e+06,0.03543839,307288.84
Geo16,2023-07-03,674533.0,517448.0,755329.0,8.43851e+06,2.036191,7837.674,5740.6675,8319.954,9.612812e+06,0.035226047,307288.84
Geo16,2023-07-10,521932.0,798412.0,858565.0,8.720861e+06,1.2944553,6064.5405,8857.736,9457.1,8.447244e+06,0.034805056,307288.84
Geo16,2023-07-17,598158.0,783491.0,603428.0,8.764472e+06,-4.591695,6950.2417,8692.199,6646.7637,7.320181e+06,0.03500999,307288.84
Geo16,2023-07-24,194929.0,673871.0,615092.0,8.350202e+06,-3.712982,2264.9595,7476.054,6775.2427,6.934214e+06,0.03481179,307288.84
Geo16,2023-07-31,460001.0,805541.0,570139.0,7.739916e+06,1.4253303,5344.939,8936.826,6280.0854,9.520997e+06,0.035031904,307288.84
Geo16,2023-08-07,444713.0,1.193549e+06,509146.0,9.23445e+06,1.0222614,5167.302,13241.462,5608.247,8.622818e+06,0.034650784,307288.84
Geo16,2023-08-14,670661.0,664291.0,1.01244e+06,8.279868e+06,-3.840416,7792.6836,7369.772,11152.034,6.707981e+06,0.0345816,307288.84
Geo16,2023-08-21,1.173195e+06,731160.0,678041.0,7.924416e+06,-2.25724,13631.831,8111.6294,7468.6265,7.3515905e+06,0.03531485,307288.84
Geo16,2023-08-28,687378.0,481221.0,653500.0,8.489692e+06,-0.913609,7986.9253,5338.7583,7198.307,7.8970455e+06,0.03520858,307288.84
Geo16,2023-09-04,433677.0,1.108266e+06,394630.0,8.469795e+06,-1.468545,5039.07,12295.315,4346.8525,7.1613035e+06,0.035018913,307288.84
Geo16,2023-09-11,1.091936e+06,971391.0,350476.0,9.078408e+06,0.85442233,12687.649,10776.798,3860.4956,8.333299e+06,0.034709886,307288.84
Geo16,2023-09-18,334463.0,1.001265e+06,445575.0,9.689231e+06,1.371017,3886.262,11108.227,4908.0117,8.854198e+06,0.03463781,307288.84
Geo16,2023-09-25,818499.0,760044.0,548490.0,8.764465e+06,-1.0555184,9510.474,8432.074,6041.6216,7.903132e+06,0.03543956,307288.84
Geo16,2023-10-02,796389.0,653898.0,744205.0,8.091997e+06,-2.6938539,9253.568,7254.47,8197.424,6.9729535e+06,0.034505583,307288.84
Geo16,2023-10-09,583296.0,1.013817e+06,944880.0,8.6644e+06,-1.47662,6777.554,11247.48,10407.86,8.518085e+06,0.034975108,307288.84
Geo16,2023-10-16,658934.0,860884.0,877347.0,1.0257519e+07,-3.9860964,7656.423,9550.8125,9663.983,7.1877485e+06,0.035029944,307288.84
Geo16,2023-10-23,515614.0,942223.0,810602.0,9.153407e+06,0.3395238,5991.1294,10453.203,8928.787,7.6610605e+06,0.034944944,307288.84
Geo16,2023-10-30,252621.0,983632.0,349259.0,8.735195e+06,-1.3404124,2935.3064,10912.603,3847.0903,9.359216e+06,0.035124294,307288.84
Geo16,2023-11-06,694964.0,880361.0,496841.0,9.360664e+06,-1.1295686,8075.07,9766.894,5472.707,8.160655e+06,0.035205904,307288.84
Geo16,2023-11-13,691231.0,930510.0,728850.0,8.54555e+06,4.9483976,8031.695,10323.257,8028.288,1.0677005e+07,0.0353247,307288.84
Geo16,2023-11-20,802245.0,616220.0,867816.0,9.80238e+06,1.558038,9321.611,6836.463,9559.0,9.94143e+06,0.035287153,307288.84
Geo16,2023-11-27,900015.0,1.124387e+06,852149.0,8.678565e+06,0.14088386,10457.642,12474.165,9386.428,9.039698e+06,0.03479649,307288.84
Geo16,2023-12-04,768201.0,301709.0,468236.0,1.053753e+07,-0.7214395,8926.041,3347.2175,5157.623,9.264975e+06,0.035040576,307288.84
Geo16,2023-12-11,751394.0,829860.0,675457.0,9.860502e+06,1.8442183,8730.753,9206.626,7440.1636,8.742547e+06,0.034753624,307288.84
Geo16,2023-12-18,909272.0,997123.0,670379.0,8.511116e+06,4.569272,10565.202,11062.274,7384.2295,1.1331916e+07,0.03483265,307288.84
Geo16,2023-12-25,861120.0,1.181941e+06,452838.0,9.710068e+06,-4.316169,10005.704,13112.681,4988.0137,6.1030635e+06,0.03473069,307288.84
Geo16,2024-01-01,859622.0,1.139087e+06,1.019226e+06,1.0478098e+07,1.1251498,9988.299,12637.25,11226.782,9.40713e+06,0.034701772,307288.84
Geo16,2024-01-08,694486.0,785601.0,473661.0,1.0982153e+07,1.8867998,8069.516,8715.608,5217.3794,8.727577e+06,0.0351779,307288.84
Geo16,2024-01-15,294254.0,921463.0,356371.0,9.669758e+06,4.8490357,3419.0571,10222.888,3925.4292,1.1164796e+07,0.03539954,307288.84
Geo17,2021-01-25,265557.0,213306.0,221139.0,2.113782e+06,-3.7612324,3085.615,2366.4578,2435.8477,1.7448435e+06,0.03540348,119544.83
Geo17,2021-02-01,79508.0,260164.0,166810.0,2.392546e+06,0.808232,923.8359,2886.3093,1837.4133,2.0703105e+06,0.035193656,119544.83
Geo17,2021-02-08,290239.0,293275.0,319779.0,2.529308e+06,-2.2879472,3372.4053,3253.6492,3522.368,2.1321672e+06,0.035353035,119544.83
Geo17,2021-02-15,95445.0,232339.0,327870.0,2.457033e+06,1.359064,1109.0144,2577.6135,3611.4905,2.7928102e+06,0.03532025,119544.83
Geo17,2021-02-22,322776.0,298646.0,354102.0,2.86537e+06,2.4227052,3750.4658,3313.236,3900.436,3.3183705e+06,0.035459895,119544.83
Geo17,2021-03-01,329254.0,197878.0,355338.0,3.298952e+06,-0.92997813,3825.7366,2195.2966,3914.0505,2.553257e+06,0.035456788,119544.83
Geo17,2021-03-08,153402.0,312693.0,361933.0,3.416841e+06,-3.5334406,1782.4404,3469.0762,3986.6946,2.2560872e+06,0.035405494,119544.83
Geo17,2021-03-15,260899.0,457462.0,342495.0,3.37572e+06,0.47702795,3031.492,5075.1714,3772.585,3.1179678e+06,0.03522765,119544.83
Geo17,2021-03-22,323713.0,486160.0,150112.0,3.851792e+06,-2.5089703,3761.3533,5393.5522,1653.4847,2.4181532e+06,0.03470971,119544.83
Geo17,2021-03-29,319199.0,285229.0,110916.0,3.152414e+06,3.3024907,3708.9033,3164.3853,1221.7406,3.5815602e+06,0.03508323,119544.83
Geo17,2021-04-05,305210.0,394325.0,304141.0,3.655342e+06,-1.3224368,3546.3594,4374.7173,3350.1152,3.0795995e+06,0.03466593,119544.83
Geo17,2021-04-12,210868.0,230082.0,235733.0,3.573428e+06,-0.29357508,2450.1614,2552.574,2596.6008,3.351921e+06,0.03497988,119544.83
Geo17,2021-04-19,307253.0,420599.0,351816.0,3.694877e+06,0.7029501,3570.098,4666.206,3875.2559,3.1992442e+06,0.034709193,119544.83
Geo17,2021-04-26,291796.0,383432.0,172993.0,3.793485e+06,-2.0737967,3390.4966,4253.868,1905.5192,3.178084e+06,0.035431918,119544.83
Geo17,2021-05-03,352139.0,429184.0,356337.0,3.983522e+06,6.8128095,4091.6465,4761.4497,3925.0547,4.626543e+06,0.03456211,119544.83
Geo17,2021-05-10,223991.0,391828.0,267981.0,3.890143e+06,-2.1458464,2602.6428,4347.015,2951.8127,3.4296572e+06,0.035432898,119544.83
Geo17,2021-05-17,336442.0,356299.0,131519.0,3.218794e+06,-0.40274984,3909.2568,3952.8496,1448.6827,3.1417032e+06,0.035374016,119544.83
Geo17,2021-05-24,191790.0,422633.0,324416.0,3.624959e+06,0.68990946,2228.486,4688.7715,3573.4446,2.855568e+06,0.035150383,119544.83
Geo17,2021-05-31,311069.0,362660.0,158084.0,3.607957e+06,5.9314966,3614.4375,4023.4197,1741.2964,4.466891e+06,0.0353957,119544.83
Geo17,2021-06-07,349546.0,325473.0,166326.0,3.649507e+06,-0.49507043,4061.5176,3610.8599,1832.0822,3.5681518e+06,0.03521841,119544.83
Geo17,2021-06-14,133159.0,303340.0,173694.0,3.841624e+06,2.2888324,1547.2288,3365.3123,1913.2407,3.7959322e+06,0.035337146,119544.83
Geo17,2021-06-21,249528.0,447689.0,119399.0,3.660334e+06,1.0191349,2899.3677,4966.7476,1315.1809,3.1229235e+06,0.034568332,119544.83
Geo17,2021-06-28,403435.0,302613.0,291294.0,3.662287e+06,-0.9169333,4687.676,3357.2468,3208.6055,3.645368e+06,0.03504214,119544.83
Geo17,2021-07-05,172287.0,364656.0,437544.0,3.765614e+06,2.1744356,2001.8729,4045.5637,4819.5503,3.8147888e+06,0.03466715,119544.83
Geo17,2021-07-12,323895.0,441955.0,221804.0,3.886804e+06,6.3856354,3763.468,4903.134,2443.1726,4.4318535e+06,0.034868248,119544.83
Geo17,2021-07-19,248130.0,274749.0,176865.0,3.165443e+06,-3.7919269,2883.1235,3048.1182,1948.1693,3.0196118e+06,0.035375502,119544.83
Geo17,2021-07-26,347688.0,207949.0,213737.0,3.990569e+06,-1.5541974,4039.9287,2307.0261,2354.3147,2.8671348e+06,0.03522932,119544.83
Geo17,2021-08-02,206103.0,378263.0,279180.0,3.891595e+06,-4.5795383,2394.7947,4196.5225,3075.1697,2.5443875e+06,0.034703787,119544.83
Geo17,2021-08-09,86193.0,218540.0,107703.0,3.245993e+06,0.5139107,1001.5116,2424.5247,1186.3494,2.9527012e+06,0.034695506,119544.83
Geo17,2021-08-16,161512.0,378849.0,96160.0,3.808382e+06,-1.4892358,1876.6738,4203.0234,1059.2031,3.029572e+06,0.03493927,119544.83
Geo17,2021-08-23,271830.0,269853.0,310596.0,3.889198e+06,-3.3269525,3158.5037,2993.801,3421.2173,2.8804428e+06,0.03518228,119544.83
Geo17,2021-08-30,257104.0,268742.0,365890.0,3.765314e+06,-2.4428096,2987.3962,2981.4753,4030.281,2.949101e+06,0.03527141,119544.83
Geo17,2021-09-06,304209.0,200406.0,152143.0,3.62163e+06,-0.79571825,3534.7283,2223.3425,1675.8562,3.096364e+06,0.034673594,119544.83
Geo17,2021-09-13,185411.0,373110.0,268268.0,3.350473e+06,-1.9745332,2154.366,4139.354,2954.9739,3.3932862e+06,0.035463728,119544.83
Geo17,2021-09-20,329618.0,370442.0,189763.0,2.692116e+06,-4.8881474,3829.9658,4109.755,2090.2407,2.3270258e+06,0.03456761,119544.83
Geo17,2021-09-27,322854.0,247267.0,336207.0,3.305662e+06,-2.6610723,3751.3723,2743.2275,3703.3225,2.250214e+06,0.03509177,119544.83
Geo17,2021-10-04,256952.0,381869.0,321893.0,3.41495e+06,6.6473823,2985.6301,4236.528,3545.6538,4.0491815e+06,0.03494609,119544.83
Geo17,2021-10-11,163796.0,342172.0,299649.0,3.959339e+06,3.0526738,1903.2125,3796.1218,3300.636,3.8122862e+06,0.03504784,119544.83
Geo17,2021-10-18,241780.0,561172.0,258979.0,3.57612e+06,-2.3456779,2809.3403,6225.75,2852.6555,2.8388722e+06,0.035099875,119544.83
Geo17,2021-10-25,304570.0,468387.0,122517.0,3.478582e+06,1.3067154,3538.923,5196.3755,1349.5256,3.9996055e+06,0.034883317,119544.83
Geo17,2021-11-01,286218.0,299925.0,20088.0,3.524344e+06,-3.4813771,3325.6836,3327.4255,221.26947,2.4482795e+06,0.034763068,119544.83
Geo17,2021-11-08,186398.0,241250.0,232143.0,3.18346e+06,1.9742464,2165.8345,2676.4739,2557.057,3.285764e+06,0.03541796,119544.83
Geo17,2021-11-15,129734.0,366828.0,300265.0,3.511198e+06,-3.4930294,1507.4323,4069.6604,3307.4211,3.0837092e+06,0.035333898,119544.83
Geo17,2021-11-22,389042.0,247482.0,181788.0,3.391284e+06,0.6903807,4520.4375,2745.6128,2002.3961,3.298805e+06,0.03474158,119544.83
Geo17,2021-11-29,371246.0,342794.0,229945.0,3.583305e+06,-2.159913,4313.6587,3803.0225,2532.846,3.1303652e+06,0.03463068,119544.83
Geo17,2021-12-06,388079.0,284086.0,229767.0,3.822765e+06,4.967598,4509.248,3151.7046,2530.8853,3.5495492e+06,0.035496745,119544.83
Geo17,2021-12-13,237881.0,209914.0,251538.0,3.16685e+06,-2.644207,2764.0364,2328.8262,2770.6929,3.145134e+06,0.035078116,119544.83
Geo17,2021-12-20,349469.0,380741.0,315925.0,3.874118e+06,-1.2676041,4060.6228,4224.0137,3479.9163,3.0554462e+06,0.03483064,119544.83
Geo17,2021-12-27,337924.0,345300.0,222989.0,4.110324e+06,-2.4670982,3926.4768,3830.8245,2456.2253,2.9089362e+06,0.034981195,119544.83
Geo17,2022-01-03,345199.0,445843.0,319154.0,3.864909e+06,1.8579731,4011.0078,4946.268,3515.4836,3.363913e+06,0.03529893,119544.83
Geo17,2022-01-10,288009.0,346150.0,109273.0,3.592114e+06,0.37310985,3346.494,3840.2546,1203.643,3.1208335e+06,0.03512451,119544.83
Geo17,2022-01-17,242565.0,394873.0,255230.0,3.994591e+06,0.9258467,2818.4617,4380.797,2811.3604,3.287015e+06,0.03521132,119544.83
Geo17,2022-01-24,305422.0,386588.0,297497.0,3.850843e+06,-3.402369,3548.8228,4288.8813,3276.9316,2.798983e+06,0.0349604,119544.83
Geo17,2022-01-31,267575.0,311259.0,310019.0,4.207582e+06,-3.241901,3109.063,3453.1672,3414.8616,2.6035445e+06,0.035428774,119544.83
Geo17,2022-02-07,316472.0,382644.0,79204.0,3.759809e+06,0.94857347,3677.2173,4245.126,872.4326,3.284892e+06,0.035032954,119544.83
Geo17,2022-02-14,92169.0,301320.0,282100.0,3.60425e+06,-4.8321166,1070.9492,3342.9019,3107.3335,2.901919e+06,0.03514988,119544.83
Geo17,2022-02-21,216923.0,287465.0,255868.0,3.846814e+06,0.03567932,2520.5168,3189.192,2818.388,3.439809e+06,0.034765746,119544.83
Geo17,2022-02-28,281331.0,325583.0,299421.0,2.930408e+06,-1.8840685,3268.8997,3612.0803,3298.1245,2.826276e+06,0.03488144,119544.83
Geo17,2022-03-07,353934.0,349872.0,337757.0,3.770628e+06,4.0248566,4112.5034,3881.547,3720.3958,4.170814e+06,0.0352507,119544.83
Geo17,2022-03-14,183929.0,250510.0,292635.0,3.226537e+06,0.08930003,2137.146,2779.206,3223.3767,2.811482e+06,0.035379916,119544.83
Geo17,2022-03-21,42870.0,174431.0,357963.0,3.668088e+06,-3.9297574,498.124,1935.171,3942.965,2.7911682e+06,0.034505587,119544.83
Geo17,2022-03-28,171067.0,267379.0,222564.0,3.170513e+06,-3.6366763,1987.6973,2966.354,2451.5442,2.5539755e+06,0.03462361,119544.83
Geo17,2022-04-04,133010.0,311325.0,115933.0,3.582887e+06,0.4897923,1545.4974,3453.8994,1277.0028,2.9241582e+06,0.034864992,119544.83
Geo17,2022-04-11,253998.0,391879.0,402213.0,3.203636e+06,-0.88223666,2951.3064,4347.581,4430.379,2.735484e+06,0.035208594,119544.83
Geo17,2022-04-18,193146.0,230487.0,157738.0,3.130744e+06,3.824646,2244.2422,2557.0671,1737.4852,3.5247782e+06,0.034704838,119544.83
Geo17,2022-04-25,294841.0,274129.0,356718.0,3.286373e+06,2.275158,3425.8777,3041.2397,3929.2515,3.4814555e+06,0.034629956,119544.83
Geo17,2022-05-02,287096.0,353276.0,198884.0,3.392843e+06,0.11078505,3335.8855,3919.3118,2190.7087,3.4974258e+06,0.035322156,119544.83
Geo17,2022-05-09,169203.0,323637.0,240086.0,3.068369e+06,-0.34167993,1966.0387,3590.491,2644.549,3.4807888e+06,0.034995794,119544.83
Geo17,2022-05-16,473937.0,453413.0,460991.0,3.603219e+06,-1.6778083,5506.867,5030.251,5077.8193,2.4619328e+06,0.035476502,119544.83
Geo17,2022-05-23,410671.0,307263.0,190430.0,3.526058e+06,-3.0308595,4771.754,3408.8347,2097.588,2.392221e+06,0.035347275,119544.83
Geo17,2022-05-30,438733.0,419858.0,375716.0,3.959942e+06,-4.80673,5097.8174,4657.9854,4138.5146,2.7320702e+06,0.035048373,119544.83
Geo17,2022-06-06,284548.0,234608.0,267586.0,3.40515e+06,1.5187855,3306.2793,2602.7861,2947.4617,3.5627185e+06,0.03516356,119544.83
Geo17,2022-06-13,338048.0,412677.0,333863.0,3.976342e+06,5.035556,3927.9175,4578.318,3677.5034,3.908596e+06,0.03457384,119544.83
Geo17,2022-06-20,220812.0,355533.0,52950.0,3.706957e+06,2.736843,2565.7046,3944.3513,583.2446,3.7319162e+06,0.034589294,119544.83
Geo17,2022-06-27,163348.0,367374.0,309223.0,3.750158e+06,-4.176026,1898.007,4075.7178,3406.0935,2.6154298e+06,0.03514858,119544.83
Geo17,2022-07-04,314826.0,230903.0,189819.0,3.583583e+06,0.6385874,3658.0916,2561.6821,2090.8577,3.2360295e+06,0.034509175,119544.83
Geo17,2022-07-11,261015.0,280668.0,233971.0,3.313668e+06,1.4988873,3032.8396,3113.7847,2577.1924,3.472872e+06,0.035376247,119544.83
Geo17,2022-07-18,187603.0,395705.0,281551.0,3.739341e+06,6.0581913,2179.8357,4390.0273,3101.2864,4.2040885e+06,0.035115615,119544.83
Geo17,2022-07-25,294354.0,439186.0,130728.0,3.463897e+06,1.0936861,3420.2192,4872.414,1439.9698,3.332255e+06,0.03512418,119544.83
Geo17,2022-08-01,227706.0,344169.0,318920.0,3.402736e+06,0.21340507,2645.8088,3818.277,3512.906,3.3463565e+06,0.0345368,119544.83
Geo17,2022-08-08,262944.0,523393.0,331385.0,3.764061e+06,-3.384602,3055.2534,5806.6226,3650.2083,2.655883e+06,0.035406187,119544.83
Geo17,2022-08-15,250992.0,386315.0,239371.0,3.86049e+06,1.7405651,2916.3784,4285.853,2636.6733,3.3315682e+06,0.03534227,119544.83
Geo17,2022-08-22,418914.0,353831.0,172964.0,3.337543e+06,-1.2463304,4867.5327,3925.469,1905.1997,2.7678865e+06,0.034711592,119544.83
Geo17,2022-08-29,269313.0,378294.0,174668.0,3.544026e+06,-1.904552,3129.2576,4196.866,1923.9692,3.1981598e+06,0.03455146,119544.83
Geo17,2022-09-05,308195.0,344987.0,226015.0,3.882634e+06,-0.12141791,3581.0435,3827.352,2489.557,3.3624255e+06,0.034765624,119544.83
Geo17,2022-09-12,163430.0,234115.0,122666.0,3.40847e+06,-1.2666831,1898.9598,2597.3167,1351.1669,2.8202978e+06,0.03491037,119544.83
Geo17,2022-09-19,321213.0,331218.0,207520.0,4.191734e+06,0.041860797,3732.3047,3674.5962,2285.8342,3.1719192e+06,0.034660872,119544.83
Geo17,2022-09-26,65150.0,349346.0,277133.0,3.096062e+06,2.2253704,757.0044,3875.7117,3052.622,3.2785785e+06,0.034865264,119544.83
Geo17,2022-10-03,243003.0,286258.0,445963.0,3.893014e+06,2.8972292,2823.551,3175.8013,4912.2856,3.7425688e+06,0.03499768,119544.83
Geo17,2022-10-10,216953.0,422251.0,360076.0,3.4454e+06,-1.9556289,2520.8652,4684.5337,3966.2397,2.9369225e+06,0.034671254,119544.83
Geo17,2022-10-17,244782.0,205608.0,163524.0,3.46234e+06,1.1226852,2844.222,2281.0547,1801.218,3.9589592e+06,0.035295296,119544.83
Geo17,2022-10-24,219791.0,212083.0,237602.0,3.248556e+06,0.70722926,2553.8413,2352.8896,2617.1877,3.4111965e+06,0.03482248,119544.83
Geo17,2022-10-31,196813.0,503536.0,356380.0,3.334698e+06,0.49110612,2286.8506,5586.325,3925.5283,3.1179268e+06,0.034836043,119544.83
Geo17,2022-11-07,299553.0,425424.0,228633.0,3.389448e+06,0.29863355,3480.6284,4719.7354,2518.394,2.9325425e+06,0.03492711,119544.83
Geo17,2022-11-14,262768.0,352206.0,186066.0,3.648153e+06,1.6836977,3053.2085,3907.441,2049.5183,3.2318402e+06,0.03504927,119544.83
Geo17,2022-11-21,424662.0,507453.0,306342.0,3.666446e+06,2.5325007,4934.321,5629.7812,3374.3594,3.6079775e+06,0.035236277,119544.83
Geo17,2022-11-28,345985.0,187069.0,127011.0,3.114411e+06,-4.3240356,4020.1409,2075.3794,1399.0271,2.1382742e+06,0.035070077,119544.83
Geo17,2022-12-05,312617.0,297398.0,327086.0,3.743174e+06,0.38041508,3632.4243,3299.3906,3602.8547,3.454417e+06,0.03501544,119544.83
Geo17,2022-12-12,378393.0,399985.0,269230.0,4.501728e+06,-2.690341,4396.7026,4437.5103,2965.5703,2.6319372e+06,0.035348974,119544.83
Geo17,2022-12-19,266042.0,406653.0,321645.0,3.32902e+06,1.8843968,3091.2505,4511.4863,3542.922,3.7165448e+06,0.03495927,119544.83
Geo17,2022-12-26,218531.0,376125.0,217914.0,3.433945e+06,-2.1314254,2539.2007,4172.803,2400.3242,3.2996908e+06,0.034647338,119544.83
Geo17,2023-01-02,228380.0,272564.0,250152.0,3.625434e+06,-1.0841143,2653.6404,3023.8774,2755.426,3.064137e+06,0.034535944,119544.83
Geo17,2023-01-09,322641.0,363282.0,109093.0,3.362894e+06,0.817122,3748.8972,4030.3203,1201.6602,3.9029698e+06,0.035353597,119544.83
Geo17,2023-01-16,193367.0,266889.0,355850.0,3.472251e+06,-1.0517213,2246.81,2960.9177,3919.6904,3.385162e+06,0.03474677,119544.83
Geo17,2023-01-23,134226.0,244708.0,187636.0,2.97354e+06,3.9857826,1559.6266,2714.8376,2066.812,3.9036428e+06,0.034635358,119544.83
Geo17,2023-01-30,140753.0,138674.0,369710.0,3.560294e+06,-2.1675866,1635.4664,1538.476,4072.3584,2.4231992e+06,0.034750942,119544.83
Geo17,2023-02-06,317440.0,225018.0,354491.0,3.656686e+06,-3.056519,3688.4648,2496.3928,3904.721,2.9818935e+06,0.034772776,119544.83
Geo17,2023-02-13,240805.0,438227.0,223473.0,3.362459e+06,0.74002683,2798.0115,4861.7744,2461.5566,3.1814565e+06,0.034995876,119544.83
Geo17,2023-02-20,207436.0,340294.0,208800.0,3.160357e+06,3.622222,2410.2834,3775.2869,2299.9336,3.5909728e+06,0.035253596,119544.83
Geo17,2023-02-27,264861.0,380874.0,110304.0,3.440449e+06,0.81493354,3077.5278,4225.4893,1214.9994,2.854925e+06,0.035233274,119544.83
Geo17,2023-03-06,441471.0,347501.0,451527.0,3.07876e+06,-1.1846038,5129.6313,3855.243,4973.573,2.8687355e+06,0.035183065,119544.83
Geo17,2023-03-13,130810.0,339760.0,282673.0,3.401302e+06,-4.0096827,1519.9347,3769.3628,3113.6453,2.2476812e+06,0.034564387,119544.83
Geo17,2023-03-20,301164.0,428627.0,234819.0,3.771854e+06,5.794747,3499.3474,4755.27,2586.533,4.2412375e+06,0.034669418,119544.83
Geo17,2023-03-27,394090.0,403711.0,256423.0,3.93752e+06,0.24006268,4579.0923,4478.847,2824.5012,3.1027608e+06,0.03476116,119544.83
Geo17,2023-04-03,464041.0,473396.0,209262.0,3.894588e+06,1.3964833,5391.8813,5251.9463,2305.0225,3.5355945e+06,0.034956314,119544.83
Geo17,2023-04-10,177359.0,434871.0,237540.0,3.818535e+06,-6.103748,2060.8066,4824.5425,2616.505,2.0755566e+06,0.034724,119544.83
Geo17,2023-04-17,359464.0,368352.0,201604.0,3.724654e+06,0.27368656,4176.759,4086.5679,2220.6694,3.3136755e+06,0.03496468,119544.83
Geo17,2023-04-24,347320.0,450053.0,196775.0,3.571068e+06,-1.4934795,4035.6526,4992.9746,2167.478,2.7450518e+06,0.03483388,119544.83
Geo17,2023-05-01,310200.0,448329.0,195688.0,3.965062e+06,2.1192336,3604.3403,4973.848,2155.5046,3.535988e+06,0.034916252,119544.83
Geo17,2023-05-08,333060.0,230210.0,165053.0,3.646705e+06,-1.0372062,3869.96,2553.994,1818.0599,3.3930002e+06,0.03521301,119544.83
Geo17,2023-05-15,297198.0,398609.0,182975.0,3.8354e+06,-0.81600523,3453.2646,4422.2446,2015.471,3.0244752e+06,0.03496619,119544.83
Geo17,2023-05-22,134592.0,381683.0,241721.0,4.077284e+06,-3.9764557,1563.8793,4234.4644,2662.5586,2.8230138e+06,0.034680054,119544.83
Geo17,2023-05-29,195354.0,451305.0,280123.0,3.371214e+06,0.6913992,2269.8977,5006.8643,3085.557,3.6370158e+06,0.03473741,119544.83
Geo17,2023-06-05,100663.0,353228.0,307644.0,3.397743e+06,1.15472,1169.6444,3918.7793,3388.701,3.5668232e+06,0.035327286,119544.83
Geo17,2023-06-12,260344.0,313844.0,225732.0,3.724062e+06,2.0984898,3025.043,3481.8457,2486.4397,3.716401e+06,0.03549822,119544.83
Geo17,2023-06-19,169250.0,215672.0,369414.0,3.466607e+06,2.8255296,1966.5847,2392.7065,4069.098,3.7340878e+06,0.03520836,119544.83
Geo17,2023-06-26,160083.0,257114.0,166971.0,3.248016e+06,-6.563773,1860.0696,2852.4722,1839.1868,1.7390492e+06,0.034614272,119544.83
Geo17,2023-07-03,207491.0,258156.0,186178.0,3.152035e+06,0.83157325,2410.9226,2864.0322,2050.752,3.3962648e+06,0.034997676,119544.83
Geo17,2023-07-10,149185.0,293557.0,352739.0,3.087926e+06,0.9049814,1733.4413,3256.7778,3885.4226,3.0388508e+06,0.034553155,119544.83
Geo17,2023-07-17,268347.0,404441.0,190731.0,3.14901e+06,-0.35759842,3118.0332,4486.9463,2100.9033,3.3741928e+06,0.03472811,119544.83
Geo17,2023-07-24,65470.0,299451.0,234295.0,3.05915e+06,0.29854915,760.7226,3322.167,2580.7612,3.2609668e+06,0.035203908,119544.83
Geo17,2023-07-31,179978.0,377677.0,259440.0,2.876917e+06,2.8974686,2091.2378,4190.021,2857.7334,3.7586278e+06,0.035376396,119544.83
Geo17,2023-08-07,106293.0,317841.0,359179.0,3.380008e+06,-1.6767364,1235.0616,3526.1892,3956.3594,2.7907025e+06,0.03501804,119544.83
Geo17,2023-08-14,334957.0,329032.0,320529.0,3.171693e+06,0.36424854,3892.002,3650.3442,3530.6292,3.0949098e+06,0.034952678,119544.83
Geo17,2023-08-21,458298.0,300265.0,172799.0,2.891825e+06,-3.2333908,5325.1514,3331.1975,1903.3822,2.523779e+06,0.034530774,119544.83
Geo17,2023-08-28,311285.0,282019.0,214748.0,3.248699e+06,-4.54069,3616.9473,3128.773,2365.4507,2.450586e+06,0.034843244,119544.83
Geo17,2023-09-04,180935.0,447598.0,157533.0,3.1974e+06,-0.13574912,2102.3574,4965.7383,1735.2272,2.9370578e+06,0.035298288,119544.83
Geo17,2023-09-11,391588.0,400748.0,300499.0,3.64538e+06,4.2945175,4550.0205,4445.975,3309.9988,3.7530045e+06,0.034508035,119544.83
Geo17,2023-09-18,244346.0,261029.0,82267.0,3.782409e+06,4.8525243,2839.1558,2895.9058,906.17163,3.8799625e+06,0.035027746,119544.83
Geo17,2023-09-25,276043.0,355801.0,129580.0,3.370378e+06,-1.6195664,3207.456,3947.3247,1427.3246,2.8555118e+06,0.034758408,119544.83
Geo17,2023-10-02,186271.0,249262.0,290222.0,2.990639e+06,1.5188012,2164.3586,2765.3606,3196.7974,3.212878e+06,0.03524426,119544.83
Geo17,2023-10-09,345704.0,491771.0,322717.0,3.346756e+06,-0.8967131,4016.8757,5455.802,3554.73,3.257436e+06,0.034811307,119544.83
Geo17,2023-10-16,299156.0,413049.0,166503.0,3.853428e+06,4.3785267,3476.0156,4582.445,1834.0317,3.9998212e+06,0.035277005,119544.83
Geo17,2023-10-23,204030.0,391391.0,271864.0,3.461622e+06,-6.089191,2370.7078,4342.167,2994.584,1.6749056e+06,0.035387322,119544.83
Geo17,2023-10-30,215614.0,343800.0,150929.0,3.443477e+06,-2.556891,2505.307,3814.183,1662.484,3.41773e+06,0.03510994,119544.83
Geo17,2023-11-06,207083.0,282423.0,180841.0,3.67918e+06,-3.1741943,2406.182,3133.255,1991.965,2.6520155e+06,0.035319075,119544.83
Geo17,2023-11-13,200514.0,119922.0,341184.0,3.350958e+06,7.185186,2329.854,1330.4377,3758.1443,4.247161e+06,0.034571767,119544.83
Geo17,2023-11-20,401176.0,211435.0,314823.0,3.868796e+06,-4.334429,4661.4277,2345.7004,3467.7776,2.7732245e+06,0.034760542,119544.83
Geo17,2023-11-27,318450.0,467000.0,228237.0,3.392738e+06,-0.722121,3700.2004,5180.988,2514.0322,3.1321992e+06,0.03467454,119544.83
Geo17,2023-12-04,166190.0,181507.0,175043.0,3.869164e+06,-7.2524567,1931.0294,2013.6735,1928.1,2.4131385e+06,0.035373345,119544.83
Geo17,2023-12-11,341659.0,395576.0,177573.0,3.862471e+06,0.45568538,3969.8752,4388.596,1955.9679,3.0543635e+06,0.034688663,119544.83
Geo17,2023-12-18,283222.0,265153.0,235233.0,3.295183e+06,-0.15315813,3290.8718,2941.6582,2591.0933,3.3226578e+06,0.034882326,119544.83
Geo17,2023-12-25,254329.0,452252.0,316953.0,3.753131e+06,-2.8536413,2955.1523,5017.3706,3491.2395,2.5046562e+06,0.03510261,119544.83
Geo17,2024-01-01,291393.0,403580.0,388956.0,3.976433e+06,1.1068594,3385.814,4477.394,4284.353,3.4430182e+06,0.034690633,119544.83
Geo17,2024-01-08,329923.0,397791.0,197100.0,4.237882e+06,1.2813729,3833.5098,4413.17,2171.0579,3.1569705e+06,0.035434484,119544.83
Geo17,2024-01-15,151811.0,408042.0,152259.0,3.797722e+06,-0.43624306,1763.9539,4526.8965,1677.134,3.4052458e+06,0.035273414,119544.83
Geo18,2021-01-25,2.350524e+06,3.127768e+06,1.777141e+06,1.5393338e+07,2.8694344,27311.697,34700.06,19575.22,1.8069658e+07,0.035328288,856852.25
Geo18,2021-02-01,854900.0,2.023058e+06,1.939294e+06,1.7956054e+07,1.5659827,9933.432,22444.193,21361.338,1.494321e+07,0.03476837,856852.25
Geo18,2021-02-08,1.489456e+06,2.670108e+06,2.240564e+06,1.8493322e+07,-2.0890894,17306.596,29622.691,24679.828,1.4209478e+07,0.03507755,856852.25
Geo18,2021-02-15,1.277841e+06,1.540888e+06,2.351252e+06,1.834245e+07,-4.7222447,14847.756,17094.908,25899.059,1.25764e+07,0.035084687,856852.25
Geo18,2021-02-22,1.387083e+06,1.412748e+06,2.564587e+06,2.0201408e+07,-1.5643828,16117.083,15673.298,28248.945,1.6593321e+07,0.034627035,856852.25
Geo18,2021-03-01,1.268438e+06,1.742424e+06,1.912633e+06,2.3113656e+07,-4.4000654,14738.498,19330.787,21067.666,1.2394384e+07,0.03529184,856852.25
Geo18,2021-03-08,933851.0,2.394212e+06,1.224725e+06,2.4186426e+07,-0.6926373,10850.796,26561.848,13490.3545,1.6650179e+07,0.034978446,856852.25
Geo18,2021-03-15,1.59278e+06,3.429326e+06,2.511992e+06,2.3455824e+07,0.40542674,18507.16,38045.6,27669.61,1.904953e+07,0.035107747,856852.25
Geo18,2021-03-22,2.307177e+06,4.447936e+06,1.510927e+06,2.639833e+07,3.4376264,26808.03,49346.258,16642.871,1.915179e+07,0.03529186,856852.25
Geo18,2021-03-29,1.957891e+06,2.919729e+06,1.310594e+06,2.1221162e+07,-0.19225158,22749.533,32392.035,14436.202,2.0495472e+07,0.034979288,856852.25
Geo18,2021-04-05,2.19915e+06,1.529846e+06,2.405059e+06,2.531994e+07,3.0492349,25552.82,16972.406,26491.742,2.3755514e+07,0.035489928,856852.25
Geo18,2021-04-12,2.487466e+06,2.020691e+06,1.059902e+06,2.5495286e+07,4.977575,28902.88,22417.934,11674.828,2.6822796e+07,0.03516772,856852.25
Geo18,2021-04-19,2.218221e+06,3.288842e+06,1.820739e+06,2.6330998e+07,3.2981236,25774.414,36487.043,20055.453,2.228915e+07,0.034508325,856852.25
Geo18,2021-04-26,2.050718e+06,1.171488e+06,1.091246e+06,2.7631132e+07,1.578871,23828.129,12996.713,12020.083,2.3208644e+07,0.035320267,856852.25
Geo18,2021-05-03,718503.0,2.093979e+06,1.476816e+06,2.7755118e+07,-0.64948905,8348.579,23231.006,16267.139,2.1851294e+07,0.034744617,856852.25
Geo18,2021-05-10,1.972746e+06,2.296752e+06,1.815353e+06,2.8104084e+07,-3.9248662,22922.14,25480.607,19996.127,1.923684e+07,0.03505078,856852.25
Geo18,2021-05-17,1.566968e+06,2.094985e+06,726315.0,2.2702292e+07,-0.9512531,18207.24,23242.166,8000.365,1.8088448e+07,0.034550965,856852.25
Geo18,2021-05-24,2.345237e+06,2.507476e+06,1.517278e+06,2.5246714e+07,0.8541024,27250.266,27818.42,16712.828,1.7459982e+07,0.03505935,856852.25
Geo18,2021-05-31,1.963857e+06,2.237026e+06,2.666454e+06,2.5219196e+07,1.2741532,22818.855,24817.996,29371.01,2.3574786e+07,0.03509578,856852.25
Geo18,2021-06-07,2.572026e+06,1.854436e+06,1.832957e+06,2.639968e+07,-5.2386723,29885.418,20573.469,20190.035,1.774778e+07,0.035227798,856852.25
Geo18,2021-06-14,1.462659e+06,2.933385e+06,1.39744e+06,2.749023e+07,-2.6388707,16995.23,32543.537,15392.812,1.9268398e+07,0.03496062,856852.25
Geo18,2021-06-21,607247.0,3.185781e+06,1.854717e+06,2.6466368e+07,1.0540514,7055.8506,35343.668,20429.72,1.8951232e+07,0.034662105,856852.25
Geo18,2021-06-28,2.433196e+06,1.610764e+06,1.799004e+06,2.580883e+07,-4.995618,28272.297,17870.125,19816.043,1.8957572e+07,0.03505185,856852.25
Geo18,2021-07-05,2.25345e+06,1.959889e+06,1.455165e+06,2.8111496e+07,3.763883,26183.754,21743.385,16028.653,2.56169e+07,0.035142817,856852.25
Geo18,2021-07-12,2.077081e+06,2.509708e+06,1.327569e+06,2.6179438e+07,1.7868483,24134.451,27843.182,14623.183,2.3271062e+07,0.03479799,856852.25
Geo18,2021-07-19,1.67494e+06,1.177442e+06,1.850908e+06,2.2771062e+07,-0.19676512,19461.81,13062.768,20387.766,2.1976792e+07,0.034591343,856852.25
Geo18,2021-07-26,2.416374e+06,2.768904e+06,1.291532e+06,2.8655664e+07,-4.953687,28076.834,30718.752,14226.234,1.438843e+07,0.035047114,856852.25
Geo18,2021-08-02,2.766566e+06,2.78576e+06,2.025911e+06,2.839641e+07,1.0846121,32145.857,30905.756,22315.424,2.1865864e+07,0.034960613,856852.25
Geo18,2021-08-09,1.033939e+06,1.722578e+06,1.211144e+06,2.3506204e+07,-1.5667725,12013.759,19110.611,13340.76,1.7614598e+07,0.034873493,856852.25
Geo18,2021-08-16,769553.0,2.169887e+06,1.057235e+06,2.7912372e+07,-2.0771976,8941.75,24073.143,11645.451,1.7802792e+07,0.03487341,856852.25
Geo18,2021-08-23,1.93697e+06,1.861129e+06,1.640502e+06,2.9646656e+07,-3.848609,22506.443,20647.723,18070.14,1.8252162e+07,0.034815982,856852.25
Geo18,2021-08-30,1.954637e+06,2.015698e+06,2.685102e+06,2.8248832e+07,2.0163572,22711.725,22362.541,29576.418,2.2856344e+07,0.035151504,856852.25
Geo18,2021-09-06,2.448894e+06,2.352028e+06,2.065541e+06,2.6469456e+07,3.6909256,28454.697,26093.85,22751.95,2.4414524e+07,0.035015855,856852.25
Geo18,2021-09-13,1.572847e+06,2.353084e+06,2.266036e+06,2.558162e+07,-0.961285,18275.55,26105.566,24960.402,2.2373266e+07,0.0345658,856852.25
Geo18,2021-09-20,2.785821e+06,1.850157e+06,1.697838e+06,2.1488466e+07,3.114561,32369.59,20525.996,18701.697,2.3133844e+07,0.034978937,856852.25
Geo18,2021-09-27,1.492377e+06,1.044733e+06,2.693529e+06,2.433179e+07,-1.7063838,17340.537,11590.469,29669.242,1.523374e+07,0.035273798,856852.25
Geo18,2021-10-04,2.324424e+06,2.874378e+06,1.953555e+06,2.4705512e+07,2.9119935,27008.43,31888.902,21518.422,2.2571658e+07,0.034927875,856852.25
Geo18,2021-10-11,1.886953e+06,2.883824e+06,1.603979e+06,2.8946644e+07,-0.5550942,21925.275,31993.697,17667.84,2.0859788e+07,0.035313465,856852.25
Geo18,2021-10-18,1.934994e+06,3.142481e+06,2.496567e+06,2.5449254e+07,6.051424,22483.484,34863.29,27499.703,2.6441496e+07,0.03491695,856852.25
Geo18,2021-10-25,1.937801e+06,3.265844e+06,1.116936e+06,2.5979654e+07,-1.7537402,22516.1,36231.902,12303.059,2.3526378e+07,0.035429608,856852.25
Geo18,2021-11-01,2.003723e+06,1.867931e+06,1.24144e+06,2.589575e+07,3.5902605,23282.074,20723.186,13674.471,2.2609454e+07,0.03452706,856852.25
Geo18,2021-11-08,1.679285e+06,1.210668e+06,1.438504e+06,2.3596136e+07,0.33698654,19512.297,13431.383,15845.132,1.888041e+07,0.03508299,856852.25
Geo18,2021-11-15,1.34617e+06,2.443335e+06,1.876447e+06,2.6031964e+07,1.8521781,15641.698,27106.828,20669.078,2.5184816e+07,0.035246026,856852.25
Geo18,2021-11-22,1.993097e+06,1.62388e+06,1.888707e+06,2.555273e+07,-4.2220435,23158.607,18015.637,20804.121,1.6018488e+07,0.03462102,856852.25
Geo18,2021-11-29,3.451151e+06,2.000654e+06,1.455668e+06,2.5989888e+07,-2.693841,40100.332,22195.64,16034.193,1.8424948e+07,0.03462913,856852.25
Geo18,2021-12-06,2.318e+06,2.805507e+06,1.948042e+06,2.7908646e+07,0.4403401,26933.787,31124.834,21457.697,1.885727e+07,0.03508179,856852.25
Geo18,2021-12-13,2.190884e+06,1.3928e+06,1.45134e+06,2.3630992e+07,1.5935459,25456.773,15451.99,15986.5205,2.3765532e+07,0.03482227,856852.25
Geo18,2021-12-20,2.511256e+06,2.433016e+06,3.753989e+06,2.8226762e+07,2.7085576,29179.307,26992.348,41350.215,2.2785542e+07,0.035272665,856852.25
Geo18,2021-12-27,2.844459e+06,2.205896e+06,1.596854e+06,3.0181704e+07,-0.120482534,33050.93,24472.635,17589.36,2.146625e+07,0.034960546,856852.25
Geo18,2022-01-03,1.651501e+06,2.729724e+06,1.86655e+06,2.7174176e+07,-6.331634,19189.463,30284.082,20560.062,1.3274503e+07,0.03520448,856852.25
Geo18,2022-01-10,894377.0,2.514863e+06,916604.0,2.463787e+07,0.099705905,10392.131,27900.373,10096.399,1.969582e+07,0.03515205,856852.25
Geo18,2022-01-17,1.836593e+06,2.792587e+06,1.86968e+06,2.8460704e+07,3.3629987,21340.123,30981.496,20594.54,2.28642e+07,0.03474983,856852.25
Geo18,2022-01-24,2.072124e+06,2.272785e+06,2.089632e+06,2.7577294e+07,-5.210504,24076.854,25214.713,23017.312,1.6465786e+07,0.034785602,856852.25
Geo18,2022-01-31,2.657672e+06,2.705895e+06,3.116953e+06,3.1260458e+07,-0.4544028,30880.574,30019.719,34333.26,1.8525792e+07,0.035442412,856852.25
Geo18,2022-02-07,2.200078e+06,2.543687e+06,1.332734e+06,2.751552e+07,3.5545793,25563.604,28220.152,14680.074,2.325952e+07,0.03505152,856852.25
Geo18,2022-02-14,1.58755e+06,3.046907e+06,2.080509e+06,2.536631e+07,6.0088177,18446.39,33802.973,22916.822,2.9846394e+07,0.03549087,856852.25
Geo18,2022-02-21,1.613036e+06,1.980836e+06,1.690669e+06,2.78601e+07,1.6354091,18742.523,21975.775,18622.73,2.3239316e+07,0.03486153,856852.25
Geo18,2022-02-28,2.588205e+06,1.884161e+06,1.79064e+06,2.1900064e+07,4.0346894,30073.408,20903.244,19723.912,2.448874e+07,0.034732126,856852.25
Geo18,2022-03-07,1.731613e+06,1.893203e+06,2.011676e+06,2.693712e+07,-2.913289,20120.318,21003.559,22158.625,1.8627672e+07,0.034643777,856852.25
Geo18,2022-03-14,790040.0,2.977495e+06,1.8735e+06,2.3026972e+07,-1.3018718,9179.797,33032.902,20636.615,1.5313789e+07,0.03511029,856852.25
Geo18,2022-03-21,274911.0,1.877582e+06,2.39664e+06,2.7309524e+07,0.6643662,3194.303,20830.256,26399.008,2.1036782e+07,0.035108715,856852.25
Geo18,2022-03-28,1.904547e+06,1.297412e+06,1.027992e+06,2.317009e+07,-0.9976281,22129.709,14393.738,11323.34,1.7897304e+07,0.035420008,856852.25
Geo18,2022-04-04,719108.0,1.9587e+06,1.803565e+06,2.6256724e+07,2.816972,8355.609,21730.193,19866.281,2.1172254e+07,0.034636445,856852.25
Geo18,2022-04-11,1.647136e+06,2.577118e+06,2.839898e+06,2.3113584e+07,3.272214,19138.744,28591.043,31281.498,1.9829864e+07,0.034922417,856852.25
Geo18,2022-04-18,2.613242e+06,669989.0,1.976236e+06,2.4014168e+07,-0.699903,30364.324,7432.987,21768.254,1.7383424e+07,0.035393793,856852.25
Geo18,2022-04-25,2.573516e+06,1.922812e+06,2.659086e+06,2.531022e+07,3.7593646,29902.732,21332.045,29289.852,2.4291696e+07,0.035098135,856852.25
Geo18,2022-05-02,2.075187e+06,2.347732e+06,1.61435e+06,2.489797e+07,-1.7364585,24112.443,26046.19,17782.076,2.0209476e+07,0.035242435,856852.25
Geo18,2022-05-09,1.435523e+06,1.976563e+06,1.324733e+06,2.2944628e+07,1.9666247,16679.928,21928.37,14591.943,2.481723e+07,0.034550816,856852.25
Geo18,2022-05-16,2.821007e+06,3.419926e+06,3.525143e+06,2.634096e+07,2.5828083,32778.43,37941.316,38829.477,1.9662558e+07,0.03538876,856852.25
Geo18,2022-05-23,1.485174e+06,2.332156e+06,1.463613e+06,2.5640326e+07,3.3184252,17256.842,25873.387,16121.708,2.1083288e+07,0.03517348,856852.25
Geo18,2022-05-30,1.713097e+06,2.648776e+06,1.90526e+06,2.7699172e+07,2.3100896,19905.172,29386.03,20986.453,2.3224556e+07,0.034656618,856852.25
Geo18,2022-06-06,2.319976e+06,2.276062e+06,1.602836e+06,2.4897006e+07,-3.1389241,26956.746,25251.068,17655.25,1.8286684e+07,0.034928914,856852.25
Geo18,2022-06-13,1.74518e+06,3.212825e+06,2.219249e+06,2.8428422e+07,-0.8314358,20277.957,35643.7,24445.043,1.9504278e+07,0.035188742,856852.25
Geo18,2022-06-20,2.763341e+06,2.320691e+06,1.627424e+06,2.578627e+07,1.409451,32108.385,25746.191,17926.088,2.1892182e+07,0.03546957,856852.25
Geo18,2022-06-27,2.35287e+06,2.897616e+06,2.473199e+06,2.7548108e+07,2.2582977,27338.955,32146.709,27242.305,2.277343e+07,0.035126466,856852.25
Geo18,2022-07-04,3.238777e+06,2.214299e+06,2.025839e+06,2.5542568e+07,4.164734,37632.67,24565.857,22314.63,2.309381e+07,0.034531374,856852.25
Geo18,2022-07-11,2.063524e+06,2.83239e+06,1.194565e+06,2.3745888e+07,1.5451267,23976.926,31423.078,13158.143,2.1164536e+07,0.035067346,856852.25
Geo18,2022-07-18,2.132203e+06,1.577349e+06,1.776034e+06,2.7742382e+07,-1.8817964,24774.936,17499.412,19563.027,1.8974452e+07,0.034667622,856852.25
Geo18,2022-07-25,1.517214e+06,3.147544e+06,1.384786e+06,2.5604808e+07,-2.8162842,17629.129,34919.457,15253.428,1.7288216e+07,0.035494737,856852.25
Geo18,2022-08-01,2.841966e+06,2.45894e+06,1.620294e+06,2.6101294e+07,-4.277379,33021.96,27279.953,17847.55,1.6009535e+07,0.034790944,856852.25
Geo18,2022-08-08,1.659356e+06,2.650641e+06,2.326141e+06,2.9625834e+07,-2.5443711,19280.734,29406.72,25622.46,1.7722528e+07,0.03528127,856852.25
Geo18,2022-08-15,2.499413e+06,3.224536e+06,1.327508e+06,2.932406e+07,2.9742842,29041.7,35773.62,14622.511,2.2098558e+07,0.035100617,856852.25
Geo18,2022-08-22,2.56859e+06,3.32366e+06,2.34035e+06,2.6056054e+07,-3.81875,29845.494,36873.324,25778.973,1.5071641e+07,0.03480152,856852.25
Geo18,2022-08-29,2.236998e+06,2.426822e+06,1.25232e+06,2.6759106e+07,-6.795086,25992.592,26923.629,13794.313,1.6048499e+07,0.03471097,856852.25
Geo18,2022-09-05,2.177579e+06,1.956898e+06,1.778902e+06,3.0116306e+07,3.5231695,25302.178,21710.203,19594.62,2.4944268e+07,0.035074122,856852.25
Geo18,2022-09-12,1.074235e+06,1.467684e+06,1.66042e+06,2.5393602e+07,-1.519393,12481.975,16282.769,18289.54,1.7368094e+07,0.03475542,856852.25
Geo18,2022-09-19,1.316355e+06,2.640451e+06,1.867974e+06,2.9765064e+07,-0.78201973,15295.266,29293.67,20575.748,1.8575556e+07,0.03517106,856852.25
Geo18,2022-09-26,1.275899e+06,2.810536e+06,2.044064e+06,2.40385e+07,2.820251,14825.19,31180.627,22515.379,2.2351516e+07,0.034762073,856852.25
Geo18,2022-10-03,2.44396e+06,1.136419e+06,2.247896e+06,2.8471736e+07,-1.6718004,28397.367,12607.65,24760.59,1.8454962e+07,0.034657486,856852.25
Geo18,2022-10-10,2.679749e+06,2.582286e+06,2.074967e+06,2.6779006e+07,0.35987514,31137.096,28648.377,22855.777,2.1030038e+07,0.034856055,856852.25
Geo18,2022-10-17,1.17395e+06,2.332941e+06,1.712601e+06,2.5295682e+07,-4.466367,13640.604,25882.096,18864.312,2.0844688e+07,0.03527913,856852.25
Geo18,2022-10-24,2.157555e+06,2.018556e+06,1.522466e+06,2.4544076e+07,2.02098,25069.512,22394.248,16769.975,2.2870302e+07,0.03462497,856852.25
Geo18,2022-10-31,2.285864e+06,3.599015e+06,1.316888e+06,2.4851736e+07,6.3095827,26560.385,39928.164,14505.531,2.5865048e+07,0.03499699,856852.25
Geo18,2022-11-07,2.581606e+06,3.176381e+06,881318.0,2.664069e+07,-1.3906316,29996.732,35239.38,9707.725,1.719473e+07,0.03473506,856852.25
Geo18,2022-11-14,1.04784e+06,2.656873e+06,942061.0,2.635188e+07,-4.422395,12175.28,29475.86,10376.809,1.4923106e+07,0.03515257,856852.25
Geo18,2022-11-21,3.430735e+06,1.590223e+06,2.02775e+06,2.7888118e+07,1.509245,39863.11,17642.24,22335.682,2.120027e+07,0.035469934,856852.25
Geo18,2022-11-28,2.037193e+06,1.26822e+06,2.121607e+06,2.465633e+07,-0.3264482,23670.977,14069.876,23369.516,1.7400982e+07,0.035360184,856852.25
Geo18,2022-12-05,1.452692e+06,1.688303e+06,1.967226e+06,2.7977176e+07,-2.761291,16879.42,18730.357,21669.008,1.9233648e+07,0.035277113,856852.25
Geo18,2022-12-12,1.946694e+06,3.517786e+06,2.074389e+06,3.220151e+07,-1.8958464,22619.432,39026.992,22849.41,1.710795e+07,0.035003904,856852.25
Geo18,2022-12-19,2.499426e+06,2.184747e+06,2.231302e+06,2.3725646e+07,2.6863694,29041.85,24238.002,24577.809,2.378156e+07,0.035303276,856852.25
Geo18,2022-12-26,2.990244e+06,2.450354e+06,1.898658e+06,2.486496e+07,3.7754796,34744.863,27184.697,20913.732,2.7365354e+07,0.03537047,856852.25
Geo18,2023-01-02,2.611939e+06,1.994142e+06,2.176139e+06,2.6771204e+07,8.481636,30349.184,22123.395,23970.188,2.8035312e+07,0.0353659,856852.25
Geo18,2023-01-09,1.953159e+06,2.594762e+06,1.079533e+06,2.4259758e+07,-2.5702732,22694.55,28786.787,11891.063,2.0258686e+07,0.03475108,856852.25
Geo18,2023-01-16,1.776557e+06,2.438124e+06,2.71873e+06,2.5695406e+07,0.16387862,20642.541,27049.016,29946.83,2.340317e+07,0.03457296,856852.25
Geo18,2023-01-23,1.284653e+06,1.540456e+06,2.10305e+06,2.3185628e+07,0.117838785,14926.907,17090.115,23165.111,2.136193e+07,0.034910094,856852.25
Geo18,2023-01-30,456180.0,523036.0,2.344447e+06,2.6459306e+07,-0.3098436,5300.5415,5802.6616,25824.102,1.7018844e+07,0.034944072,856852.25
Geo18,2023-02-06,1.109602e+06,2.017513e+06,2.33186e+06,2.5508724e+07,-2.9160316,12892.918,22382.676,25685.455,1.7747672e+07,0.03496777,856852.25
Geo18,2023-02-13,2.930437e+06,2.116736e+06,1.853256e+06,2.4878712e+07,-2.2935214,34049.94,23483.477,20413.629,1.7417854e+07,0.035149496,856852.25
Geo18,2023-02-20,799046.0,2.406161e+06,2.080114e+06,2.3964536e+07,2.0870385,9284.441,26694.412,22912.47,2.1420546e+07,0.035329506,856852.25
Geo18,2023-02-27,1.078089e+06,2.596658e+06,1.267394e+06,2.4896594e+07,0.78765106,12526.756,28807.822,13960.3545,1.8496978e+07,0.03523869,856852.25
Geo18,2023-03-06,3.183261e+06,2.118655e+06,2.024977e+06,2.2080798e+07,-1.4378824,36987.605,23504.766,22305.137,1.8307318e+07,0.035064742,856852.25
Geo18,2023-03-13,1.568156e+06,1.683256e+06,1.590816e+06,2.4553914e+07,-2.3464005,18221.043,18674.365,17522.85,1.460583e+07,0.03465582,856852.25
Geo18,2023-03-20,1.689419e+06,3.022131e+06,823687.0,2.6018816e+07,-2.5287216,19630.049,33528.1,9072.918,1.8641952e+07,0.034968443,856852.25
Geo18,2023-03-27,1.544767e+06,2.41551e+06,2.095276e+06,2.744984e+07,-0.16833366,17949.277,26798.13,23079.48,1.8103174e+07,0.035009444,856852.25
Geo18,2023-04-03,3.650341e+06,2.034845e+06,947508.0,2.8126048e+07,4.5265665,42414.8,22574.96,10436.808,2.58807e+07,0.03512818,856852.25
Geo18,2023-04-10,1.626867e+06,3.308117e+06,978237.0,2.7195756e+07,-0.43207338,18903.23,36700.887,10775.288,1.7699452e+07,0.0345588,856852.25
Geo18,2023-04-17,2.045009e+06,2.613254e+06,1.771354e+06,2.622496e+07,-1.7877177,23761.793,28991.941,19511.477,1.9434108e+07,0.034509607,856852.25
Geo18,2023-04-24,1.778537e+06,2.399064e+06,1.083088e+06,2.4206508e+07,-1.7239218,20665.547,26615.676,11930.223,1.6547232e+07,0.03487909,856852.25
Geo18,2023-05-01,2.524822e+06,2.25372e+06,1.622438e+06,2.8011574e+07,-2.7145562,29336.936,25003.203,17871.166,1.7918918e+07,0.03450279,856852.25
Geo18,2023-05-08,2.535468e+06,1.512192e+06,1.607124e+06,2.5789326e+07,-0.02051791,29460.637,16776.549,17702.482,2.274764e+07,0.03461986,856852.25
Geo18,2023-05-15,2.292186e+06,3.579938e+06,1.869465e+06,2.7996512e+07,0.1329858,26633.844,39716.52,20592.17,1.9984178e+07,0.035457704,856852.25
Geo18,2023-05-22,1.075024e+06,2.103782e+06,1.820729e+06,2.8158604e+07,-3.2828429,12491.143,23339.762,20055.344,1.7029372e+07,0.034608383,856852.25
Geo18,2023-05-29,1.557156e+06,3.142327e+06,792887.0,2.4837014e+07,6.6616554,18093.23,34861.58,8733.656,2.822464e+07,0.035263915,856852.25
Geo18,2023-06-05,744690.0,2.291085e+06,1.852108e+06,2.4557522e+07,4.8623724,8652.856,25417.736,20400.982,2.6737124e+07,0.035366714,856852.25
Geo18,2023-06-12,1.373806e+06,2.500874e+06,1.436008e+06,2.6265834e+07,3.1044164,15962.812,27745.176,15817.639,2.3221632e+07,0.03472189,856852.25
Geo18,2023-06-19,1.957578e+06,1.594525e+06,1.957561e+06,2.4717202e+07,-1.6738218,22745.896,17689.967,21562.549,1.8449122e+07,0.035048876,856852.25
Geo18,2023-06-26,1.526223e+06,2.704145e+06,1.534422e+06,2.264085e+07,-2.5500104,17733.807,30000.305,16901.67,1.4954679e+07,0.03462111,856852.25
Geo18,2023-07-03,1.720926e+06,2.174362e+06,1.643833e+06,2.3986672e+07,-2.8017225,19996.14,24122.79,18106.832,1.8700166e+07,0.03460825,856852.25
Geo18,2023-07-10,1.796101e+06,2.477165e+06,1.500365e+06,2.4023764e+07,4.2713723,20869.629,27482.145,16526.531,2.2213628e+07,0.035176296,856852.25
Geo18,2023-07-17,2.31859e+06,1.67964e+06,1.752605e+06,2.3734618e+07,2.5162182,26940.643,18634.248,19304.957,2.396453e+07,0.035268918,856852.25
Geo18,2023-07-24,528844.0,2.732855e+06,2.125826e+06,2.329516e+07,0.8863498,6144.854,30318.818,23415.988,2.1076492e+07,0.035470128,856852.25
Geo18,2023-07-31,1.789207e+06,1.854e+06,1.53213e+06,2.1525876e+07,-0.085663885,20789.525,20568.633,16876.424,2.146828e+07,0.034752116,856852.25
Geo18,2023-08-07,1.10344e+06,2.3733e+06,1.628891e+06,2.65199e+07,-0.45546502,12821.319,26329.846,17942.246,1.8412188e+07,0.03486096,856852.25
Geo18,2023-08-14,2.476952e+06,2.044636e+06,2.463938e+06,2.4503622e+07,1.3804967,28780.715,22683.584,27140.295,2.0021794e+07,0.034544375,856852.25
Geo18,2023-08-21,3.26036e+06,2.58882e+06,1.098086e+06,2.2483458e+07,-0.30095136,37883.453,28720.867,12095.425,1.8661338e+07,0.03518675,856852.25
Geo18,2023-08-28,1.875547e+06,2.441352e+06,1.933246e+06,2.3978062e+07,-5.2721834,21792.746,27084.828,21294.719,1.5227069e+07,0.034503713,856852.25
Geo18,2023-09-04,1.462925e+06,3.218144e+06,1.45176e+06,2.410479e+07,4.369864,16998.322,35702.707,15991.146,2.332938e+07,0.035283223,856852.25
Geo18,2023-09-11,3.324735e+06,1.915552e+06,2.365846e+06,2.653922e+07,1.7050776,38631.453,21251.502,26059.81,2.0890356e+07,0.03480576,856852.25
Geo18,2023-09-18,1.250998e+06,2.546352e+06,913250.0,2.744601e+07,4.2292495,14535.855,28249.719,10059.455,2.4148584e+07,0.035103478,856852.25
Geo18,2023-09-25,2.618826e+06,2.267357e+06,1.975708e+06,2.4811724e+07,1.104321,30429.207,25154.494,21762.438,2.1112956e+07,0.035071153,856852.25
Geo18,2023-10-02,1.11062e+06,1.929981e+06,2.2021e+06,2.1956512e+07,-2.1097536,12904.746,21411.58,24256.148,1.6573167e+07,0.035070047,856852.25
Geo18,2023-10-09,2.591709e+06,4.397696e+06,2.342998e+06,2.4333686e+07,3.555478,30114.123,48788.883,25808.14,2.581577e+07,0.03547725,856852.25
Geo18,2023-10-16,1.716632e+06,2.369056e+06,1.800802e+06,2.8822294e+07,-1.5488437,19946.246,26282.762,19835.848,1.8896622e+07,0.03474522,856852.25
Geo18,2023-10-23,1.369356e+06,2.658207e+06,2.404748e+06,2.5440164e+07,-0.7909906,15911.105,29490.658,26488.316,1.6040412e+07,0.03483004,856852.25
Geo18,2023-10-30,1.574999e+06,3.61824e+06,1.539303e+06,2.5473162e+07,6.313777,18300.555,40141.45,16955.434,3.0039526e+07,0.035199065,856852.25
Geo18,2023-11-06,1.92557e+06,2.55989e+06,1.702291e+06,2.754267e+07,2.7954688,22373.982,28399.912,18750.748,2.3675586e+07,0.034541644,856852.25
Geo18,2023-11-13,1.120556e+06,2.178008e+06,1.596343e+06,2.3255466e+07,1.5560486,13020.197,24163.238,17583.73,2.1765172e+07,0.034738015,856852.25
Geo18,2023-11-20,2.536308e+06,662249.0,1.381282e+06,2.7937396e+07,0.96947217,29470.396,7347.1177,15214.831,2.2937148e+07,0.03460064,856852.25
Geo18,2023-11-27,1.609581e+06,3.156928e+06,2.097005e+06,2.3821318e+07,-3.1916504,18702.377,35023.566,23098.525,1.7557244e+07,0.035296828,856852.25
Geo18,2023-12-04,2.325412e+06,1.535218e+06,1.796582e+06,2.888917e+07,-1.1807712,27019.91,17032.004,19789.363,2.1620214e+07,0.03456489,856852.25
Geo18,2023-12-11,1.725939e+06,2.734858e+06,2.341358e+06,2.755818e+07,-3.2631733,20054.389,30341.04,25790.076,1.5224261e+07,0.034681793,856852.25
Geo18,2023-12-18,2.369001e+06,2.251106e+06,1.895779e+06,2.3609648e+07,-2.4688144,27526.389,24974.203,20882.02,1.9751512e+07,0.034881532,856852.25
Geo18,2023-12-25,1.922474e+06,3.17082e+06,1.627889e+06,2.6685898e+07,3.9310591,22338.01,35177.688,17931.209,2.159677e+07,0.03475295,856852.25
Geo18,2024-01-01,1.426777e+06,2.762699e+06,3.209892e+06,2.855166e+07,-3.4811726,16578.303,30649.914,35356.984,1.7402212e+07,0.034661338,856852.25
Geo18,2024-01-08,1.997677e+06,2.598498e+06,2.09651e+06,2.9684574e+07,-2.3160415,23211.824,28828.236,23093.072,1.6858252e+07,0.034921013,856852.25
Geo18,2024-01-15,2.466434e+06,2.577519e+06,1.252902e+06,2.816842e+07,-0.02181643,28658.502,28595.49,13800.725,2.2333792e+07,0.03532823,856852.25
Geo19,2021-01-25,3.251882e+06,2.252553e+06,2.389031e+06,2.1308968e+07,1.1130894,37784.94,24990.256,26315.193,2.120902e+07,0.03491344,987610.0
Geo19,2021-02-01,1.581297e+06,3.519657e+06,1.791995e+06,2.379192e+07,0.1299277,18373.734,39047.75,19738.838,1.6885002e+07,0.03527181,987610.0
Geo19,2021-02-08,1.886511e+06,2.901798e+06,2.677723e+06,2.4136658e+07,1.335251,21920.14,32193.104,29495.139,2.2312476e+07,0.034757566,987610.0
Geo19,2021-02-15,161277.0,2.872122e+06,1.834708e+06,2.3509204e+07,3.4226956,1873.9432,31863.873,20209.322,2.4989932e+07,0.035469506,987610.0
Geo19,2021-02-22,1.93239e+06,2.070274e+06,1.947046e+06,2.5753958e+07,-0.48354462,22453.227,22968.018,21446.727,2.2427402e+07,0.03460519,987610.0
Geo19,2021-03-01,2.400869e+06,2.315086e+06,2.216401e+06,2.9428696e+07,0.09181201,27896.676,25684.008,24413.674,2.0329036e+07,0.03526795,987610.0
Geo19,2021-03-08,2.974466e+06,1.91083e+06,2.068322e+06,3.1056646e+07,1.6955334,34561.53,21199.115,22782.582,2.3274616e+07,0.03533495,987610.0
Geo19,2021-03-15,940323.0,3.248238e+06,2.556941e+06,3.0196592e+07,-0.54919344,10925.996,36036.58,28164.725,2.3195464e+07,0.034634523,987610.0
Geo19,2021-03-22,2.778892e+06,3.429928e+06,950176.0,3.523136e+07,1.3150747,32289.078,38052.28,10466.195,2.2610642e+07,0.034925018,987610.0
Geo19,2021-03-29,1.318752e+06,3.306896e+06,1.50835e+06,2.8860494e+07,3.4600315,15323.117,36687.34,16614.486,2.9311078e+07,0.035416633,987610.0
Geo19,2021-04-05,2.940221e+06,2.398402e+06,2.176329e+06,3.2062352e+07,-2.0003557,34163.625,26608.332,23972.28,2.1767324e+07,0.03451173,987610.0
Geo19,2021-04-12,2.878684e+06,2.888831e+06,1.983347e+06,3.235807e+07,2.1245518,33448.6,32049.246,21846.582,2.9634748e+07,0.034870327,987610.0
Geo19,2021-04-19,2.449353e+06,3.155873e+06,2.31321e+06,3.400936e+07,-4.710877,28460.031,35011.86,25480.025,1.6729031e+07,0.034630597,987610.0
Geo19,2021-04-26,2.228015e+06,2.792894e+06,1.457058e+06,3.437141e+07,4.3717113,25888.215,30984.902,16049.505,3.1743404e+07,0.035403583,987610.0
Geo19,2021-05-03,1.182157e+06,2.297605e+06,2.444668e+06,3.506008e+07,-3.7886338,13735.964,25490.07,26928.035,2.3043282e+07,0.03549906,987610.0
Geo19,2021-05-10,2.355686e+06,3.729445e+06,1.583714e+06,3.4216304e+07,2.4019852,27371.676,41375.18,17444.621,3.2875176e+07,0.03513539,987610.0
Geo19,2021-05-17,2.242496e+06,3.672641e+06,1.956637e+06,3.0413774e+07,3.7192764,26056.475,40744.984,21552.371,3.0301756e+07,0.0346065,987610.0
Geo19,2021-05-24,1.649969e+06,2.543555e+06,3.139552e+06,3.1620606e+07,-1.1478472,19171.662,28218.688,34582.188,1.9253144e+07,0.035183042,987610.0
Geo19,2021-05-31,2.073562e+06,2.926345e+06,2.446874e+06,3.2066126e+07,1.3238683,24093.562,32465.434,26952.334,2.91838e+07,0.035041966,987610.0
Geo19,2021-06-07,2.481884e+06,2.222979e+06,2.098726e+06,3.1810266e+07,0.5129269,28838.021,24662.156,23117.482,2.8759642e+07,0.035413064,987610.0
Geo19,2021-06-14,2.164624e+06,3.255129e+06,2.272304e+06,3.387659e+07,0.9440092,25151.648,36113.027,25029.445,2.8259718e+07,0.03462128,987610.0
Geo19,2021-06-21,2.073537e+06,3.117944e+06,1.578576e+06,3.3725268e+07,0.9647793,24093.271,34591.07,17388.025,2.382659e+07,0.035295248,987610.0
Geo19,2021-06-28,2.264828e+06,2.802526e+06,2.03124e+06,3.208291e+07,-1.8956771,26315.959,31091.762,22374.123,2.6346934e+07,0.034620915,987610.0
Geo19,2021-07-05,2.25866e+06,3.814804e+06,3.309942e+06,3.444237e+07,-1.1133075,26244.291,42322.168,36459.035,2.5550988e+07,0.035430636,987610.0
Geo19,2021-07-12,2.278945e+06,4.059319e+06,2.292555e+06,3.447997e+07,0.01844514,26479.99,45034.863,25252.51,2.688941e+07,0.034969024,987610.0
Geo19,2021-07-19,2.338244e+06,2.697974e+06,2.589327e+06,2.9702262e+07,2.4954848,27169.01,29931.842,28521.455,3.1918548e+07,0.035352655,987610.0
Geo19,2021-07-26,3.104019e+06,1.895017e+06,2.23006e+06,3.6147656e+07,4.3588295,36066.863,21023.682,24564.127,3.015917e+07,0.035033856,987610.0
Geo19,2021-08-02,1.583301e+06,2.759483e+06,2.156288e+06,3.5142692e+07,-1.5683552,18397.02,30614.234,23751.527,2.412578e+07,0.03490327,987610.0
Geo19,2021-08-09,1.678882e+06,2.654803e+06,1.652511e+06,3.0380532e+07,3.808979,19507.615,29452.895,18202.42,2.8130314e+07,0.03488774,987610.0
Geo19,2021-08-16,983135.0,3.358071e+06,2.331086e+06,3.3938092e+07,-9.191602,11423.446,37255.086,25676.93,1.3626919e+07,0.03454963,987610.0
Geo19,2021-08-23,2.636129e+06,2.030066e+06,2.129808e+06,3.492878e+07,-0.23720486,30630.258,22521.941,23459.852,2.6173844e+07,0.034587838,987610.0
Geo19,2021-08-30,2.37519e+06,2.090804e+06,2.74137e+06,3.613753e+07,-0.35991806,27598.3,23195.781,30196.21,2.4714162e+07,0.034617644,987610.0
Geo19,2021-09-06,1.926834e+06,2.506535e+06,2.518255e+06,3.2996716e+07,-0.5992701,22388.67,27807.98,27738.598,2.47749e+07,0.035386994,987610.0
Geo19,2021-09-13,879689.0,3.242469e+06,2.15412e+06,3.201003e+07,0.10348025,10221.465,35972.574,23727.648,2.8801552e+07,0.035048895,987610.0
Geo19,2021-09-20,3.665878e+06,3.204713e+06,2.46526e+06,2.6359188e+07,4.1277986,42595.332,35553.703,27154.857,2.8999108e+07,0.03508116,987610.0
Geo19,2021-09-27,2.555986e+06,2.682055e+06,2.810982e+06,3.1253024e+07,0.97766536,29699.043,29755.232,30962.986,2.2074506e+07,0.035373617,987610.0
Geo19,2021-10-04,2.570644e+06,3.541934e+06,1.43866e+06,3.1762332e+07,1.3286226,29869.361,39294.895,15846.851,2.5903992e+07,0.03548171,987610.0
Geo19,2021-10-11,1.639455e+06,3.657362e+06,1.752295e+06,3.6147036e+07,0.039976597,19049.496,40575.477,19301.543,2.6105142e+07,0.035260864,987610.0
Geo19,2021-10-18,2.321907e+06,3.909077e+06,2.189499e+06,3.3104864e+07,5.9889154,26979.184,43368.05,24117.348,3.2909436e+07,0.035417452,987610.0
Geo19,2021-10-25,2.395017e+06,3.808592e+06,1.849959e+06,3.3098438e+07,-1.3391416,27828.68,42253.25,20377.312,2.8069282e+07,0.034981422,987610.0
Geo19,2021-11-01,2.791516e+06,2.520954e+06,854660.0,3.281275e+07,-4.15279,32435.762,27967.947,9414.086,1.9908988e+07,0.035185415,987610.0
Geo19,2021-11-08,2.624992e+06,2.233135e+06,2.459794e+06,3.0023678e+07,-4.284645,30500.852,24774.828,27094.648,1.7632796e+07,0.034586094,987610.0
Geo19,2021-11-15,1.185316e+06,3.012599e+06,2.873856e+06,3.2646244e+07,2.796352,13772.67,33422.35,31655.545,3.1895518e+07,0.035499267,987610.0
Geo19,2021-11-22,3.183585e+06,2.202004e+06,2.769321e+06,3.2031786e+07,0.2063978,36991.37,24429.455,30504.092,2.559845e+07,0.035044074,987610.0
Geo19,2021-11-29,3.175018e+06,2.649898e+06,1.946003e+06,3.405957e+07,-0.6222923,36891.83,29398.477,21435.236,2.5909692e+07,0.034956984,987610.0
Geo19,2021-12-06,2.271128e+06,2.07578e+06,1.261338e+06,3.542227e+07,5.351425,26389.162,23029.102,13893.647,2.8750078e+07,0.035067167,987610.0
Geo19,2021-12-13,2.470532e+06,1.358224e+06,1.305237e+06,3.0744854e+07,2.8616557,28706.12,15068.397,14377.195,3.1041904e+07,0.034708556,987610.0
Geo19,2021-12-20,3.237004e+06,2.217263e+06,2.377658e+06,3.434662e+07,-11.871215,37612.07,24598.742,26189.92,9.72903e+06,0.03548813,987610.0
Geo19,2021-12-27,2.726064e+06,2.554427e+06,2.590885e+06,3.7800904e+07,0.4982204,31675.248,28339.303,28538.617,2.578179e+07,0.03488705,987610.0
Geo19,2022-01-03,1.415412e+06,3.238716e+06,2.713105e+06,3.385951e+07,-4.088023,16446.25,35930.938,29884.871,1.9023544e+07,0.035491407,987610.0
Geo19,2022-01-10,2.192596e+06,2.706509e+06,611761.0,3.146017e+07,-0.04482155,25476.666,30026.531,6738.552,2.4123956e+07,0.03455409,987610.0
Geo19,2022-01-17,2.70641e+06,4.17267e+06,2.22165e+06,3.5550684e+07,0.41569072,31446.88,46292.402,24471.49,2.4933246e+07,0.034867425,987610.0
Geo19,2022-01-24,1.799881e+06,2.917126e+06,1.813807e+06,3.439918e+07,2.9332721,20913.55,32363.156,19979.098,2.9355742e+07,0.03486416,987610.0
Geo19,2022-01-31,3.316551e+06,3.324736e+06,2.402498e+06,3.8197452e+07,1.3057543,38536.36,36885.258,26463.533,2.578774e+07,0.035470076,987610.0
Geo19,2022-02-07,2.065356e+06,3.343409e+06,1.557387e+06,3.3974024e+07,-0.91752374,23998.213,37092.42,17154.629,2.3514972e+07,0.034704473,987610.0
Geo19,2022-02-14,1.963308e+06,2.095468e+06,3.879064e+06,3.2628436e+07,2.3279734,22812.477,23247.523,42727.918,3.2001922e+07,0.0348369,987610.0
Geo19,2022-02-21,1.799547e+06,2.324159e+06,2.488012e+06,3.4065468e+07,-1.7700751,20909.67,25784.666,27405.47,2.413467e+07,0.03491366,987610.0
Geo19,2022-02-28,2.47651e+06,1.393988e+06,2.304451e+06,2.7020226e+07,2.968142,28775.58,15465.171,25383.545,2.880643e+07,0.03499115,987610.0
Geo19,2022-03-07,1.656087e+06,1.47588e+06,3.756708e+06,3.4471668e+07,-4.295604,19242.75,16373.696,41380.164,2.2037276e+07,0.035486124,987610.0
Geo19,2022-03-14,2.246269e+06,1.17937e+06,1.775096e+06,2.9277628e+07,-1.0149158,26100.314,13084.157,19552.695,1.972843e+07,0.035248294,987610.0
Geo19,2022-03-21,51125.0,1.682361e+06,1.874602e+06,3.361553e+07,-3.563373,594.04224,18664.436,20648.754,2.105336e+07,0.035426788,987610.0
Geo19,2022-03-28,2.502803e+06,2.775578e+06,1.720012e+06,2.9898462e+07,3.6381698,29081.088,30792.795,18945.945,2.7043646e+07,0.03541566,987610.0
Geo19,2022-04-04,1.039778e+06,2.396655e+06,1.655982e+06,3.3494228e+07,5.9615927,12081.6045,26588.951,18240.654,3.1245044e+07,0.03534569,987610.0
Geo19,2022-04-11,2.031934e+06,2.839821e+06,3.901138e+06,2.9324894e+07,4.6100564,23609.87,31505.52,42971.062,2.7852004e+07,0.035132885,987610.0
Geo19,2022-04-18,2.999699e+06,2.416928e+06,1.789508e+06,3.0906386e+07,6.6256514,34854.727,26813.863,19711.443,3.1321118e+07,0.035087485,987610.0
Geo19,2022-04-25,2.991093e+06,2.272466e+06,1.935837e+06,3.2741872e+07,-5.938207,34754.73,25211.174,21323.258,1.8066414e+07,0.03518519,987610.0
Geo19,2022-05-02,2.17201e+06,2.762774e+06,1.856078e+06,3.1634654e+07,-1.2659792,25237.469,30650.746,20444.713,2.6517444e+07,0.034740217,987610.0
Geo19,2022-05-09,1.864049e+06,2.23732e+06,2.520032e+06,3.0478656e+07,-4.3673606,21659.145,24821.258,27758.17,2.2720566e+07,0.03547444,987610.0
Geo19,2022-05-16,2.767448e+06,3.743272e+06,2.457234e+06,3.3279104e+07,-4.921013,32156.107,41528.58,27066.451,1.4613299e+07,0.034702342,987610.0
Geo19,2022-05-23,2.890776e+06,3.161432e+06,1.380319e+06,3.2700822e+07,3.5973797,33589.105,35073.535,15204.224,2.6940214e+07,0.03543135,987610.0
Geo19,2022-05-30,2.335556e+06,2.695362e+06,3.032414e+06,3.460342e+07,-2.704637,27137.777,29902.863,33402.062,2.3091592e+07,0.03495879,987610.0
Geo19,2022-06-06,3.388052e+06,2.334672e+06,2.344248e+06,3.1886548e+07,-3.7763758,39367.156,25901.299,25821.908,2.2519804e+07,0.03500274,987610.0
Geo19,2022-06-13,2.145019e+06,2.281014e+06,2.997004e+06,3.6516252e+07,0.7227323,24923.85,25306.008,33012.02,2.5695344e+07,0.03492229,987610.0
Geo19,2022-06-20,2.295662e+06,2.634226e+06,1.685756e+06,3.3644904e+07,0.42076707,26674.232,29224.61,18568.615,2.6317724e+07,0.035089042,987610.0
Geo19,2022-06-27,2.107045e+06,2.974164e+06,2.1201e+06,3.3743972e+07,-4.2765584,24482.615,32995.945,23352.916,2.0045814e+07,0.034870364,987610.0
Geo19,2022-07-04,3.453636e+06,2.99829e+06,1.962487e+06,3.311179e+07,3.8429065,40129.203,33263.605,21616.809,3.0009116e+07,0.035142772,987610.0
Geo19,2022-07-11,2.383166e+06,3.166204e+06,1.36181e+06,3.1207348e+07,3.3219974,27690.977,35126.477,15000.347,2.863456e+07,0.034527138,987610.0
Geo19,2022-07-18,1.806177e+06,2.322922e+06,2.206852e+06,3.5027324e+07,-2.3409135,20986.707,25770.943,24308.49,2.2413448e+07,0.034772914,987610.0
Geo19,2022-07-25,1.353906e+06,4.076316e+06,342599.0,3.1969714e+07,3.4103143,15731.586,45223.434,3773.7305,2.9059614e+07,0.03534618,987610.0
Geo19,2022-08-01,2.239636e+06,2.962355e+06,1.892473e+06,3.163271e+07,-3.355033,26023.244,32864.934,20845.604,2.1726616e+07,0.035215124,987610.0
Geo19,2022-08-08,1.273779e+06,3.21282e+06,3.813506e+06,3.5886216e+07,1.0536094,14800.558,35643.64,42005.797,2.5639144e+07,0.03488555,987610.0
Geo19,2022-08-15,1.682921e+06,4.101358e+06,2.609728e+06,3.379924e+07,-2.0396852,19554.545,45501.254,28746.174,2.185031e+07,0.034902588,987610.0
Geo19,2022-08-22,3.2201e+06,2.289667e+06,1.082994e+06,3.1344984e+07,4.0551577,37415.656,25402.006,11929.187,2.8749686e+07,0.035155427,987610.0
Geo19,2022-08-29,1.483534e+06,3.178109e+06,2.322434e+06,3.1450494e+07,-0.40231174,17237.787,35258.55,25581.627,2.7430886e+07,0.035193257,987610.0
Geo19,2022-09-05,3.17132e+06,2.088174e+06,2.503615e+06,3.4819424e+07,0.16079837,36848.86,23166.604,27577.338,2.626558e+07,0.035287555,987610.0
Geo19,2022-09-12,1.517394e+06,1.762483e+06,2.537388e+06,3.0972358e+07,6.18339,17631.219,19553.324,27949.348,3.2034394e+07,0.034643568,987610.0
Geo19,2022-09-19,1.739255e+06,2.887456e+06,2.414382e+06,3.6253956e+07,1.3934697,20209.113,32033.992,26594.436,2.6615276e+07,0.035334405,987610.0
Geo19,2022-09-26,1.303205e+06,2.801927e+06,2.704673e+06,2.9031696e+07,0.260957,15142.47,31085.117,29791.992,2.4221234e+07,0.035009794,987610.0
Geo19,2022-10-03,1.71156e+06,1.564254e+06,3.447263e+06,3.486756e+07,-4.171018,19887.312,17354.135,37971.63,1.9438912e+07,0.03511458,987610.0
Geo19,2022-10-10,3.391879e+06,3.835688e+06,2.74312e+06,3.363655e+07,-1.4073634,39411.625,42553.86,30215.486,2.2591372e+07,0.034803294,987610.0
Geo19,2022-10-17,2.18977e+06,1.488016e+06,1.718402e+06,3.2262082e+07,-0.09826313,25443.83,16508.336,18928.21,2.980993e+07,0.034887634,987610.0
Geo19,2022-10-24,3.099618e+06,2.538953e+06,2.035587e+06,3.1029402e+07,10.927521,36015.727,28167.633,22422.006,3.9317644e+07,0.035377808,987610.0
Geo19,2022-10-31,2.889752e+06,4.361993e+06,2.258946e+06,3.2047108e+07,4.5149627,33577.207,48392.79,24882.307,3.016298e+07,0.03524579,987610.0
Geo19,2022-11-07,3.496765e+06,3.320088e+06,1.083138e+06,3.3292256e+07,-1.6293443,40630.34,36833.695,11930.772,2.0500928e+07,0.03517364,987610.0
Geo19,2022-11-14,2.265037e+06,3.738688e+06,1.078677e+06,3.571522e+07,1.1951116,26318.389,41477.723,11881.635,2.4641198e+07,0.034653503,987610.0
Geo19,2022-11-21,3.688596e+06,2.842416e+06,2.178363e+06,3.543333e+07,-3.9568954,42859.3,31534.309,23994.684,1.9479438e+07,0.03462473,987610.0
Geo19,2022-11-28,1.965168e+06,2.349944e+06,1.571703e+06,3.0658338e+07,1.3204215,22834.088,26070.73,17312.32,2.3563188e+07,0.034695048,987610.0
Geo19,2022-12-05,2.56748e+06,2.85507e+06,2.270236e+06,3.5030068e+07,-1.9843376,29832.598,31674.695,25006.666,2.4433398e+07,0.03501609,987610.0
Geo19,2022-12-12,3.049291e+06,3.289559e+06,2.170886e+06,4.2183268e+07,0.71529865,35430.957,36495.0,23912.324,2.4073296e+07,0.034751743,987610.0
Geo19,2022-12-19,1.908216e+06,2.892376e+06,2.36161e+06,3.1617436e+07,-3.661289,22172.34,32088.574,26013.15,2.1638786e+07,0.034800433,987610.0
Geo19,2022-12-26,2.669266e+06,2.321328e+06,2.610792e+06,3.2309308e+07,-1.8155773,31015.29,25753.258,28757.893,2.6090492e+07,0.035288922,987610.0
Geo19,2023-01-02,1.803506e+06,2.268076e+06,1.855404e+06,3.3923948e+07,-7.933585,20955.672,25162.47,20437.29,1.5276316e+07,0.03541787,987610.0
Geo19,2023-01-09,2.109686e+06,2.209263e+06,1.571298e+06,3.0903432e+07,-2.4941273,24513.3,24509.988,17307.86,2.5062434e+07,0.03524424,987610.0
Geo19,2023-01-16,1.582568e+06,2.374099e+06,2.220617e+06,3.2258112e+07,-0.37780952,18388.502,26338.71,24460.113,2.739471e+07,0.03490636,987610.0
Geo19,2023-01-23,879030.0,3.179262e+06,1.880973e+06,2.7712722e+07,1.6263335,10213.808,35271.344,20718.932,2.7082954e+07,0.035313312,987610.0
Geo19,2023-01-30,1.448127e+06,978854.0,2.039425e+06,3.1673496e+07,0.15835112,16826.379,10859.595,22464.281,2.112242e+07,0.035188228,987610.0
Geo19,2023-02-06,2.184925e+06,2.57845e+06,1.900514e+06,3.2333874e+07,-4.247282,25387.535,28605.82,20934.176,2.1897392e+07,0.03493571,987610.0
Geo19,2023-02-13,2.513459e+06,4.396872e+06,1.810044e+06,3.059898e+07,0.4991591,29204.904,48779.742,19937.648,2.4878486e+07,0.034778036,987610.0
Geo19,2023-02-20,2.005508e+06,3.045967e+06,2.146324e+06,2.9714518e+07,-3.3347807,23302.814,33792.543,23641.775,1.9925932e+07,0.034819227,987610.0
Geo19,2023-02-27,2.266597e+06,3.262892e+06,1.108949e+06,3.2065648e+07,0.022483476,26336.514,36199.152,12215.081,2.1331696e+07,0.03525426,987610.0
Geo19,2023-03-06,2.963196e+06,2.205293e+06,2.689298e+06,2.8715182e+07,-0.9548205,34430.582,24465.943,29622.637,2.1758424e+07,0.035230096,987610.0
Geo19,2023-03-13,2.392295e+06,2.048788e+06,2.30214e+06,3.1405816e+07,2.9500713,27797.05,22729.648,25358.088,2.4338738e+07,0.03537387,987610.0
Geo19,2023-03-20,2.944809e+06,3.437575e+06,1.338057e+06,3.4818412e+07,3.4752967,34216.938,38137.117,14738.708,3.0718722e+07,0.03457404,987610.0
Geo19,2023-03-27,2.88189e+06,2.7916e+06,1.981114e+06,3.6491228e+07,-3.2263975,33485.855,30970.547,21821.984,1.8743526e+07,0.034800973,987610.0
Geo19,2023-04-03,2.433724e+06,3.175499e+06,1.115087e+06,3.5832296e+07,-2.9759135,28278.432,35229.598,12282.691,2.1577988e+07,0.034542643,987610.0
Geo19,2023-04-10,2.232724e+06,3.536463e+06,2.551902e+06,3.514197e+07,0.84189034,25942.93,39234.2,28109.219,2.423513e+07,0.03497349,987610.0
Geo19,2023-04-17,4.076378e+06,2.418352e+06,1.300835e+06,3.402183e+07,-3.431795,47365.098,26829.662,14328.707,2.1295946e+07,0.035160355,987610.0
Geo19,2023-04-24,2.727909e+06,2.591926e+06,1.674263e+06,3.2007328e+07,-1.0840027,31696.688,28755.324,18442.02,2.1627188e+07,0.034517158,987610.0
Geo19,2023-05-01,3.50389e+06,2.885047e+06,2.36234e+06,3.692688e+07,0.3038449,40713.125,32007.266,26021.191,2.4954664e+07,0.03537721,987610.0
Geo19,2023-05-08,2.405224e+06,1.43194e+06,2.272201e+06,3.487464e+07,1.3972678,27947.277,15886.218,25028.31,2.9700052e+07,0.035124693,987610.0
Geo19,2023-05-15,2.371162e+06,3.913225e+06,1.419209e+06,3.668623e+07,4.7515583,27551.498,43414.07,15632.598,3.0676844e+07,0.035303116,987610.0
Geo19,2023-05-22,1.432269e+06,3.295725e+06,3.478681e+06,3.7276124e+07,0.41284037,16642.117,36563.406,38317.695,2.7178654e+07,0.035044182,987610.0
Geo19,2023-05-29,1.779958e+06,2.503234e+06,1.659313e+06,3.2217536e+07,-3.2420475,20682.059,27771.36,18277.346,2.324995e+07,0.03470429,987610.0
Geo19,2023-06-05,861372.0,2.88415e+06,2.630934e+06,3.2061678e+07,1.2729434,10008.633,31997.314,28979.758,2.815175e+07,0.03514717,987610.0
Geo19,2023-06-12,2.123502e+06,4.070593e+06,2.345077e+06,3.4770508e+07,0.3069136,24673.836,45159.94,25831.041,2.6508576e+07,0.035127833,987610.0
Geo19,2023-06-19,1.893149e+06,995885.0,2.568158e+06,3.318793e+07,0.073647276,21997.27,11048.539,28288.28,2.6269554e+07,0.03455426,987610.0
Geo19,2023-06-26,1.635764e+06,3.079308e+06,2.196197e+06,2.9764338e+07,0.58211714,19006.61,34162.434,24191.125,2.2905036e+07,0.034749057,987610.0
Geo19,2023-07-03,1.863046e+06,2.708397e+06,2.859588e+06,2.895775e+07,1.352105,21647.49,30047.477,31498.383,2.732908e+07,0.034988917,987610.0
Geo19,2023-07-10,1.410935e+06,2.841777e+06,3.23308e+06,2.9300012e+07,8.367264,16394.229,31527.22,35612.4,3.2974618e+07,0.035234533,987610.0
Geo19,2023-07-17,2.346402e+06,2.867027e+06,2.081871e+06,3.1203562e+07,-0.12623695,27263.8,31807.348,22931.824,2.5867998e+07,0.034733783,987610.0
Geo19,2023-07-24,632059.0,3.38066e+06,1.562458e+06,2.8799806e+07,0.6003366,7344.1514,37505.69,17210.486,2.4610154e+07,0.035260722,987610.0
Geo19,2023-07-31,1.300514e+06,3.664468e+06,1.539656e+06,2.7409142e+07,-3.9130197,15111.202,40654.312,16959.322,2.1898712e+07,0.034656685,987610.0
Geo19,2023-08-07,1.97763e+06,2.9189e+06,1.321358e+06,3.1730192e+07,3.1349094,22978.889,32382.838,14554.768,2.712348e+07,0.035467073,987610.0
Geo19,2023-08-14,1.884107e+06,2.161156e+06,3.326085e+06,2.9233808e+07,3.2251704,21892.207,23976.28,36636.85,2.8389388e+07,0.034602582,987610.0
Geo19,2023-08-21,2.139608e+06,3.212922e+06,2.283972e+06,2.6687802e+07,-2.8950973,24860.979,35644.773,25157.969,2.0197264e+07,0.03533106,987610.0
Geo19,2023-08-28,2.338786e+06,3.251088e+06,868877.0,2.9200422e+07,0.8223517,27175.309,36068.195,9570.687,2.5124126e+07,0.03476569,987610.0
Geo19,2023-09-04,1.635573e+06,2.91345e+06,1.45283e+06,2.9124992e+07,2.6558065,19004.389,32322.373,16002.933,2.5891166e+07,0.034989092,987610.0
Geo19,2023-09-11,3.298239e+06,2.390156e+06,1.848854e+06,3.082094e+07,0.9715782,38323.582,26516.85,20365.14,2.3896666e+07,0.035238687,987610.0
Geo19,2023-09-18,1.962033e+06,3.099941e+06,1.804079e+06,3.3311184e+07,2.110971,22797.662,34391.34,19871.943,2.6858212e+07,0.03472032,987610.0
Geo19,2023-09-25,3.068023e+06,2.16503e+06,1.662598e+06,3.135436e+07,-5.086288,35648.61,24019.258,18313.53,1.6660074e+07,0.03516608,987610.0
Geo19,2023-10-02,2.069278e+06,2.921391e+06,2.92799e+06,2.8200104e+07,-0.096995324,24043.785,32410.473,32251.832,2.3001984e+07,0.035489753,987610.0
Geo19,2023-10-09,2.236959e+06,4.198424e+06,2.952449e+06,3.0850006e+07,-2.544316,25992.139,46578.12,32521.248,2.3867914e+07,0.03523541,987610.0
Geo19,2023-10-16,2.547599e+06,3.395859e+06,1.364558e+06,3.5817704e+07,-2.5984805,29601.592,37674.312,15030.616,2.1669442e+07,0.035071567,987610.0
Geo19,2023-10-23,1.257016e+06,4.603959e+06,2.020378e+06,3.2787066e+07,4.168826,14605.781,51077.207,22254.479,2.6629454e+07,0.034759138,987610.0
Geo19,2023-10-30,1.479038e+06,3.150574e+06,1.167586e+06,3.17009e+07,-2.3090618,17185.545,34953.074,12860.969,2.5820616e+07,0.034804698,987610.0
Geo19,2023-11-06,2.068612e+06,2.95935e+06,1.746064e+06,3.377015e+07,3.615406,24036.047,32831.598,19232.908,2.9081384e+07,0.03526464,987610.0
Geo19,2023-11-13,2.266455e+06,1.922783e+06,3.712262e+06,3.1755746e+07,4.8757753,26334.865,21331.725,40890.594,3.1267528e+07,0.034900878,987610.0
Geo19,2023-11-20,3.316254e+06,2.125451e+06,1.602052e+06,3.6399812e+07,4.6427507,38532.906,23580.162,17646.615,3.245747e+07,0.035330888,987610.0
Geo19,2023-11-27,2.711558e+06,3.91001e+06,2.679428e+06,3.1994866e+07,2.6172423,31506.697,43378.402,29513.918,2.9527568e+07,0.034666765,987610.0
Geo19,2023-12-04,2.374896e+06,1.322121e+06,2.15957e+06,3.6534276e+07,-3.1467526,27594.885,14667.864,23787.68,2.4036454e+07,0.034697942,987610.0
Geo19,2023-12-11,3.06313e+06,2.918137e+06,1.890774e+06,3.6914984e+07,0.048939742,35591.758,32374.373,20826.889,2.3491596e+07,0.035126604,987610.0
Geo19,2023-12-18,2.619344e+06,2.955003e+06,2.274435e+06,3.1687394e+07,8.773762,30435.227,32783.37,25052.918,3.861706e+07,0.035006735,987610.0
Geo19,2023-12-25,1.993237e+06,3.61018e+06,2.667521e+06,3.5371948e+07,0.22753963,23160.232,40052.03,29382.764,2.3695446e+07,0.03468195,987610.0
Geo19,2024-01-01,1.591135e+06,3.910376e+06,3.737548e+06,3.5890104e+07,-3.4903393,18488.047,43382.46,41169.117,2.139028e+07,0.034971435,987610.0
Geo19,2024-01-08,1.72989e+06,2.598743e+06,1.098559e+06,3.7667092e+07,-4.651778,20100.297,28830.953,12100.636,1.8451994e+07,0.035210572,987610.0
Geo19,2024-01-15,1.219369e+06,2.978417e+06,689624.0,3.4365924e+07,3.5409708,14168.346,33043.13,7596.2134,3.0892588e+07,0.03526143,987610.0
Geo2,2021-01-25,569121.0,694211.0,512628.0,3.715717e+06,1.479211,6612.849,7701.71,5646.601,4.3044335e+06,0.0345224,225414.62
Geo2,2021-02-01,172883.0,557397.0,663105.0,4.225252e+06,-4.5076785,2008.7981,6183.869,7304.1064,1.9623399e+06,0.035259183,225414.62
Geo2,2021-02-08,417189.0,617203.0,449706.0,4.54121e+06,-3.5134258,4847.4893,6847.3687,4953.5146,3.2679592e+06,0.034919914,225414.62
Geo2,2021-02-15,251756.0,603351.0,668811.0,4.25534e+06,-2.4102066,2925.2556,6693.692,7366.958,3.7712158e+06,0.0354495,225414.62
Geo2,2021-02-22,463656.0,461398.0,674844.0,4.960165e+06,-1.6912923,5387.408,5118.838,7433.4116,4.4246055e+06,0.035417523,225414.62
Geo2,2021-03-01,409394.0,464255.0,526284.0,5.685265e+06,-3.9525568,4756.916,5150.534,5797.022,3.304322e+06,0.035464846,225414.62
Geo2,2021-03-08,693503.0,585666.0,596474.0,6.137588e+06,5.9785037,8058.094,6497.491,6570.1655,6.461418e+06,0.034553263,225414.62
Geo2,2021-03-15,412300.0,633987.0,499965.0,6.053319e+06,1.8610051,4790.6816,7033.5737,5507.118,5.696654e+06,0.03548405,225414.62
Geo2,2021-03-22,628678.0,828973.0,359728.0,7.090971e+06,4.8722363,7304.866,9196.786,3962.4065,5.9672655e+06,0.035013087,225414.62
Geo2,2021-03-29,641997.0,603684.0,390489.0,5.827864e+06,0.28868115,7459.625,6697.386,4301.2393,5.620132e+06,0.034911413,225414.62
Geo2,2021-04-05,764877.0,575398.0,688107.0,6.757238e+06,-1.6942387,8887.418,6383.5757,7579.5034,5.262955e+06,0.035170957,225414.62
Geo2,2021-04-12,654145.0,622570.0,496038.0,6.92118e+06,-0.91950536,7600.7773,6906.911,5463.8623,6.125885e+06,0.035070796,225414.62
Geo2,2021-04-19,703011.0,658150.0,414425.0,7.145928e+06,1.1235588,8168.5713,7301.6426,4564.8945,5.8276755e+06,0.03520388,225414.62
Geo2,2021-04-26,371284.0,624884.0,431702.0,6.945441e+06,2.5660162,4314.1,6932.583,4755.2007,7.0913195e+06,0.034918007,225414.62
Geo2,2021-05-03,277632.0,455160.0,428811.0,7.258438e+06,-7.054786,3225.9194,5049.6323,4723.3564,4.534439e+06,0.035445865,225414.62
Geo2,2021-05-10,413438.0,815514.0,479558.0,7.177738e+06,-0.38393307,4803.905,9047.469,5282.335,6.6396525e+06,0.03451902,225414.62
Geo2,2021-05-17,514602.0,815140.0,283911.0,5.931634e+06,0.33130604,5979.3706,9043.319,3127.2817,5.9767345e+06,0.034828525,225414.62
Geo2,2021-05-24,542178.0,606929.0,523871.0,6.553186e+06,0.31273302,6299.787,6733.3867,5770.443,4.950956e+06,0.035394177,225414.62
Geo2,2021-05-31,463086.0,549815.0,555927.0,6.533207e+06,-1.0071052,5380.785,6099.7534,6123.54,6.1503675e+06,0.034610264,225414.62
Geo2,2021-06-07,566856.0,663048.0,607993.0,6.418122e+06,4.1193466,6586.531,7355.982,6697.0474,7.630007e+06,0.035180304,225414.62
Geo2,2021-06-14,427376.0,658675.0,328482.0,6.78912e+06,0.3081955,4965.856,7307.467,3618.2317,6.268959e+06,0.03506466,225414.62
Geo2,2021-06-21,415688.0,876851.0,302507.0,6.719762e+06,2.8575883,4830.0483,9727.953,3332.1167,6.0326395e+06,0.03460466,225414.62
Geo2,2021-06-28,688576.0,622288.0,573776.0,6.439305e+06,6.1883698,8000.845,6903.7827,6320.147,8.489708e+06,0.034940448,225414.62
Geo2,2021-07-05,386402.0,827415.0,699974.0,7.088039e+06,-2.310902,4489.762,9179.501,7710.2188,5.48625e+06,0.03476992,225414.62
Geo2,2021-07-12,750596.0,834970.0,501956.0,7.291351e+06,3.7899652,8721.48,9263.317,5529.049,7.483414e+06,0.035493363,225414.62
Geo2,2021-07-19,332365.0,440603.0,600263.0,5.632186e+06,1.4276726,3861.8845,4888.1343,6611.9014,6.8131765e+06,0.035313282,225414.62
Geo2,2021-07-26,608284.0,390090.0,468106.0,7.291666e+06,-2.6506062,7067.9,4327.7334,5156.191,5.1399295e+06,0.03493008,225414.62
Geo2,2021-08-02,594207.0,585995.0,436919.0,7.212882e+06,0.9909026,6904.3335,6501.141,4812.666,6.3494515e+06,0.035253037,225414.62
Geo2,2021-08-09,151511.0,669602.0,234531.0,5.795672e+06,-1.4804069,1760.468,7428.6934,2583.3606,5.050759e+06,0.03549497,225414.62
Geo2,2021-08-16,190144.0,664459.0,177773.0,6.92331e+06,-3.4575539,2209.3606,7371.6357,1958.1709,4.848276e+06,0.0351815,225414.62
Geo2,2021-08-23,649505.0,315111.0,468914.0,7.064218e+06,0.7938943,7546.8633,3495.9019,5165.0913,6.188177e+06,0.035298124,225414.62
Geo2,2021-08-30,517622.0,418015.0,569179.0,7.452012e+06,3.4835954,6014.461,4637.5386,6269.5107,6.946913e+06,0.03472404,225414.62
Geo2,2021-09-06,568856.0,664562.0,501921.0,6.679624e+06,8.156311,6609.77,7372.7783,5528.6636,8.181599e+06,0.034562446,225414.62
Geo2,2021-09-13,406726.0,523648.0,483013.0,6.363702e+06,2.8223357,4725.915,5809.4517,5320.3916,7.297152e+06,0.035203237,225414.62
Geo2,2021-09-20,708808.0,629642.0,291624.0,5.351929e+06,-1.4919711,8235.929,6985.369,3212.2405,5.334637e+06,0.035037126,225414.62
Geo2,2021-09-27,480040.0,404588.0,612945.0,5.967284e+06,2.1953325,5577.7803,4488.577,6751.5938,5.496901e+06,0.035491228,225414.62
Geo2,2021-10-04,204470.0,651526.0,471774.0,5.910624e+06,-1.1643982,2375.8203,7228.155,5196.594,4.947446e+06,0.035063736,225414.62
Geo2,2021-10-11,419479.0,697897.0,395791.0,7.187968e+06,-0.73888147,4874.0977,7742.6035,4359.6406,5.6560585e+06,0.035353187,225414.62
Geo2,2021-10-18,619779.0,773499.0,692227.0,6.581058e+06,-1.9233489,7201.465,8581.347,7624.8853,5.262019e+06,0.03503764,225414.62
Geo2,2021-10-25,434951.0,717893.0,327086.0,6.511526e+06,-4.6838007,5053.873,7964.443,3602.8547,5.4375105e+06,0.03517369,225414.62
Geo2,2021-11-01,508041.0,475095.0,300536.0,6.413698e+06,-0.65199804,5903.1357,5270.7954,3310.4062,5.080552e+06,0.03534198,225414.62
Geo2,2021-11-08,422383.0,537582.0,292980.0,5.69308e+06,4.4527946,4907.8403,5964.038,3227.1768,6.5624275e+06,0.035083354,225414.62
Geo2,2021-11-15,478994.0,708811.0,553559.0,6.565687e+06,7.1869574,5565.6265,7863.6855,6097.4565,8.3423635e+06,0.03542976,225414.62
Geo2,2021-11-22,709179.0,635183.0,287519.0,6.286304e+06,-0.14349537,8240.24,7046.8423,3167.024,5.5194895e+06,0.034783937,225414.62
Geo2,2021-11-29,563578.0,454959.0,359858.0,6.560311e+06,-1.8991238,6548.4424,5047.4023,3963.8384,5.860794e+06,0.035481054,225414.62
Geo2,2021-12-06,534016.0,576548.0,288745.0,6.967166e+06,0.052451447,6204.9497,6396.3345,3180.5283,5.060949e+06,0.03509187,225414.62
Geo2,2021-12-13,532619.0,304998.0,338822.0,6.07178e+06,4.224358,6188.7173,3383.7063,3732.1267,7.492124e+06,0.03484741,225414.62
Geo2,2021-12-20,739094.0,608206.0,707094.0,7.028732e+06,2.8282082,8587.835,6747.554,7788.6455,6.569157e+06,0.034573343,225414.62
Geo2,2021-12-27,640491.0,618961.0,363323.0,7.548316e+06,6.826626,7442.126,6866.872,4002.0054,7.637243e+06,0.034527507,225414.62
Geo2,2022-01-03,580433.0,697882.0,731490.0,6.84501e+06,2.8119388,6744.2876,7742.437,8057.3677,6.298534e+06,0.035348237,225414.62
Geo2,2022-01-10,616394.0,760193.0,199481.0,6.64894e+06,1.7876277,7162.1333,8433.728,2197.2847,5.933323e+06,0.034566257,225414.62
Geo2,2022-01-17,503924.0,790562.0,518668.0,7.21344e+06,1.7961478,5855.2983,8770.646,5713.132,6.30911e+06,0.035140492,225414.62
Geo2,2022-01-24,389408.0,946417.0,605751.0,6.844328e+06,2.05537,4524.6904,10499.732,6672.3516,6.7361735e+06,0.035432186,225414.62
Geo2,2022-01-31,454139.0,682463.0,590534.0,7.775044e+06,0.5255798,5276.826,7571.3755,6504.7363,5.6244345e+06,0.035367023,225414.62
Geo2,2022-02-07,499201.0,698497.0,294390.0,6.748934e+06,-0.43192855,5800.42,7749.26,3242.708,5.408657e+06,0.03523977,225414.62
Geo2,2022-02-14,452720.0,605055.0,423102.0,6.372477e+06,0.74148494,5260.3384,6712.596,4660.4717,6.75384e+06,0.034725536,225414.62
Geo2,2022-02-21,414729.0,511345.0,373585.0,7.078248e+06,-1.3796782,4818.9053,5672.9595,4115.0415,5.7364105e+06,0.034788165,225414.62
Geo2,2022-02-28,657004.0,471670.0,424245.0,5.50755e+06,-5.0728908,7633.9976,5232.7974,4673.0615,4.3170295e+06,0.035443444,225414.62
Geo2,2022-03-07,366026.0,689903.0,701367.0,6.776022e+06,-1.1614795,4253.0054,7653.9165,7725.5625,5.9754605e+06,0.03530893,225414.62
Geo2,2022-03-14,397933.0,489143.0,368331.0,5.692606e+06,-1.9973311,4623.7456,5426.6465,4057.1687,4.2726315e+06,0.03452326,225414.62
Geo2,2022-03-21,377125.0,392544.0,756897.0,6.898778e+06,-0.5036781,4381.969,4354.9585,8337.226,5.921657e+06,0.03510023,225414.62
Geo2,2022-03-28,525234.0,357859.0,647163.0,5.858892e+06,-5.145817,6102.908,3970.1565,7128.5054,4.106747e+06,0.034615695,225414.62
Geo2,2022-04-04,217824.0,446619.0,483829.0,7.140274e+06,1.9668521,2530.9858,4954.877,5329.38,5.9160455e+06,0.034905486,225414.62
Geo2,2022-04-11,504769.0,573964.0,723572.0,6.330174e+06,-0.83973265,5865.1167,6367.667,7970.151,5.02278e+06,0.034880716,225414.62
Geo2,2022-04-18,584762.0,551763.0,204094.0,6.371294e+06,5.7039914,6794.588,6121.3647,2248.097,6.937945e+06,0.0353999,225414.62
Geo2,2022-04-25,535702.0,413651.0,702840.0,6.506062e+06,0.8098558,6224.54,4589.1235,7741.7876,5.8757825e+06,0.034623347,225414.62
Geo2,2022-05-02,590229.0,537163.0,744780.0,6.359465e+06,-0.44413787,6858.1113,5959.3896,8203.757,6.305873e+06,0.035181385,225414.62
Geo2,2022-05-09,283303.0,549825.0,414468.0,6.071371e+06,1.4742777,3291.813,6099.8643,4565.368,6.8733435e+06,0.034895472,225414.62
Geo2,2022-05-16,845965.0,833327.0,721972.0,6.826321e+06,2.436866,9829.612,9245.09,7952.527,5.4662685e+06,0.03515419,225414.62
Geo2,2022-05-23,520068.0,394600.0,147103.0,6.44177e+06,-7.054083,6042.8823,4377.768,1620.3406,3.2826718e+06,0.03520673,225414.62
Geo2,2022-05-30,589376.0,778941.0,536838.0,7.240442e+06,0.34245652,6848.2,8641.721,5913.2744,6.2405825e+06,0.035140496,225414.62
Geo2,2022-06-06,587609.0,492090.0,466795.0,6.34146e+06,-1.0487244,6827.6685,5459.341,5141.7505,5.8387325e+06,0.034501575,225414.62
Geo2,2022-06-13,409704.0,818989.0,375054.0,7.272547e+06,0.5460926,4760.5176,9086.021,4131.2227,5.7378395e+06,0.035289556,225414.62
Geo2,2022-06-20,449326.0,807652.0,577806.0,6.57454e+06,-1.7127323,5220.902,8960.246,6364.537,5.546628e+06,0.03544203,225414.62
Geo2,2022-06-27,358124.0,483577.0,327924.0,6.907844e+06,-0.045119256,4161.189,5364.896,3612.0852,5.86236e+06,0.03549528,225414.62
Geo2,2022-07-04,770753.0,604727.0,588408.0,6.178847e+06,0.007075282,8955.693,6708.9575,6481.3184,5.782126e+06,0.035020854,225414.62
Geo2,2022-07-11,592890.0,526782.0,274256.0,6.094411e+06,-1.0002497,6889.031,5844.2207,3020.932,5.5115445e+06,0.034730375,225414.62
Geo2,2022-07-18,485555.0,726298.0,661253.0,6.894088e+06,2.9711485,5641.8613,8057.6895,7283.7065,7.0123625e+06,0.034905583,225414.62
Geo2,2022-07-25,419080.0,794004.0,215029.0,6.469266e+06,0.37250322,4869.4614,8808.833,2368.546,5.7454245e+06,0.035138566,225414.62
Geo2,2022-08-01,765433.0,675493.0,405008.0,6.311052e+06,1.852905,8893.878,7494.049,4461.166,6.3935025e+06,0.034949414,225414.62
Geo2,2022-08-08,450127.0,871942.0,761961.0,7.253194e+06,0.32992595,5230.209,9673.492,8393.006,5.6569935e+06,0.03545725,225414.62
Geo2,2022-08-15,647669.0,830386.0,371469.0,7.370651e+06,-2.7091045,7525.5303,9212.462,4091.7336,4.935658e+06,0.035008643,225414.62
Geo2,2022-08-22,696251.0,635918.0,674360.0,6.47029e+06,-0.5371397,8090.0244,7054.9966,7428.08,5.3372415e+06,0.034923226,225414.62
Geo2,2022-08-29,693960.0,764347.0,514825.0,6.603862e+06,-0.19912773,8063.4043,8479.8125,5670.8013,6.238738e+06,0.035384577,225414.62
Geo2,2022-09-05,429561.0,690807.0,324478.0,7.258188e+06,-2.5350018,4991.244,7663.9453,3574.1274,5.5430325e+06,0.03474164,225414.62
Geo2,2022-09-12,73939.0,552043.0,521233.0,6.454924e+06,2.7199054,859.1274,6124.471,5741.3853,6.1555395e+06,0.034782663,225414.62
Geo2,2022-09-19,587601.0,670561.0,544764.0,7.603274e+06,7.8363433,6827.5757,7439.3325,6000.5796,7.8691435e+06,0.034974195,225414.62
Geo2,2022-09-26,341753.0,658631.0,397847.0,6.230452e+06,0.10474259,3970.9675,7306.979,4382.2876,5.4941885e+06,0.034555983,225414.62
Geo2,2022-10-03,371908.0,438921.0,554885.0,7.11104e+06,-5.8951707,4321.3506,4869.4736,6112.0625,4.3368975e+06,0.03462892,225414.62
Geo2,2022-10-10,509948.0,781124.0,403376.0,6.588538e+06,3.7997894,5925.294,8665.939,4443.1895,6.7939365e+06,0.034978665,225414.62
Geo2,2022-10-17,442743.0,543029.0,402761.0,6.375056e+06,-2.7254622,5144.4116,6024.468,4436.4155,6.274726e+06,0.034817584,225414.62
Geo2,2022-10-24,405005.0,428651.0,571955.0,5.891481e+06,-1.2065201,4705.918,4755.5366,6300.0884,5.873584e+06,0.03507254,225414.62
Geo2,2022-10-31,591914.0,916887.0,623968.0,6.094034e+06,2.5472097,6877.69,10172.12,6873.012,6.225791e+06,0.035077587,225414.62
Geo2,2022-11-07,672254.0,573934.0,311576.0,6.41949e+06,0.28465527,7811.1934,6367.334,3432.012,5.3305995e+06,0.03472975,225414.62
Geo2,2022-11-14,374119.0,726066.0,411139.0,6.399662e+06,-0.27894726,4347.041,8055.1157,4528.699,5.299371e+06,0.0354343,225414.62
Geo2,2022-11-21,1.144292e+06,866718.0,386051.0,6.996359e+06,3.7568822,13295.995,9615.536,4252.3545,6.7517115e+06,0.034635324,225414.62
Geo2,2022-11-28,345068.0,328786.0,568701.0,5.829868e+06,-2.6166582,4009.4858,3647.615,6264.2456,4.4970005e+06,0.035447348,225414.62
Geo2,2022-12-05,389285.0,580622.0,545794.0,6.954602e+06,-1.0852287,4523.261,6441.5317,6011.925,5.7810395e+06,0.03490029,225414.62
Geo2,2022-12-12,559725.0,690094.0,449095.0,8.127024e+06,-3.0759609,6503.673,7656.035,4946.7847,4.672173e+06,0.034660123,225414.62
Geo2,2022-12-19,497841.0,681161.0,791262.0,5.834375e+06,0.76679873,5784.6177,7556.931,8715.757,6.2565915e+06,0.03514167,225414.62
Geo2,2022-12-26,584750.0,608603.0,439146.0,6.296104e+06,-3.2466288,6794.4487,6751.9585,4837.1963,5.5944075e+06,0.035420094,225414.62
Geo2,2023-01-02,375388.0,464640.0,637343.0,6.575048e+06,3.4085531,4361.786,5154.805,7020.338,6.741953e+06,0.034861896,225414.62
Geo2,2023-01-09,664812.0,746318.0,291334.0,6.082327e+06,-0.94979084,7724.7217,8279.795,3209.0461,6.408021e+06,0.03520713,225414.62
Geo2,2023-01-16,441582.0,619412.0,557341.0,6.374982e+06,-1.5479116,5130.9214,6871.8755,6139.115,5.891454e+06,0.034981627,225414.62
Geo2,2023-01-23,285647.0,582440.0,163964.0,5.627184e+06,1.0462588,3319.0488,6461.701,1806.0647,6.089822e+06,0.034889113,225414.62
Geo2,2023-01-30,377542.0,426910.0,482727.0,6.481474e+06,-2.7865546,4386.8145,4736.2217,5317.241,3.9686488e+06,0.03462795,225414.62
Geo2,2023-02-06,660978.0,676755.0,459775.0,6.57409e+06,-0.024348373,7680.173,7508.05,5064.425,6.215463e+06,0.035397854,225414.62
Geo2,2023-02-13,268482.0,656545.0,586213.0,6.259031e+06,-1.1932487,3119.6018,7283.8364,6457.1406,5.198747e+06,0.03479313,225414.62
Geo2,2023-02-20,353996.0,658002.0,518239.0,6.00377e+06,-3.834016,4113.2236,7300.0005,5708.4062,4.5128565e+06,0.03491711,225414.62
Geo2,2023-02-27,321146.0,670956.0,409737.0,6.010306e+06,-7.6876364,3731.5264,7443.715,4513.256,2.9486098e+06,0.03499569,225414.62
Geo2,2023-03-06,623700.0,512454.0,635661.0,5.805532e+06,-0.745379,7247.0244,5685.263,7001.8105,5.1610255e+06,0.035190813,225414.62
Geo2,2023-03-13,446229.0,279251.0,573441.0,6.118984e+06,4.8690634,5184.9165,3098.0642,6316.4565,6.076117e+06,0.03505274,225414.62
Geo2,2023-03-20,491498.0,905120.0,332401.0,6.68822e+06,1.6813726,5710.9155,10041.575,3661.3994,6.3612055e+06,0.035081923,225414.62
Geo2,2023-03-27,618254.0,863894.0,390593.0,6.98408e+06,2.4387043,7183.745,9584.206,4302.385,5.7679675e+06,0.035103567,225414.62
Geo2,2023-04-03,810275.0,727172.0,467551.0,7.062488e+06,3.0652437,9414.916,8067.3857,5150.0776,6.6625845e+06,0.03459437,225414.62
Geo2,2023-04-10,332246.0,816838.0,390083.0,6.738022e+06,8.006062,3860.5017,9062.157,4296.767,7.298751e+06,0.035445165,225414.62
Geo2,2023-04-17,466196.0,772331.0,168899.0,6.486131e+06,1.4802794,5416.9214,8568.389,1860.4237,6.3501585e+06,0.034619004,225414.62
Geo2,2023-04-24,617821.0,708534.0,503625.0,6.371771e+06,-3.2505991,7178.714,7860.6123,5547.433,4.512937e+06,0.034855157,225414.62
Geo2,2023-05-01,850293.0,719315.0,576148.0,7.135944e+06,1.6308064,9879.901,7980.2188,6346.2744,6.2280405e+06,0.034781575,225414.62
Geo2,2023-05-08,558794.0,420418.0,366744.0,6.630142e+06,1.9341404,6492.8555,4664.198,4039.6877,6.9250925e+06,0.03485708,225414.62
Geo2,2023-05-15,723763.0,953765.0,342489.0,7.271621e+06,1.3648305,8409.697,10581.252,3772.5188,6.0962665e+06,0.03509766,225414.62
Geo2,2023-05-22,439296.0,743508.0,676387.0,7.498995e+06,2.234096,5104.3594,8248.62,7450.4077,6.513653e+06,0.034955658,225414.62
Geo2,2023-05-29,321609.0,815016.0,552254.0,6.2869e+06,-2.0279336,3736.906,9041.944,6083.082,5.795809e+06,0.034526695,225414.62
Geo2,2023-06-05,400241.0,617394.0,570238.0,6.565216e+06,-4.066938,4650.5635,6849.488,6281.176,5.121711e+06,0.03537555,225414.62
Geo2,2023-06-12,673976.0,426987.0,554481.0,7.082343e+06,1.8696728,7831.202,4737.0757,6107.6123,6.6546355e+06,0.034885097,225414.62
Geo2,2023-06-19,479152.0,392670.0,471570.0,6.80019e+06,3.3222451,5567.4624,4356.3564,5194.347,7.1500875e+06,0.034798443,225414.62
Geo2,2023-06-26,333382.0,645653.0,266889.0,6.321784e+06,-3.4379015,3873.7014,7162.9985,2939.7842,4.4467015e+06,0.035083674,225414.62
Geo2,2023-07-03,601359.0,524226.0,347196.0,6.14186e+06,-0.9939997,6987.4355,5815.864,3824.3665,5.6959215e+06,0.035252884,225414.62
Geo2,2023-07-10,369081.0,509433.0,412837.0,6.450032e+06,-1.1080334,4288.5024,5651.7476,4547.4023,4.777234e+06,0.034920324,225414.62
Geo2,2023-07-17,605727.0,581382.0,529450.0,6.321694e+06,4.3218884,7038.189,6449.9634,5831.8955,7.2873915e+06,0.03490323,225414.62
Geo2,2023-07-24,0.0,702807.0,708276.0,5.94787e+06,-0.052820418,0.0,7797.0757,7801.6655,5.8183475e+06,0.03540423,225414.62
Geo2,2023-07-31,246243.0,626126.0,491382.0,5.380234e+06,0.7837913,2861.1978,6946.3623,5412.576,6.353344e+06,0.035448328,225414.62
Geo2,2023-08-07,338111.0,569598.0,634133.0,6.842145e+06,-3.2128477,3928.6497,6319.2295,6984.9795,4.46212e+06,0.0354822,225414.62
Geo2,2023-08-14,562734.0,552286.0,728322.0,5.621612e+06,2.9499454,6538.6357,6127.167,8022.472,6.325315e+06,0.035174318,225414.62
Geo2,2023-08-21,671406.0,900406.0,457894.0,5.226748e+06,3.5430593,7801.34,9989.277,5043.7056,6.485855e+06,0.034532852,225414.62
Geo2,2023-08-28,528771.0,541154.0,608718.0,5.894712e+06,3.2492244,6144.006,6003.6665,6705.033,6.404151e+06,0.035330288,225414.62
Geo2,2023-09-04,246174.0,656836.0,456463.0,5.915573e+06,-3.773806,2860.396,7287.065,5027.9434,4.3893615e+06,0.035469104,225414.62
Geo2,2023-09-11,758736.0,527606.0,479134.0,6.337268e+06,-1.7608278,8816.0625,5853.3623,5277.6646,4.8768135e+06,0.03516986,225414.62
Geo2,2023-09-18,412494.0,826132.0,130995.0,6.677461e+06,-2.0269794,4792.936,9165.267,1442.9109,5.3003015e+06,0.034696955,225414.62
Geo2,2023-09-25,643275.0,700432.0,329084.0,6.052442e+06,1.9314716,7474.4746,7770.727,3624.8625,6.031407e+06,0.03453896,225414.62
Geo2,2023-10-02,456278.0,583150.0,757441.0,5.596342e+06,-1.3517108,5301.68,6469.578,8343.218,5.0428955e+06,0.034514304,225414.62
Geo2,2023-10-09,684733.0,740567.0,378962.0,6.121526e+06,-0.46599168,7956.192,8215.992,4174.269,5.868987e+06,0.03452012,225414.62
Geo2,2023-10-16,526157.0,721938.0,422846.0,7.206768e+06,4.2920218,6113.633,8009.319,4657.652,7.027801e+06,0.034935974,225414.62
Geo2,2023-10-23,380166.0,1.019381e+06,546274.0,6.272426e+06,2.95166,4417.3037,11309.209,6017.212,5.43456e+06,0.035448335,225414.62
Geo2,2023-10-30,212328.0,628725.0,344224.0,6.388662e+06,-4.8820224,2467.1255,6975.196,3791.63,5.583805e+06,0.035311308,225414.62
Geo2,2023-11-06,438669.0,706028.0,317359.0,7.006748e+06,-1.123253,5097.0737,7832.81,3495.7117,5.5316735e+06,0.035404783,225414.62
Geo2,2023-11-13,456260.0,556416.0,674988.0,6.183764e+06,-0.08370596,5301.471,6172.986,7434.9976,5.816435e+06,0.034986813,225414.62
Geo2,2023-11-20,501114.0,421704.0,490066.0,6.947747e+06,1.0702746,5822.648,4678.4653,5398.0806,6.436665e+06,0.03534103,225414.62
Geo2,2023-11-27,632334.0,939573.0,647466.0,6.14188e+06,-0.78976405,7347.3467,10423.804,7131.843,5.6007235e+06,0.034993708,225414.62
Geo2,2023-12-04,332528.0,213484.0,427630.0,7.028344e+06,-0.1805585,3863.7783,2368.4324,4710.3477,6.5657485e+06,0.03482094,225414.62
Geo2,2023-12-11,599071.0,635867.0,364657.0,6.80409e+06,0.38661262,6960.85,7054.4307,4016.6995,5.231554e+06,0.034815412,225414.62
Geo2,2023-12-18,607202.0,556963.0,397000.0,6.018578e+06,-3.3615997,7055.3276,6179.0547,4372.958,5.3627515e+06,0.03478254,225414.62
Geo2,2023-12-25,652004.0,1.015708e+06,574303.0,6.905668e+06,3.252356,7575.9004,11268.46,6325.9517,6.2389525e+06,0.035227645,225414.62
Geo2,2024-01-01,618792.0,850163.0,684053.0,7.458494e+06,-1.433546,7189.9966,9431.872,7534.8486,5.5233065e+06,0.03477195,225414.62
Geo2,2024-01-08,413165.0,524746.0,297160.0,7.87416e+06,-1.7147052,4800.7324,5821.633,3273.2195,4.979054e+06,0.035468847,225414.62
Geo2,2024-01-15,617808.0,641310.0,379635.0,7.047251e+06,0.72362375,7178.563,7114.8164,4181.682,6.5078015e+06,0.034624737,225414.62
Geo3,2021-01-25,2.054089e+06,2.573766e+06,2.068595e+06,1.6317013e+07,3.9346411,23867.297,28553.854,22785.59,2.2507014e+07,0.03518101,833550.7
Geo3,2021-02-01,1.200595e+06,2.284706e+06,1.960037e+06,1.7971452e+07,-0.08604251,13950.203,25346.967,21589.822,1.5290941e+07,0.034741964,833550.7
Geo3,2021-02-08,1.561724e+06,2.261114e+06,2.498159e+06,1.9335088e+07,3.4278336,18146.309,25085.232,27517.24,2.3143322e+07,0.034853604,833550.7
Geo3,2021-02-15,1.110756e+06,2.167106e+06,1.381707e+06,1.7654116e+07,0.59328616,12906.327,24042.291,15219.513,1.9703366e+07,0.034783915,833550.7
Geo3,2021-02-22,2.745629e+06,2.302594e+06,2.078883e+06,2.1965742e+07,0.4459953,31902.582,25545.42,22898.912,2.1978218e+07,0.034594037,833550.7
Geo3,2021-03-01,1.529183e+06,1.484403e+06,2.30233e+06,2.367612e+07,3.8400922,17768.201,16468.252,25360.182,2.318301e+07,0.034532927,833550.7
Geo3,2021-03-08,1.430651e+06,2.362538e+06,2.354824e+06,2.5250566e+07,1.8591375,16623.316,26210.451,25938.404,2.2198994e+07,0.034926552,833550.7
Geo3,2021-03-15,2.29321e+06,2.75598e+06,2.024329e+06,2.4922772e+07,4.017273,26645.742,30575.371,22297.998,2.5511858e+07,0.035164747,833550.7
Geo3,2021-03-22,1.847111e+06,3.555014e+06,1.150333e+06,2.7540998e+07,-4.26591,21462.336,39440.008,12670.927,1.5390956e+07,0.03525187,833550.7
Geo3,2021-03-29,2.147138e+06,1.698704e+06,1.62267e+06,2.243105e+07,-4.036255,24948.473,18845.748,17873.723,1.7947572e+07,0.035450973,833550.7
Geo3,2021-04-05,1.640735e+06,1.704162e+06,1.096128e+06,2.6874204e+07,-2.6827507,19064.37,18906.3,12073.857,1.9942872e+07,0.035407256,833550.7
Geo3,2021-04-12,1.829389e+06,2.074542e+06,1.525219e+06,2.5911424e+07,5.3257675,21256.416,23015.367,16800.299,2.9368158e+07,0.034576353,833550.7
Geo3,2021-04-19,2.558955e+06,3.304147e+06,1.846207e+06,2.7212672e+07,1.7299566,29733.541,36656.84,20335.984,2.2599566e+07,0.03451501,833550.7
Geo3,2021-04-26,2.125404e+06,1.247786e+06,955908.0,2.612886e+07,-0.50181293,24695.936,13843.178,10529.334,2.3905006e+07,0.035417505,833550.7
Geo3,2021-05-03,1.49047e+06,2.438277e+06,2.291427e+06,2.76516e+07,0.29895678,17318.379,27050.713,25240.086,2.454684e+07,0.03458889,833550.7
Geo3,2021-05-10,1.260063e+06,3.114178e+06,2.671466e+06,2.812232e+07,-1.2704656,14641.186,34549.29,29426.217,2.536387e+07,0.03483112,833550.7
Geo3,2021-05-17,1.916264e+06,2.095786e+06,1.188288e+06,2.2225778e+07,1.5676692,22265.854,23251.053,13089.001,2.4021354e+07,0.03519704,833550.7
Geo3,2021-05-24,1.803873e+06,2.679368e+06,2.105863e+06,2.5624046e+07,3.6410728,20959.936,29725.424,23196.096,2.2908172e+07,0.034885217,833550.7
Geo3,2021-05-31,2.209934e+06,1.667324e+06,3.156234e+06,2.551239e+07,-1.5150266,25678.125,18497.613,34765.94,2.3849432e+07,0.034596846,833550.7
Geo3,2021-06-07,2.127872e+06,2.000548e+06,1.500538e+06,2.488156e+07,1.5219686,24724.611,22194.463,16528.438,2.6503442e+07,0.034866877,833550.7
Geo3,2021-06-14,1.152532e+06,2.63295e+06,1.342141e+06,2.7683508e+07,6.218767,13391.739,29210.453,14783.693,3.0262376e+07,0.034530826,833550.7
Geo3,2021-06-21,1.097146e+06,2.666574e+06,2.287554e+06,2.6297306e+07,-4.313314,12748.187,29583.484,25197.424,1.5299331e+07,0.03489933,833550.7
Geo3,2021-06-28,2.629218e+06,2.027404e+06,1.636942e+06,2.5010596e+07,-4.337324,30549.955,22492.41,18030.928,2.2259886e+07,0.03534148,833550.7
Geo3,2021-07-05,1.325778e+06,3.425212e+06,2.62622e+06,2.649343e+07,2.142373,15404.755,37999.96,28927.832,2.6241242e+07,0.03503052,833550.7
Geo3,2021-07-12,2.536218e+06,2.67076e+06,1.760756e+06,2.7412808e+07,1.3677154,29469.352,29629.924,19394.74,2.570298e+07,0.034830347,833550.7
Geo3,2021-07-19,1.066706e+06,2.10468e+06,3.085032e+06,2.1852954e+07,-0.0115169715,12394.492,23349.725,33981.65,2.444817e+07,0.034755766,833550.7
Geo3,2021-07-26,2.401396e+06,2.345783e+06,1.8462e+06,2.8255132e+07,1.6938763,27902.799,26024.566,20335.906,2.4426424e+07,0.03473565,833550.7
Geo3,2021-08-02,1.503247e+06,2.57596e+06,1.266201e+06,2.7316e+07,0.94520867,17466.84,28578.195,13947.213,2.3619236e+07,0.035335872,833550.7
Geo3,2021-08-09,138124.0,1.317373e+06,886694.0,2.2165794e+07,-6.7985144,1604.9191,14615.189,9766.94,1.4221786e+07,0.03502359,833550.7
Geo3,2021-08-16,1.136202e+06,3.091983e+06,872328.0,2.6978514e+07,-0.20641261,13201.994,34303.055,9608.699,2.218805e+07,0.035493776,833550.7
Geo3,2021-08-23,1.960597e+06,1.679833e+06,2.247294e+06,2.7690648e+07,2.5899184,22780.977,18636.39,24753.959,2.5881098e+07,0.035197753,833550.7
Geo3,2021-08-30,1.560693e+06,1.729983e+06,2.813847e+06,2.7774602e+07,1.3780066,18134.328,19192.764,30994.545,2.390787e+07,0.035059735,833550.7
Geo3,2021-09-06,2.885952e+06,2.04229e+06,933105.0,2.6064206e+07,0.78238785,33533.055,22657.557,10278.158,2.318171e+07,0.034928184,833550.7
Geo3,2021-09-13,993512.0,2.854073e+06,1.468554e+06,2.408282e+07,-1.3332627,11544.0205,31663.635,16176.133,2.3549786e+07,0.034609854,833550.7
Geo3,2021-09-20,3.221219e+06,3.051088e+06,1.287562e+06,2.0066054e+07,3.919671,37428.656,33849.355,14182.505,2.5360296e+07,0.034602843,833550.7
Geo3,2021-09-27,1.48157e+06,1.946257e+06,2.47815e+06,2.3511854e+07,3.301052,17214.967,21592.148,27296.84,2.3180962e+07,0.03471918,833550.7
Geo3,2021-10-04,2.266614e+06,2.137208e+06,2.338562e+06,2.4622404e+07,3.2854865,26336.713,23710.596,25759.277,2.467791e+07,0.035413243,833550.7
Geo3,2021-10-11,1.788134e+06,3.003074e+06,1.000659e+06,2.903084e+07,-0.41103593,20777.059,33316.68,11022.267,2.2557648e+07,0.035354123,833550.7
Geo3,2021-10-18,1.422106e+06,2.09833e+06,2.139754e+06,2.579346e+07,2.150309,16524.03,23279.275,23569.406,2.4951728e+07,0.03483272,833550.7
Geo3,2021-10-25,2.028064e+06,2.646353e+06,2.105942e+06,2.5406366e+07,-4.7465863,23564.902,29359.148,23196.967,2.206562e+07,0.034786332,833550.7
Geo3,2021-11-01,1.481862e+06,2.140778e+06,804818.0,2.5011956e+07,-0.80892193,17218.36,23750.203,8865.076,1.973793e+07,0.035256933,833550.7
Geo3,2021-11-08,957078.0,1.563239e+06,1.023093e+06,2.2529478e+07,-5.1404223,11120.68,17342.873,11269.377,1.6266754e+07,0.03549423,833550.7
Geo3,2021-11-15,1.411367e+06,2.443087e+06,2.14355e+06,2.4641368e+07,-1.3569432,16399.248,27104.076,23611.219,2.4307062e+07,0.035263915,833550.7
Geo3,2021-11-22,2.491998e+06,1.094307e+06,659757.0,2.4892356e+07,-1.0153167,28955.541,12140.452,7267.228,2.1666146e+07,0.03497454,833550.7
Geo3,2021-11-29,2.100739e+06,2.19415e+06,1.847352e+06,2.6054262e+07,-1.9266679,24409.344,24342.322,20348.596,2.244085e+07,0.03508959,833550.7
Geo3,2021-12-06,2.36871e+06,2.43477e+06,1.57641e+06,2.6272998e+07,-2.8856614,27523.008,27011.807,17364.168,1.6654872e+07,0.03527609,833550.7
Geo3,2021-12-13,1.964786e+06,1.630826e+06,1.055173e+06,2.2567606e+07,1.8953125,22829.65,18092.697,11622.738,2.6990582e+07,0.034585506,833550.7
Geo3,2021-12-20,2.414683e+06,2.707554e+06,2.556035e+06,2.598486e+07,-3.6595767,28057.186,30038.125,28154.744,1.8290954e+07,0.034983788,833550.7
Geo3,2021-12-27,2.199571e+06,2.526554e+06,2.26414e+06,2.9247096e+07,1.1295332,25557.713,28030.076,24939.52,2.4292698e+07,0.035434496,833550.7
Geo3,2022-01-03,1.999681e+06,1.894291e+06,2.54305e+06,2.7229632e+07,1.1402695,23235.11,21015.629,28011.715,2.2540518e+07,0.03495302,833550.7
Geo3,2022-01-10,1.434326e+06,2.751522e+06,681502.0,2.443463e+07,-1.6402626,16666.018,30525.914,7506.7495,2.0011536e+07,0.034584414,833550.7
Geo3,2022-01-17,1.96646e+06,3.007346e+06,1.994986e+06,2.7402394e+07,-1.0511044,22849.1,33364.074,21974.785,2.1215432e+07,0.03481498,833550.7
Geo3,2022-01-24,2.177387e+06,2.292708e+06,1.657058e+06,2.7205466e+07,1.4815221,25299.947,25435.742,18252.506,2.4394436e+07,0.035050385,833550.7
Geo3,2022-01-31,1.752689e+06,3.036807e+06,1.301636e+06,2.9461792e+07,-1.7419405,20365.209,33690.92,14337.53,1.9496358e+07,0.034622934,833550.7
Geo3,2022-02-07,2.496116e+06,2.431224e+06,1.172512e+06,2.6471334e+07,3.4086921,29003.389,26972.467,12915.229,2.454712e+07,0.035439234,833550.7
Geo3,2022-02-14,1.672138e+06,2.177494e+06,2.399921e+06,2.5800246e+07,0.5645707,19429.254,24157.537,26435.146,2.6278158e+07,0.035066545,833550.7
Geo3,2022-02-21,1.463668e+06,1.668633e+06,2.603675e+06,2.7910392e+07,-0.051227055,17006.955,18512.135,28679.5,2.4472204e+07,0.035062462,833550.7
Geo3,2022-02-28,2.045544e+06,1.528595e+06,1.512484e+06,2.1827746e+07,-3.3556256,23768.01,16958.527,16660.021,1.895777e+07,0.034767423,833550.7
Geo3,2022-03-07,2.160866e+06,2.136595e+06,2.601408e+06,2.6807492e+07,0.116793334,25107.982,23703.795,28654.527,2.4784768e+07,0.035166897,833550.7
Geo3,2022-03-14,1.273244e+06,2.799332e+06,1.988717e+06,2.2602672e+07,2.2769415,14794.341,31056.326,21905.732,2.1457266e+07,0.034884036,833550.7
Geo3,2022-03-21,1.422528e+06,2.135228e+06,1.973308e+06,2.6432658e+07,0.53233576,16528.934,23688.629,21736.002,2.4105162e+07,0.0345155,833550.7
Geo3,2022-03-28,1.739069e+06,2.124655e+06,626598.0,2.3318016e+07,2.7857635,20206.951,23571.33,6901.9814,2.452246e+07,0.03496308,833550.7
Geo3,2022-04-04,0.0,2.775912e+06,1.849577e+06,2.654538e+07,-3.7290602,0.0,30796.5,20373.104,1.7852434e+07,0.03546505,833550.7
Geo3,2022-04-11,1.458643e+06,2.157544e+06,2.873986e+06,2.2886636e+07,-0.26806897,16948.568,23936.207,31656.977,1.9331086e+07,0.034513548,833550.7
Geo3,2022-04-18,2.025592e+06,1.881989e+06,1.102882e+06,2.2934874e+07,-0.25815576,23536.18,20879.146,12148.253,2.090359e+07,0.03496819,833550.7
Geo3,2022-04-25,1.940879e+06,1.467488e+06,1.734897e+06,2.4681224e+07,0.41847315,22551.865,16280.594,19109.902,2.2890302e+07,0.03531178,833550.7
Geo3,2022-05-02,1.955401e+06,2.713091e+06,2.122696e+06,2.3493894e+07,-0.23775712,22720.602,30099.553,23381.512,2.4379864e+07,0.03519035,833550.7
Geo3,2022-05-09,2.109926e+06,1.701974e+06,2.22778e+06,2.2550672e+07,-1.5221715,24516.09,18882.027,24539.014,2.3097452e+07,0.03452074,833550.7
Geo3,2022-05-16,2.478719e+06,3.472168e+06,1.725862e+06,2.5231752e+07,0.34476855,28801.246,38520.9,19010.383,1.981047e+07,0.03475479,833550.7
Geo3,2022-05-23,2.31766e+06,2.35955e+06,903332.0,2.47502e+07,-1.3786626,26929.836,26177.3,9950.209,1.8394364e+07,0.034569055,833550.7
Geo3,2022-05-30,1.958008e+06,2.341131e+06,2.195757e+06,2.7711668e+07,-1.4982073,22750.893,25972.957,24186.28,2.2609358e+07,0.034718506,833550.7
Geo3,2022-06-06,2.745362e+06,1.925385e+06,1.079766e+06,2.4901016e+07,-0.039145913,31899.48,21360.592,11893.63,2.386827e+07,0.035057444,833550.7
Geo3,2022-06-13,1.223677e+06,2.397142e+06,1.702443e+06,2.8418688e+07,-3.20181,14218.402,26594.354,18752.422,1.8320806e+07,0.03520577,833550.7
Geo3,2022-06-20,894891.0,2.436119e+06,1.438124e+06,2.6289676e+07,1.5127156,10398.104,27026.771,15840.946,2.4171472e+07,0.034695804,833550.7
Geo3,2022-06-27,1.579679e+06,2.508833e+06,1.910392e+06,2.6311678e+07,0.3552769,18354.934,27833.475,21042.982,2.234861e+07,0.034719,833550.7
Geo3,2022-07-04,3.061436e+06,2.183828e+06,1.699493e+06,2.4467356e+07,-0.270662,35572.074,24227.807,18719.928,2.117983e+07,0.034555294,833550.7
Geo3,2022-07-11,1.158549e+06,2.143866e+06,1.271704e+06,2.293899e+07,-0.699383,13461.653,23784.46,14007.829,2.1923966e+07,0.035105735,833550.7
Geo3,2022-07-18,2.572505e+06,1.770266e+06,2.556936e+06,2.577394e+07,0.7139074,29890.984,19639.672,28164.668,2.369681e+07,0.03484777,833550.7
Geo3,2022-07-25,1.314867e+06,2.828304e+06,1.344972e+06,2.4545228e+07,-2.4966512,15277.976,31377.748,14814.876,1.94089e+07,0.035123516,833550.7
Geo3,2022-08-01,2.611197e+06,3.492307e+06,2.371402e+06,2.5173046e+07,3.3816457,30340.562,38744.324,26121.01,2.6855608e+07,0.034947496,833550.7
Geo3,2022-08-08,1.723753e+06,3.274814e+06,2.535271e+06,2.7305126e+07,2.2041044,20028.988,36331.414,27926.03,2.5062086e+07,0.035148837,833550.7
Geo3,2022-08-15,1.800699e+06,3.637762e+06,821455.0,2.755264e+07,-5.4250865,20923.057,40358.03,9048.333,1.5959807e+07,0.035240952,833550.7
Geo3,2022-08-22,2.401944e+06,2.554169e+06,1.982576e+06,2.459033e+07,3.5544581,27909.166,28336.441,21838.09,2.4532444e+07,0.034730118,833550.7
Geo3,2022-08-29,2.364292e+06,2.684828e+06,1.428909e+06,2.5428882e+07,0.50526655,27471.672,29785.998,15739.443,2.4618604e+07,0.035104536,833550.7
Geo3,2022-09-05,1.653172e+06,2.135876e+06,964425.0,2.7739422e+07,-3.0943222,19208.879,23695.818,10623.148,2.0908562e+07,0.0345055,833550.7
Geo3,2022-09-12,1.915432e+06,1.479734e+06,1.001011e+06,2.542295e+07,0.99120766,22256.186,16416.453,11026.144,2.2157724e+07,0.034806844,833550.7
Geo3,2022-09-19,2.052941e+06,2.208718e+06,2.389048e+06,2.9865436e+07,-3.0822916,23853.959,24503.941,26315.38,1.9478148e+07,0.034977015,833550.7
Geo3,2022-09-26,641014.0,2.623822e+06,2.242031e+06,2.3182344e+07,1.9436076,7448.203,29109.186,24695.988,2.3330218e+07,0.03470283,833550.7
Geo3,2022-10-03,1.454562e+06,1.456964e+06,2.543657e+06,2.7811232e+07,0.4005974,16901.148,16163.839,28018.4,2.3519462e+07,0.0352086,833550.7
Geo3,2022-10-10,2.880394e+06,3.197519e+06,1.84893e+06,2.5859586e+07,4.285465,33468.473,35473.89,20365.977,2.742374e+07,0.0350794,833550.7
Geo3,2022-10-17,1.466216e+06,1.668946e+06,1.15961e+06,2.5379216e+07,-0.8259412,17036.56,18515.607,12773.112,2.756926e+07,0.03549463,833550.7
Geo3,2022-10-24,1.785446e+06,1.984608e+06,1.525784e+06,2.4219934e+07,3.0214713,20745.824,22017.623,16806.521,2.707317e+07,0.03541341,833550.7
Geo3,2022-10-31,1.784947e+06,3.169081e+06,2.503712e+06,2.4364056e+07,0.6942042,20740.027,35158.395,27578.406,2.2881612e+07,0.034541897,833550.7
Geo3,2022-11-07,2.41391e+06,2.689613e+06,1.351471e+06,2.5158072e+07,-8.724248,28048.205,29839.084,14886.463,1.1398409e+07,0.034604046,833550.7
Geo3,2022-11-14,1.483409e+06,2.776953e+06,801066.0,2.5508482e+07,-0.97696424,17236.334,30808.05,8823.748,2.0259892e+07,0.034627605,833550.7
Geo3,2022-11-21,3.499223e+06,2.197205e+06,1.896595e+06,2.7902024e+07,4.7600093,40658.9,24376.215,20891.008,2.7320618e+07,0.035128813,833550.7
Geo3,2022-11-28,1.659796e+06,2.000198e+06,2.655103e+06,2.401562e+07,1.3566741,19285.846,22190.58,29245.979,2.1774168e+07,0.034537733,833550.7
Geo3,2022-12-05,2.084137e+06,2.96278e+06,2.789857e+06,2.6967374e+07,-1.2901585,24216.438,32869.65,30730.295,2.34815e+07,0.034630284,833550.7
Geo3,2022-12-12,2.472939e+06,3.141987e+06,1.702782e+06,3.1986032e+07,-0.7211276,28734.086,34857.81,18756.156,2.0543346e+07,0.03463504,833550.7
Geo3,2022-12-19,1.765071e+06,2.260585e+06,3.179095e+06,2.3329644e+07,0.9583305,20509.08,25079.363,35017.754,2.4528854e+07,0.034737967,833550.7
Geo3,2022-12-26,1.938454e+06,1.837767e+06,1.043374e+06,2.5063784e+07,-2.5795312,22523.688,20388.54,11492.772,2.2491412e+07,0.035055306,833550.7
Geo3,2023-01-02,1.364232e+06,2.545252e+06,1.517831e+06,2.5082674e+07,-0.3090576,15851.567,28237.514,16718.92,2.2320128e+07,0.034938645,833550.7
Geo3,2023-01-09,2.574711e+06,2.073676e+06,597037.0,2.432798e+07,-3.7228427,29916.617,23005.76,6576.3667,2.1726516e+07,0.035255417,833550.7
Geo3,2023-01-16,1.372322e+06,2.037151e+06,1.441944e+06,2.4625452e+07,0.37487656,15945.568,22600.545,15883.023,2.4223322e+07,0.034962714,833550.7
Geo3,2023-01-23,925580.0,1.545868e+06,1.435599e+06,2.1663504e+07,-2.4180436,10754.691,17150.156,15813.134,2.044233e+07,0.035355315,833550.7
Geo3,2023-01-30,618780.0,809073.0,2.372974e+06,2.5264926e+07,-5.6661663,7189.857,8976.012,26138.326,1.2793449e+07,0.03479839,833550.7
Geo3,2023-02-06,1.841766e+06,2.566189e+06,2.071241e+06,2.4730684e+07,-3.5681756,21400.23,28469.793,22814.734,2.0131666e+07,0.03481738,833550.7
Geo3,2023-02-13,1.759338e+06,3.477025e+06,1.591488e+06,2.3359656e+07,0.52889574,20442.465,38574.78,17530.252,2.3145692e+07,0.03454233,833550.7
Geo3,2023-02-20,724264.0,2.547698e+06,2.026754e+06,2.247167e+07,-0.3801773,8415.519,28264.65,22324.71,2.156931e+07,0.034598235,833550.7
Geo3,2023-02-27,1.78072e+06,2.090899e+06,1.939803e+06,2.3429448e+07,0.32108527,20690.912,23196.836,21366.943,1.9717964e+07,0.035418753,833550.7
Geo3,2023-03-06,2.506787e+06,1.647781e+06,2.534847e+06,2.1046156e+07,-0.3620187,29127.38,18280.799,27921.357,2.1253956e+07,0.03454497,833550.7
Geo3,2023-03-13,1.207779e+06,1.321764e+06,2.066581e+06,2.3808396e+07,-6.2024336,14033.677,14663.903,22763.404,1.2520842e+07,0.035448875,833550.7
Geo3,2023-03-20,2.690408e+06,2.873031e+06,1.027665e+06,2.5620698e+07,-1.7081876,31260.947,31873.957,11319.737,2.1675628e+07,0.034736674,833550.7
Geo3,2023-03-27,1.931651e+06,2.501273e+06,1.930404e+06,2.719468e+07,0.38482144,22444.64,27749.604,21263.414,2.0697422e+07,0.035457958,833550.7
Geo3,2023-04-03,2.274063e+06,2.340623e+06,1.336161e+06,2.754283e+07,0.67465186,26423.266,25967.32,14717.823,2.3555394e+07,0.03498822,833550.7
Geo3,2023-04-10,1.539056e+06,3.238998e+06,1.987191e+06,2.6801994e+07,-2.2070808,17882.92,35934.066,21888.924,1.8574018e+07,0.03476601,833550.7
Geo3,2023-04-17,1.682396e+06,2.348462e+06,1.469427e+06,2.53395e+07,3.2165532,19548.445,26054.29,16185.749,2.6720218e+07,0.034516506,833550.7
Geo3,2023-04-24,2.638798e+06,2.384391e+06,1.771253e+06,2.4911096e+07,-1.121453,30661.27,26452.893,19510.365,1.929754e+07,0.034845795,833550.7
Geo3,2023-05-01,2.300892e+06,2.945628e+06,1.74787e+06,2.8006202e+07,-3.572646,26735.002,32679.363,19252.8,1.8754348e+07,0.035022803,833550.7
Geo3,2023-05-08,1.547054e+06,2.332174e+06,1.976522e+06,2.5394386e+07,-2.2122126,17975.852,25873.586,21771.404,2.2796364e+07,0.035013437,833550.7
Geo3,2023-05-15,2.14383e+06,3.007673e+06,1.133856e+06,2.7798186e+07,-4.3051944,24910.035,33367.703,12489.432,1.779086e+07,0.03482007,833550.7
Geo3,2023-05-22,1.938712e+06,2.837718e+06,2.363397e+06,2.8275962e+07,7.481797,22526.686,31482.188,26032.836,3.0803264e+07,0.035236124,833550.7
Geo3,2023-05-29,644052.0,2.64274e+06,1.486371e+06,2.4130882e+07,-3.0488744,7483.503,29319.064,16372.388,2.1202298e+07,0.035054978,833550.7
Geo3,2023-06-05,1.102932e+06,2.59346e+06,1.777775e+06,2.4577818e+07,-2.0630066,12815.417,28772.344,19582.205,2.098565e+07,0.035000283,833550.7
Geo3,2023-06-12,1.331039e+06,2.423394e+06,1.561807e+06,2.631234e+07,-2.2214646,15465.885,26885.598,17203.316,2.0486038e+07,0.034833614,833550.7
Geo3,2023-06-19,1.641806e+06,1.769513e+06,2.522514e+06,2.4463156e+07,1.4076389,19076.812,19631.316,27785.51,2.4366684e+07,0.03495029,833550.7
Geo3,2023-06-26,1.359819e+06,2.351792e+06,1.239127e+06,2.2656252e+07,-0.84004724,15800.291,26091.232,13648.993,1.9798206e+07,0.0350931,833550.7
Geo3,2023-07-03,1.596474e+06,2.270681e+06,1.378786e+06,2.2732122e+07,-3.2087936,18550.082,25191.371,15187.338,2.0175874e+07,0.0348083,833550.7
Geo3,2023-07-10,1.578032e+06,2.77289e+06,1.207477e+06,2.3677582e+07,-0.9405614,18335.797,30762.975,13300.368,1.906515e+07,0.03543036,833550.7
Geo3,2023-07-17,1.923702e+06,2.485759e+06,1.8978e+06,2.378307e+07,-3.758253,22352.277,27577.488,20904.281,2.000425e+07,0.034921482,833550.7
Geo3,2023-07-24,704812.0,2.73958e+06,1.867084e+06,2.1569408e+07,4.965378,8189.498,30393.426,20565.943,2.7861834e+07,0.035143238,833550.7
Geo3,2023-07-31,1.863087e+06,2.550979e+06,908238.0,2.1578306e+07,-0.2325937,21647.967,28301.05,10004.248,2.330208e+07,0.03519065,833550.7
Geo3,2023-08-07,496430.0,2.097051e+06,2.082862e+06,2.5311756e+07,0.33238736,5768.2227,23265.086,22942.74,2.1661254e+07,0.03533871,833550.7
Geo3,2023-08-14,1.514348e+06,2.10032e+06,2.373828e+06,2.1791448e+07,1.1952231,17595.826,23301.354,26147.732,2.2896548e+07,0.03459399,833550.7
Geo3,2023-08-21,3.187003e+06,2.970676e+06,1.589433e+06,2.0839466e+07,-1.0650644,37031.086,32957.25,17507.615,1.963987e+07,0.034659006,833550.7
Geo3,2023-08-28,2.100416e+06,2.022809e+06,1.568945e+06,2.3509394e+07,-0.34997946,24405.59,22441.432,17281.941,2.1347166e+07,0.034659717,833550.7
Geo3,2023-09-04,981060.0,2.757434e+06,743519.0,2.2494522e+07,-1.2884593,11399.336,30591.502,8189.867,1.9513132e+07,0.03491597,833550.7
Geo3,2023-09-11,3.405026e+06,2.488723e+06,1.793495e+06,2.5562828e+07,2.6373837,39564.387,27610.371,19755.361,2.3696298e+07,0.035138782,833550.7
Geo3,2023-09-18,1.385086e+06,2.172102e+06,567830.0,2.5945356e+07,-4.212458,16093.879,24097.717,6254.6514,1.7842356e+07,0.035294935,833550.7
Geo3,2023-09-25,1.521768e+06,2.965439e+06,2.075514e+06,2.3910758e+07,3.7518015,17682.043,32899.15,22861.803,2.6122446e+07,0.03510223,833550.7
Geo3,2023-10-02,1.786909e+06,2.439712e+06,1.298369e+06,2.1326674e+07,-5.1103067,20762.824,27066.633,14301.544,1.6159021e+07,0.03544724,833550.7
Geo3,2023-10-09,2.284376e+06,2.798653e+06,2.074075e+06,2.4834978e+07,-3.5551147,26543.096,31048.793,22845.951,2.0251222e+07,0.035313487,833550.7
Geo3,2023-10-16,1.960748e+06,2.02913e+06,1.59369e+06,2.8228676e+07,0.53558147,22782.73,22511.559,17554.508,2.3608204e+07,0.03523846,833550.7
Geo3,2023-10-23,994641.0,2.891306e+06,2.093892e+06,2.5571892e+07,-0.76151955,11557.14,32076.703,23064.236,1.8969374e+07,0.035130203,833550.7
Geo3,2023-10-30,1.957982e+06,2.614006e+06,1.824004e+06,2.483222e+07,-0.5082977,22750.592,29000.285,20091.418,2.5448968e+07,0.03484564,833550.7
Geo3,2023-11-06,2.429036e+06,2.724948e+06,1.034376e+06,2.673037e+07,4.3587513,28223.959,30231.096,11393.659,2.6318388e+07,0.035388947,833550.7
Geo3,2023-11-13,904282.0,1.431796e+06,1.637762e+06,2.4348138e+07,-0.5313724,10507.222,15884.62,18039.96,2.081644e+07,0.034734353,833550.7
Geo3,2023-11-20,1.796526e+06,1.474291e+06,1.720315e+06,2.7315788e+07,-3.6006732,20874.568,16356.067,18949.283,2.0564814e+07,0.035307802,833550.7
Geo3,2023-11-27,2.504751e+06,3.267061e+06,1.626969e+06,2.4557776e+07,-5.6971226,29103.723,36245.402,17921.076,1.6922216e+07,0.035315175,833550.7
Geo3,2023-12-04,1.585664e+06,282865.0,1.720136e+06,2.8646008e+07,-6.8922253,18424.477,3138.1587,18947.31,1.9037026e+07,0.03454264,833550.7
Geo3,2023-12-11,1.603563e+06,2.189553e+06,876968.0,2.6799992e+07,1.4167751,18632.453,24291.322,9659.809,2.253303e+07,0.035275605,833550.7
Geo3,2023-12-18,2.502613e+06,1.766074e+06,1.82506e+06,2.2885168e+07,-2.2547016,29078.88,19593.164,20103.049,2.1615978e+07,0.03537886,833550.7
Geo3,2023-12-25,1.928381e+06,2.683719e+06,2.416479e+06,2.731771e+07,-5.142115,22406.645,29773.693,26617.533,1.571891e+07,0.03545045,833550.7
Geo3,2024-01-01,1.668799e+06,3.020123e+06,1.946415e+06,2.7807346e+07,2.66209,19390.455,33505.824,21439.775,2.5312726e+07,0.03521881,833550.7
Geo3,2024-01-08,1.769371e+06,3.039688e+06,1.437076e+06,2.9608004e+07,-3.8618927,20559.043,33722.883,15829.402,1.6996884e+07,0.035089787,833550.7
Geo3,2024-01-15,1.332098e+06,2.17233e+06,721174.0,2.6115934e+07,-7.162899,15478.189,24100.246,7943.737,1.6557001e+07,0.035042763,833550.7
Geo4,2021-01-25,499785.0,348177.0,150663.0,2.611422e+06,-2.6665616,5807.2056,3862.7424,1659.5541,2.560213e+06,0.034714624,157739.06
Geo4,2021-02-01,339107.0,527846.0,280002.0,2.887686e+06,1.7976011,3940.2224,5856.025,3084.224,3.0696538e+06,0.034537904,157739.06
Geo4,2021-02-08,302898.0,493609.0,327685.0,3.195908e+06,-1.1884911,3519.4954,5476.193,3609.4526,3.1528472e+06,0.035095897,157739.06
Geo4,2021-02-15,204238.0,540481.0,543856.0,3.077925e+06,1.0437633,2373.1245,5996.2,5990.5776,3.7756312e+06,0.035207193,157739.06
Geo4,2021-02-22,457219.0,217133.0,348813.0,3.501932e+06,-2.1682768,5312.614,2408.9153,3842.1777,3.462739e+06,0.034926683,157739.06
Geo4,2021-03-01,386993.0,338372.0,421736.0,3.886914e+06,0.64781725,4496.6294,3753.9639,4645.4253,3.6822505e+06,0.035194706,157739.06
Geo4,2021-03-08,389337.0,265071.0,333819.0,4.366601e+06,-1.7339387,4523.865,2940.7485,3677.0188,3.2982872e+06,0.034645215,157739.06
Geo4,2021-03-15,247967.0,463221.0,222861.0,3.967774e+06,-4.9826717,2881.2297,5139.0625,2454.8154,2.9043258e+06,0.035199434,157739.06
Geo4,2021-03-22,491901.0,695457.0,242751.0,4.676174e+06,4.6758595,5715.598,7715.5337,2673.904,4.5061695e+06,0.0345134,157739.06
Geo4,2021-03-29,389559.0,330011.0,281576.0,3.747794e+06,-4.387624,4526.445,3661.2053,3101.5618,3.2724452e+06,0.035268243,157739.06
Geo4,2021-04-05,347930.0,388990.0,389530.0,4.332928e+06,0.93162537,4042.7405,4315.53,4290.676,4.473211e+06,0.03462061,157739.06
Geo4,2021-04-12,273162.0,375419.0,271582.0,4.402985e+06,-6.647046,3173.9807,4164.9707,2991.4778,3.349636e+06,0.034767184,157739.06
Geo4,2021-04-19,570187.0,409448.0,234656.0,4.49494e+06,-6.9655848,6625.2354,4542.4946,2584.7375,2.5580688e+06,0.035195094,157739.06
Geo4,2021-04-26,254389.0,405170.0,257282.0,4.222856e+06,1.3831282,2955.8496,4495.0337,2833.9631,5.064331e+06,0.035138484,157739.06
Geo4,2021-05-03,296270.0,308107.0,318074.0,4.698742e+06,1.3704416,3442.482,3418.1982,3503.5874,4.9767475e+06,0.035437293,157739.06
Geo4,2021-05-10,350672.0,353194.0,336921.0,4.538424e+06,0.7316243,4074.6008,3918.402,3711.1873,5.265245e+06,0.03543655,157739.06
Geo4,2021-05-17,252677.0,713495.0,146936.0,3.778088e+06,-5.401024,2935.957,7915.6504,1618.5011,3.1440885e+06,0.035142615,157739.06
Geo4,2021-05-24,400223.0,334885.0,282964.0,4.085284e+06,3.8449624,4650.354,3715.2786,3116.8506,4.398755e+06,0.03512589,157739.06
Geo4,2021-05-31,245755.0,440412.0,419554.0,4.121019e+06,3.5924368,2855.5276,4886.015,4621.39,5.428809e+06,0.03506575,157739.06
Geo4,2021-06-07,595541.0,460502.0,377798.0,4.155322e+06,5.6351385,6919.8335,5108.8975,4161.4478,5.93205e+06,0.034566645,157739.06
Geo4,2021-06-14,322174.0,742584.0,176618.0,4.649405e+06,0.58647907,3743.471,8238.369,1945.4486,4.625843e+06,0.035011962,157739.06
Geo4,2021-06-21,333074.0,534429.0,205650.0,4.466974e+06,0.48232841,3870.1226,5929.058,2265.2363,3.866653e+06,0.034528177,157739.06
Geo4,2021-06-28,454060.0,368589.0,203348.0,4.212174e+06,-2.2702503,5275.908,4089.1973,2239.8796,4.5826615e+06,0.03466279,157739.06
Geo4,2021-07-05,337281.0,443775.0,405707.0,4.468514e+06,0.25865546,3919.0054,4923.325,4468.8657,4.638083e+06,0.034721695,157739.06
Geo4,2021-07-12,346824.0,532489.0,559629.0,4.598327e+06,0.6928869,4029.8894,5907.535,6164.3174,4.9053285e+06,0.035318688,157739.06
Geo4,2021-07-19,366346.0,371374.0,360629.0,3.715607e+06,-0.92109764,4256.7236,4120.094,3972.331,4.582067e+06,0.035110712,157739.06
Geo4,2021-07-26,400478.0,291077.0,347549.0,4.714939e+06,-2.2181978,4653.3174,3229.2642,3828.255,3.870336e+06,0.03505959,157739.06
Geo4,2021-08-02,328908.0,573900.0,238631.0,4.615979e+06,0.022381065,3821.716,6366.957,2628.5222,4.3909775e+06,0.034898296,157739.06
Geo4,2021-08-09,76082.0,346440.0,246694.0,3.78446e+06,-5.9203167,884.0278,3843.472,2717.3362,2.9812342e+06,0.03510391,157739.06
Geo4,2021-08-16,205538.0,536279.0,253378.0,4.645312e+06,4.036586,2388.2297,5949.582,2790.9604,5.0329605e+06,0.034895647,157739.06
Geo4,2021-08-23,372550.0,203698.0,188521.0,4.684321e+06,-4.191863,4328.8105,2259.8647,2076.5603,3.6269632e+06,0.034594875,157739.06
Geo4,2021-08-30,253655.0,401268.0,470219.0,4.58481e+06,-0.9414724,2947.3208,4451.744,5179.466,4.1377655e+06,0.035141807,157739.06
Geo4,2021-09-06,400331.0,248455.0,372469.0,4.34626e+06,-0.8995136,4651.609,2756.4075,4102.7485,4.1089382e+06,0.03510588,157739.06
Geo4,2021-09-13,225364.0,274100.0,193873.0,3.971828e+06,1.5472666,2618.5962,3040.918,2135.5125,5.0832855e+06,0.034537178,157739.06
Geo4,2021-09-20,510967.0,678823.0,169864.0,3.152196e+06,-0.3819555,5937.134,7530.9927,1871.0532,4.1089458e+06,0.03547384,157739.06
Geo4,2021-09-27,315295.0,324480.0,519366.0,3.754723e+06,0.3794375,3663.5413,3599.8435,5720.8203,3.762828e+06,0.034974046,157739.06
Geo4,2021-10-04,422659.0,379046.0,380307.0,4.035494e+06,-1.3734816,4911.0474,4205.209,4189.0845,3.7668115e+06,0.034520734,157739.06
Geo4,2021-10-11,323989.0,519795.0,287322.0,4.931416e+06,2.906183,3764.5603,5766.7056,3164.854,5.0596215e+06,0.034976237,157739.06
Geo4,2021-10-18,352702.0,449255.0,376117.0,4.334829e+06,0.18354934,4098.1885,4984.121,4142.9316,4.316806e+06,0.035100255,157739.06
Geo4,2021-10-25,249952.0,507403.0,212737.0,4.107182e+06,4.6740346,2904.2942,5629.2266,2343.2996,5.926556e+06,0.035074454,157739.06
Geo4,2021-11-01,496406.0,400904.0,112278.0,4.237122e+06,2.8365364,5767.944,4447.706,1236.743,4.832001e+06,0.03484978,157739.06
Geo4,2021-11-08,376117.0,461375.0,173774.0,3.824336e+06,3.3193011,4370.257,5118.583,1914.1218,4.781786e+06,0.035317555,157739.06
Geo4,2021-11-15,284367.0,298113.0,255359.0,4.21202e+06,-5.643899,3304.176,3307.3228,2812.7812,3.6526102e+06,0.035035547,157739.06
Geo4,2021-11-22,328265.0,438162.0,227776.0,4.045576e+06,-5.3991895,3814.2449,4861.053,2508.9543,3.1885808e+06,0.0354285,157739.06
Geo4,2021-11-29,410918.0,457432.0,357319.0,4.169483e+06,-1.1921343,4774.6235,5074.8384,3935.8713,4.420409e+06,0.03536041,157739.06
Geo4,2021-12-06,354483.0,422258.0,126429.0,4.460696e+06,-0.9553182,4118.8823,4684.6113,1392.6163,3.4865115e+06,0.0347369,157739.06
Geo4,2021-12-13,410714.0,250533.0,368384.0,3.757438e+06,-5.928836,4772.2534,2779.4612,4057.7524,3.617964e+06,0.035203945,157739.06
Geo4,2021-12-20,382432.0,534522.0,407384.0,4.465964e+06,0.86616147,4443.6333,5930.09,4487.338,4.3826975e+06,0.035318106,157739.06
Geo4,2021-12-27,421524.0,528524.0,317832.0,4.863443e+06,0.36259285,4897.8594,5863.547,3500.9219,4.380235e+06,0.03511141,157739.06
Geo4,2022-01-03,327348.0,471087.0,489619.0,4.368543e+06,3.0102878,3803.5898,5226.3296,5393.1567,4.6072905e+06,0.03463284,157739.06
Geo4,2022-01-10,409812.0,259988.0,184973.0,3.92991e+06,-3.5840583,4761.7725,2884.3567,2037.4789,3.4355142e+06,0.034903992,157739.06
Geo4,2022-01-17,329494.0,437690.0,366297.0,4.43384e+06,-1.0030187,3828.5251,4855.817,4034.7642,3.974998e+06,0.035022732,157739.06
Geo4,2022-01-24,444425.0,382030.0,316398.0,4.452192e+06,-4.248998,5163.955,4238.314,3485.1262,3.551621e+06,0.034518927,157739.06
Geo4,2022-01-31,276329.0,560323.0,298282.0,4.952274e+06,-0.5654448,3210.7793,6216.331,3285.5784,3.8574165e+06,0.034806926,157739.06
Geo4,2022-02-07,336227.0,448261.0,94396.0,4.486658e+06,-7.8287587,3906.7585,4973.0938,1039.7726,2.44197e+06,0.034888256,157739.06
Geo4,2022-02-14,223716.0,500879.0,349831.0,4.217389e+06,-3.6779008,2599.4475,5556.8477,3853.391,4.2253705e+06,0.034588527,157739.06
Geo4,2022-02-21,353157.0,364924.0,369790.0,4.475422e+06,1.0323452,4103.475,4048.5369,4073.2395,4.7756105e+06,0.0345301,157739.06
Geo4,2022-02-28,452384.0,400527.0,378242.0,3.303128e+06,0.6398822,5256.434,4443.5234,4166.3384,4.37945e+06,0.03488433,157739.06
Geo4,2022-03-07,473656.0,330090.0,325407.0,4.639552e+06,4.007407,5503.602,3662.0818,3584.3604,5.438451e+06,0.035260316,157739.06
Geo4,2022-03-14,204973.0,363888.0,66760.0,3.811462e+06,-4.8831587,2381.6648,4037.0435,735.3619,2.5388875e+06,0.034671176,157739.06
Geo4,2022-03-21,9549.0,274208.0,367353.0,4.28731e+06,-7.3864756,110.95373,3042.1162,4046.396,2.924291e+06,0.034952983,157739.06
Geo4,2022-03-28,364227.0,307591.0,278939.0,3.688902e+06,-0.14847133,4232.102,3412.4736,3072.5151,3.8758148e+06,0.034625635,157739.06
Geo4,2022-04-04,266590.0,361543.0,309159.0,4.269579e+06,-1.5250103,3097.618,4011.0276,3405.3887,3.699303e+06,0.034662854,157739.06
Geo4,2022-04-11,406075.0,423422.0,564376.0,3.887091e+06,1.1267774,4718.351,4697.525,6216.606,3.8749512e+06,0.03475819,157739.06
Geo4,2022-04-18,324734.0,480065.0,258845.0,4.04452e+06,-1.4021511,3773.2168,5325.933,2851.1794,3.7443115e+06,0.034995876,157739.06
Geo4,2022-04-25,292361.0,410816.0,347970.0,4.111611e+06,-3.3325768,3397.0618,4557.6714,3832.892,3.631761e+06,0.035490394,157739.06
Geo4,2022-05-02,403779.0,393725.0,305329.0,4.072181e+06,-0.82244337,4691.673,4368.0605,3363.2012,4.4057775e+06,0.034902908,157739.06
Geo4,2022-05-09,213659.0,345996.0,422104.0,3.664392e+06,0.3617183,2482.591,3838.5461,4649.4785,4.795675e+06,0.034840055,157739.06
Geo4,2022-05-16,499276.0,619004.0,453541.0,4.289694e+06,-3.4100697,5801.2915,6867.349,4995.7573,3.0483492e+06,0.03503089,157739.06
Geo4,2022-05-23,533877.0,421774.0,297596.0,4.312556e+06,-1.573003,6203.3345,4679.2417,3278.0222,3.601311e+06,0.03537578,157739.06
Geo4,2022-05-30,419348.0,450688.0,564561.0,4.880878e+06,1.3317266,4872.575,5000.019,6218.6436,4.863402e+06,0.03518302,157739.06
Geo4,2022-06-06,468215.0,415164.0,250509.0,3.955954e+06,-2.4473994,5440.381,4605.909,2759.3584,4.1657328e+06,0.035278067,157739.06
Geo4,2022-06-13,353114.0,533869.0,280279.0,4.78926e+06,4.796872,4102.9756,5922.845,3087.2751,5.1933635e+06,0.035426237,157739.06
Geo4,2022-06-20,379330.0,339109.0,385163.0,4.249086e+06,3.7914124,4407.59,3762.1404,4242.573,5.215944e+06,0.034754783,157739.06
Geo4,2022-06-27,269314.0,354491.0,281624.0,4.465498e+06,0.8851718,3129.269,3932.7913,3102.0903,4.485616e+06,0.03526172,157739.06
Geo4,2022-07-04,365867.0,397573.0,356367.0,4.070786e+06,-6.4245176,4251.1577,4410.751,3925.385,2.9325392e+06,0.03456402,157739.06
Geo4,2022-07-11,392820.0,465132.0,261952.0,4.179984e+06,-1.778619,4564.336,5160.2637,2885.403,3.921145e+06,0.035164397,157739.06
Geo4,2022-07-18,299906.0,327710.0,555902.0,4.463925e+06,-0.116149865,3484.73,3635.6777,6123.2646,4.4605285e+06,0.034772925,157739.06
Geo4,2022-07-25,304393.0,479932.0,35215.0,4.17385e+06,3.5272646,3536.8665,5324.458,387.8935,4.999761e+06,0.035057463,157739.06
Geo4,2022-08-01,407539.0,379203.0,259354.0,4.100193e+06,3.2895203,4735.362,4206.9507,2856.7861,5.177031e+06,0.03489552,157739.06
Geo4,2022-08-08,338836.0,738685.0,460800.0,4.686912e+06,1.6386139,3937.0737,8195.113,5075.7153,4.5043335e+06,0.03538958,157739.06
Geo4,2022-08-15,261468.0,588889.0,141337.0,4.582064e+06,1.0669229,3038.1033,6533.2476,1556.8281,4.310135e+06,0.03540217,157739.06
Geo4,2022-08-22,594285.0,613908.0,215864.0,3.991122e+06,6.3671737,6905.2397,6810.8135,2377.7434,5.3838925e+06,0.03497648,157739.06
Geo4,2022-08-29,445280.0,482092.0,389459.0,4.374138e+06,0.44551554,5173.8896,5348.4214,4289.8936,4.674195e+06,0.03549793,157739.06
Geo4,2022-09-05,343880.0,338887.0,321529.0,4.736225e+06,-2.390064,3995.682,3759.6775,3541.6443,4.1119875e+06,0.03502801,157739.06
Geo4,2022-09-12,257899.0,234229.0,348678.0,4.162861e+06,-2.532909,2996.6335,2598.5815,3840.6907,3.572692e+06,0.035198003,157739.06
Geo4,2022-09-19,277290.0,378966.0,432706.0,4.914468e+06,-3.349675,3221.9456,4204.322,4766.26,3.7153845e+06,0.03471749,157739.06
Geo4,2022-09-26,188870.0,450249.0,277302.0,3.868637e+06,2.0094361,2194.5576,4995.149,3054.4836,4.428028e+06,0.035072777,157739.06
Geo4,2022-10-03,453813.0,385871.0,512086.0,4.629992e+06,2.152502,5273.038,4280.927,5640.631,4.752724e+06,0.03533256,157739.06
Geo4,2022-10-10,256186.0,612414.0,406612.0,4.269577e+06,-0.39281946,2976.7295,6794.239,4478.834,4.2635365e+06,0.034532785,157739.06
Geo4,2022-10-17,384904.0,215014.0,229539.0,4.052286e+06,-1.7955303,4472.3564,2385.4065,2528.3738,4.906045e+06,0.03490688,157739.06
Geo4,2022-10-24,405069.0,276165.0,406988.0,4.033642e+06,0.71792436,4706.6616,3063.8276,4482.9756,4.753003e+06,0.035351224,157739.06
Geo4,2022-10-31,408198.0,437554.0,430081.0,3.918661e+06,-0.9044392,4743.019,4854.308,4737.345,3.9968052e+06,0.03495637,157739.06
Geo4,2022-11-07,404619.0,510095.0,263265.0,4.228656e+06,0.8261428,4701.433,5659.092,2899.866,4.0875155e+06,0.03504123,157739.06
Geo4,2022-11-14,275403.0,578310.0,229539.0,4.447426e+06,2.3082182,3200.0198,6415.8823,2528.3738,4.607108e+06,0.035377014,157739.06
Geo4,2022-11-21,583827.0,443356.0,287003.0,4.575264e+06,8.4451,6783.724,4918.677,3161.34,5.9401105e+06,0.034765348,157739.06
Geo4,2022-11-28,211797.0,448641.0,345528.0,3.800209e+06,2.2021291,2460.9558,4977.3096,3805.9934,4.442376e+06,0.034880366,157739.06
Geo4,2022-12-05,132192.0,576722.0,347382.0,4.133305e+06,-0.85024524,1535.9928,6398.2646,3826.4153,4.4312385e+06,0.035000138,157739.06
Geo4,2022-12-12,296620.0,420457.0,210121.0,5.268188e+06,-1.581708,3446.5488,4664.631,2314.4844,3.5640612e+06,0.03515283,157739.06
Geo4,2022-12-19,455880.0,369874.0,414663.0,3.594283e+06,2.4382534,5297.0557,4103.453,4567.516,4.855569e+06,0.035009637,157739.06
Geo4,2022-12-26,436817.0,396882.0,261439.0,3.989961e+06,2.7488816,5075.5547,4403.085,2879.7524,5.11946e+06,0.035253473,157739.06
Geo4,2023-01-02,227312.0,403581.0,195108.0,4.229307e+06,-3.33214,2641.2307,4477.4053,2149.116,3.5785228e+06,0.034775022,157739.06
Geo4,2023-01-09,421834.0,396279.0,139961.0,3.770827e+06,-1.5485598,4901.4614,4396.3955,1541.6714,4.453803e+06,0.03542397,157739.06
Geo4,2023-01-16,233006.0,559740.0,386448.0,3.795724e+06,-1.1377212,2707.3916,6209.8633,4256.7275,4.3897335e+06,0.0353576,157739.06
Geo4,2023-01-23,46210.0,380423.0,217246.0,3.389156e+06,-3.8212285,536.9328,4220.486,2392.9663,3.6394052e+06,0.03515342,157739.06
Geo4,2023-01-30,190357.0,368807.0,298171.0,3.995754e+06,-1.2302352,2211.8357,4091.6157,3284.3557,3.450912e+06,0.035046257,157739.06
Geo4,2023-02-06,479331.0,384974.0,476646.0,4.181007e+06,5.724553,5569.5425,4270.9756,5250.2593,5.623979e+06,0.03455064,157739.06
Geo4,2023-02-13,381570.0,620166.0,422982.0,3.861318e+06,-0.7212573,4433.617,6880.2407,4659.15,3.9433038e+06,0.03489645,157739.06
Geo4,2023-02-20,229146.0,370309.0,287282.0,3.858458e+06,1.9665675,2662.5408,4108.2793,3164.4133,4.4295295e+06,0.03472751,157739.06
Geo4,2023-02-27,450169.0,423807.0,165538.0,3.946612e+06,-0.5567263,5230.6973,4701.7964,1823.4022,3.565743e+06,0.03455793,157739.06
Geo4,2023-03-06,453791.0,434750.0,586676.0,3.589123e+06,1.6171889,5272.7827,4823.2,6462.24,4.4292655e+06,0.03539921,157739.06
Geo4,2023-03-13,315738.0,225733.0,351220.0,4.057788e+06,-0.47957754,3668.6885,2504.3252,3868.691,3.610123e+06,0.0352451,157739.06
Geo4,2023-03-20,531595.0,442127.0,186694.0,4.599139e+06,1.7131122,6176.819,4905.042,2056.4358,4.8506455e+06,0.03455555,157739.06
Geo4,2023-03-27,497235.0,402643.0,400465.0,4.861462e+06,-1.2645323,5777.576,4466.9985,4411.125,3.8401675e+06,0.03503381,157739.06
Geo4,2023-04-03,429013.0,544281.0,138543.0,4.812608e+06,-1.0422989,4984.877,6038.358,1526.0521,4.1858888e+06,0.03542348,157739.06
Geo4,2023-04-10,245647.0,632908.0,275348.0,4.558047e+06,1.2390113,2854.2727,7021.603,3032.9602,4.220672e+06,0.03516818,157739.06
Geo4,2023-04-17,377893.0,361382.0,206771.0,4.332048e+06,2.4476519,4390.893,4009.2412,2277.584,4.8192195e+06,0.034583688,157739.06
Geo4,2023-04-24,331182.0,439441.0,391600.0,3.96597e+06,-2.4533634,3848.1387,4875.2427,4313.477,3.6323478e+06,0.034569807,157739.06
Geo4,2023-05-01,325905.0,492965.0,365659.0,4.661164e+06,-6.1191087,3786.823,5469.0483,4027.7366,3.0424612e+06,0.03495935,157739.06
Geo4,2023-05-08,482391.0,331311.0,223972.0,4.29406e+06,-0.6018386,5605.0977,3675.628,2467.0532,4.749817e+06,0.03507915,157739.06
Geo4,2023-05-15,421210.0,649102.0,425954.0,4.762836e+06,1.8926485,4894.211,7201.262,4691.886,4.7492645e+06,0.035167392,157739.06
Geo4,2023-05-22,361299.0,395979.0,604522.0,4.633716e+06,-1.570981,4198.0806,4393.067,6658.8145,4.1375682e+06,0.034594946,157739.06
Geo4,2023-05-29,253285.0,503819.0,425535.0,3.814111e+06,-2.0028324,2943.0217,5589.465,4687.271,4.399711e+06,0.034590047,157739.06
Geo4,2023-06-05,283319.0,368759.0,187720.0,4.086539e+06,-2.6160913,3291.999,4091.0833,2067.737,4.1215722e+06,0.035220142,157739.06
Geo4,2023-06-12,200133.0,406650.0,256179.0,4.438477e+06,-5.937013,2325.427,4511.453,2821.8135,3.3269978e+06,0.03485895,157739.06
Geo4,2023-06-19,355998.0,310106.0,221454.0,4.223954e+06,-0.43605733,4136.486,3440.3755,2439.3174,4.310066e+06,0.03477456,157739.06
Geo4,2023-06-26,336719.0,470710.0,195812.0,3.802753e+06,-0.37110806,3912.4753,5222.147,2156.8706,3.7872412e+06,0.035101548,157739.06
Geo4,2023-07-03,320189.0,224862.0,302504.0,3.896658e+06,-4.992902,3720.4065,2494.662,3332.0837,3.5374842e+06,0.035288192,157739.06
Geo4,2023-07-10,223286.0,504057.0,328340.0,4.023665e+06,1.3879431,2594.4512,5592.105,3616.6675,4.225797e+06,0.03466901,157739.06
Geo4,2023-07-17,244528.0,375284.0,409263.0,3.861134e+06,-0.7906326,2841.2705,4163.4727,4508.035,4.497209e+06,0.034754373,157739.06
Geo4,2023-07-24,28292.0,369379.0,315811.0,3.614891e+06,-1.799749,328.73627,4097.9614,3478.6604,3.772541e+06,0.034520704,157739.06
Geo4,2023-07-31,110430.0,308352.0,150118.0,3.160331e+06,-3.0992956,1283.1312,3420.9163,1653.5509,3.878025e+06,0.035074405,157739.06
Geo4,2023-08-07,225104.0,538087.0,271019.0,4.027278e+06,-3.0578308,2615.5752,5969.6406,2985.2764,3.420666e+06,0.034703247,157739.06
Geo4,2023-08-14,327518.0,318252.0,515451.0,3.545473e+06,-0.94225883,3805.5652,3530.7488,5677.6963,3.9261215e+06,0.034729302,157739.06
Geo4,2023-08-21,449646.0,465420.0,246456.0,3.268568e+06,-0.07127166,5224.62,5163.459,2714.7146,4.1370515e+06,0.034934882,157739.06
Geo4,2023-08-28,373156.0,174808.0,271385.0,3.576542e+06,-3.9145653,4335.8516,1939.3535,2989.3079,3.2471132e+06,0.035448857,157739.06
Geo4,2023-09-04,304841.0,412541.0,270606.0,3.59245e+06,-0.47603977,3542.0718,4576.809,2980.727,3.6784322e+06,0.03540298,157739.06
Geo4,2023-09-11,559032.0,361972.0,261813.0,4.104832e+06,4.806801,6495.6206,4015.7869,2883.872,4.7737675e+06,0.035277594,157739.06
Geo4,2023-09-18,346616.0,335519.0,142926.0,4.310284e+06,-0.2684402,4027.4727,3722.3123,1574.3309,4.1004682e+06,0.03493601,157739.06
Geo4,2023-09-25,350096.0,495376.0,110379.0,3.912703e+06,2.2241886,4067.9082,5495.7964,1215.8254,4.477092e+06,0.034919214,157739.06
Geo4,2023-10-02,298925.0,366289.0,481598.0,3.483692e+06,3.2030187,3473.3315,4063.6804,5304.8057,4.6245785e+06,0.035284884,157739.06
Geo4,2023-10-09,409063.0,402598.0,376534.0,4.130474e+06,0.6571265,4753.07,4466.4995,4147.525,4.5170865e+06,0.03479126,157739.06
Geo4,2023-10-16,244374.0,461050.0,247259.0,4.570838e+06,-0.7214312,2839.4812,5114.977,2723.5596,4.1177252e+06,0.03542542,157739.06
Geo4,2023-10-23,249331.0,576538.0,443411.0,4.06536e+06,-1.0182385,2897.0786,6396.223,4884.1753,3.6392245e+06,0.03468428,157739.06
Geo4,2023-10-30,421942.0,418352.0,258380.0,4.167868e+06,1.2726097,4902.7163,4641.2773,2846.0576,5.267114e+06,0.034791812,157739.06
Geo4,2023-11-06,422794.0,424126.0,405991.0,4.458439e+06,2.2218597,4912.6157,4705.3354,4471.9937,4.8742335e+06,0.034520365,157739.06
Geo4,2023-11-13,206845.0,266807.0,509584.0,3.914047e+06,-2.334548,2403.4165,2960.008,5613.0713,3.8372952e+06,0.034779,157739.06
Geo4,2023-11-20,404492.0,169139.0,438252.0,4.561242e+06,0.21551108,4699.9575,1876.4606,4827.349,4.4593935e+06,0.034960244,157739.06
Geo4,2023-11-27,406461.0,557518.0,200928.0,3.970378e+06,1.5164477,4722.836,6185.212,2213.2234,4.54915e+06,0.035107713,157739.06
Geo4,2023-12-04,401648.0,246926.0,349330.0,4.73577e+06,3.7113996,4666.9116,2739.4446,3847.8726,5.508319e+06,0.035281897,157739.06
Geo4,2023-12-11,426242.0,384272.0,345224.0,4.60238e+06,0.4809503,4952.6797,4263.1875,3802.6448,4.1410972e+06,0.035278514,157739.06
Geo4,2023-12-18,217894.0,266862.0,308094.0,3.745024e+06,-3.4899912,2531.7993,2960.6182,3393.6577,3.8866495e+06,0.03540877,157739.06
Geo4,2023-12-25,436951.0,669845.0,485929.0,4.540918e+06,-1.2481772,5077.112,7431.389,5352.511,3.6781355e+06,0.035234433,157739.06
Geo4,2024-01-01,364271.0,651566.0,451284.0,4.548316e+06,-0.24550045,4232.6133,7228.598,4970.8965,4.308347e+06,0.035037164,157739.06
Geo4,2024-01-08,392637.0,549196.0,177618.0,4.817598e+06,2.5553029,4562.2095,6092.8857,1956.4635,4.4620075e+06,0.034811635,157739.06
Geo4,2024-01-15,182276.0,422781.0,241889.0,4.567085e+06,-2.560368,2117.9392,4690.4136,2664.4092,4.1839325e+06,0.0350169,157739.06
Geo5,2021-01-25,1.873709e+06,1.345764e+06,1.534749e+06,1.1259535e+07,4.025711,21771.389,14930.164,16905.271,1.4764021e+07,0.034926306,598300.25
Geo5,2021-02-01,1.016108e+06,2.151394e+06,1.152701e+06,1.2356915e+07,-2.0188239,11806.573,23867.979,12697.01,8.1046595e+06,0.034961652,598300.25
Geo5,2021-02-08,999368.0,1.814529e+06,1.659516e+06,1.329924e+07,-4.5022383,11612.064,20130.732,18279.58,8.974984e+06,0.03475919,598300.25
Geo5,2021-02-15,630207.0,1.548388e+06,2.271606e+06,1.2389361e+07,3.5818205,7322.632,17178.113,25021.756,1.5804729e+07,0.034649957,598300.25
Geo5,2021-02-22,589442.0,1.396007e+06,1.454669e+06,1.3596365e+07,2.1551857,6848.967,15487.569,16023.189,1.524653e+07,0.03461186,598300.25
Geo5,2021-03-01,803443.0,1.299807e+06,1.565697e+06,1.5238494e+07,-0.51802415,9335.532,14420.309,17246.164,1.1467151e+07,0.034803145,598300.25
Geo5,2021-03-08,1.94048e+06,1.443812e+06,1.723128e+06,1.680548e+07,6.7177606,22547.229,16017.928,18980.268,1.8503744e+07,0.034590546,598300.25
Geo5,2021-03-15,1.523471e+06,2.075724e+06,1.369362e+06,1.648832e+07,2.0051284,17701.83,23028.48,15083.532,1.6078006e+07,0.035088807,598300.25
Geo5,2021-03-22,1.651009e+06,2.99182e+06,374205.0,1.8506998e+07,-0.20530204,19183.746,33191.824,4121.8706,1.241846e+07,0.034758613,598300.25
Geo5,2021-03-29,1.267095e+06,1.968503e+06,1.181924e+06,1.5421383e+07,-1.6029421,14722.894,21838.951,13018.901,1.3877344e+07,0.035174046,598300.25
Geo5,2021-04-05,1.40206e+06,1.304653e+06,1.327251e+06,1.766045e+07,-1.431612,16291.106,14474.071,14619.68,1.4062137e+07,0.03530706,598300.25
Geo5,2021-04-12,1.36016e+06,982527.0,1.065241e+06,1.729166e+07,-1.5598135,15804.254,10900.343,11733.638,1.4963378e+07,0.03523068,598300.25
Geo5,2021-04-19,956408.0,1.590321e+06,1.816322e+06,1.8184844e+07,1.6544627,11112.895,17643.326,20006.8,1.5349311e+07,0.03466306,598300.25
Geo5,2021-04-26,982083.0,1.642722e+06,634574.0,1.7757426e+07,2.4502773,11411.223,18224.674,6989.8374,1.830662e+07,0.034585357,598300.25
Geo5,2021-05-03,1.17629e+06,1.140076e+06,756478.0,1.9202388e+07,-2.0359287,13667.793,12648.222,8332.61,1.4981225e+07,0.035263773,598300.25
Geo5,2021-05-10,625163.0,1.954951e+06,2.044427e+06,1.8390028e+07,6.010293,7264.024,21688.602,22519.379,2.2348796e+07,0.035091784,598300.25
Geo5,2021-05-17,1.56669e+06,1.553021e+06,403488.0,1.5118753e+07,-0.5011298,18204.01,17229.514,4444.4233,1.4992757e+07,0.03511566,598300.25
Geo5,2021-05-24,1.619007e+06,1.128569e+06,1.471667e+06,1.6869742e+07,2.8923016,18811.902,12520.562,16210.423,1.5460477e+07,0.035331037,598300.25
Geo5,2021-05-31,1.582851e+06,1.921728e+06,2.029717e+06,1.715298e+07,1.235302,18391.791,21320.02,22357.348,1.7537568e+07,0.034731034,598300.25
Geo5,2021-06-07,1.969155e+06,1.186668e+06,1.433395e+06,1.750794e+07,-2.4642355,22880.414,13165.123,15788.856,1.4636283e+07,0.035337422,598300.25
Geo5,2021-06-14,147996.0,1.557458e+06,1.505961e+06,1.7826002e+07,-0.55603063,1719.6259,17278.738,16588.172,1.609073e+07,0.035344545,598300.25
Geo5,2021-06-21,646362.0,2.020652e+06,0.0,1.7255864e+07,-2.9022279,7510.3438,22417.502,0.0,1.1531239e+07,0.034743953,598300.25
Geo5,2021-06-28,1.54172e+06,1.634934e+06,832177.0,1.6809904e+07,-1.3836629,17913.873,18138.271,9166.436,1.6482038e+07,0.034747012,598300.25
Geo5,2021-07-05,1.336996e+06,1.588593e+06,1.56323e+06,1.7430426e+07,3.4148226,15535.102,17624.156,17218.99,1.8861774e+07,0.034545384,598300.25
Geo5,2021-07-12,1.362717e+06,1.652652e+06,1.270287e+06,1.8243926e+07,-1.2203627,15833.965,18334.838,13992.221,1.4922123e+07,0.035496045,598300.25
Geo5,2021-07-19,1.512946e+06,1.724209e+06,1.765602e+06,1.4998801e+07,1.5684271,17579.537,19128.705,19448.12,1.815077e+07,0.03549544,598300.25
Geo5,2021-07-26,1.407059e+06,1.49559e+06,1.015123e+06,1.8867866e+07,-0.02996504,16349.192,16592.363,11181.587,1.5507606e+07,0.035287023,598300.25
Geo5,2021-08-02,1.686355e+06,1.571842e+06,1.466057e+06,1.888661e+07,4.821036,19594.445,17438.316,16148.629,1.9001234e+07,0.034983825,598300.25
Geo5,2021-08-09,841157.0,1.379084e+06,705357.0,1.5257465e+07,1.2106106,9773.746,15299.822,7769.5127,1.4953158e+07,0.03469664,598300.25
Geo5,2021-08-16,375912.0,1.707209e+06,944562.0,1.8466398e+07,-3.6998477,4367.875,18940.105,10404.357,1.2386362e+07,0.034511495,598300.25
Geo5,2021-08-23,1.242072e+06,694722.0,1.591629e+06,1.9458842e+07,-1.405463,14432.141,7707.3794,17531.805,1.5392674e+07,0.035332236,598300.25
Geo5,2021-08-30,971732.0,971419.0,1.857868e+06,1.8866036e+07,1.6847568,11290.95,10777.109,20464.43,1.6261833e+07,0.035438243,598300.25
Geo5,2021-09-06,1.096549e+06,1.015247e+06,1.035304e+06,1.7745588e+07,-1.6661372,12741.25,11263.345,11403.881,1.3575085e+07,0.03507991,598300.25
Geo5,2021-09-13,809557.0,1.982734e+06,1.611558e+06,1.6242266e+07,-0.34583357,9406.573,21996.832,17751.322,1.7172274e+07,0.035460547,598300.25
Geo5,2021-09-20,1.973806e+06,2.115969e+06,1.431105e+06,1.3985799e+07,1.8993611,22934.457,23474.967,15763.632,1.6167518e+07,0.03500411,598300.25
Geo5,2021-09-27,1.110078e+06,1.276984e+06,2.153311e+06,1.5874229e+07,2.957532,12898.449,14167.105,23718.736,1.4703147e+07,0.034530845,598300.25
Geo5,2021-10-04,628030.0,2.053734e+06,595131.0,1.5876502e+07,-1.9109428,7297.3364,22784.52,6555.372,1.2549198e+07,0.035090473,598300.25
Geo5,2021-10-11,1.407378e+06,1.674184e+06,779212.0,1.9310986e+07,-1.4971452,16352.898,18573.719,8583.025,1.448332e+07,0.0349984,598300.25
Geo5,2021-10-18,1.167113e+06,2.261465e+06,1.348452e+06,1.6752211e+07,-1.015704,13561.162,25089.127,14853.209,1.4531844e+07,0.034952674,598300.25
Geo5,2021-10-25,1.436764e+06,1.90148e+06,757560.0,1.6391618e+07,-2.553848,16694.346,21095.385,8344.529,1.5652251e+07,0.035134017,598300.25
Geo5,2021-11-01,1.56395e+06,1.386947e+06,1.151757e+06,1.670603e+07,0.4706306,18172.172,15387.057,12686.611,1.4891985e+07,0.034625117,598300.25
Geo5,2021-11-08,861679.0,1.183874e+06,704595.0,1.5421327e+07,-3.0667906,10012.199,13134.126,7761.119,1.2352376e+07,0.03468345,598300.25
Geo5,2021-11-15,623587.0,2.210159e+06,1.464409e+06,1.6876166e+07,5.9639416,7245.7114,24519.928,16130.476,2.2051572e+07,0.034931928,598300.25
Geo5,2021-11-22,1.506064e+06,1.027345e+06,1.138157e+06,1.6731469e+07,-0.47733995,17499.572,11397.5625,12536.808,1.4924493e+07,0.034567453,598300.25
Geo5,2021-11-29,1.381222e+06,1.543289e+06,1.229028e+06,1.7255236e+07,-2.6741786,16048.981,17121.545,13537.752,1.411079e+07,0.035474226,598300.25
Geo5,2021-12-06,1.436814e+06,1.681693e+06,977824.0,1.7779442e+07,-4.8997803,16694.928,18657.025,10770.738,9.294195e+06,0.03542512,598300.25
Geo5,2021-12-13,2.176238e+06,833803.0,1.446293e+06,1.6041692e+07,3.6372905,25286.596,9250.371,15930.928,1.9782968e+07,0.03522653,598300.25
Geo5,2021-12-20,1.433087e+06,1.540284e+06,1.190672e+06,1.812748e+07,-6.1318974,16651.623,17088.207,13115.261,9.808416e+06,0.035023004,598300.25
Geo5,2021-12-27,1.832217e+06,1.310632e+06,1.391254e+06,1.9924404e+07,2.5423317,21289.275,14540.403,15324.673,1.7590486e+07,0.034891892,598300.25
Geo5,2022-01-03,1.568526e+06,1.798331e+06,1.706308e+06,1.8513902e+07,-3.67633,18225.344,19951.03,18794.994,1.1555157e+07,0.03506006,598300.25
Geo5,2022-01-10,1.277226e+06,1.498081e+06,429302.0,1.6436993e+07,-7.4762354,14840.609,16619.998,4728.7646,9.029547e+06,0.034738734,598300.25
Geo5,2022-01-17,1.883439e+06,2.185074e+06,1.206536e+06,1.9382822e+07,4.35368,21884.445,24241.63,13290.003,1.8397514e+07,0.0354404,598300.25
Geo5,2022-01-24,805275.0,1.612836e+06,1.070573e+06,1.8740692e+07,2.799568,9356.818,17893.113,11792.369,1.781725e+07,0.03457341,598300.25
Geo5,2022-01-31,1.687319e+06,1.830301e+06,1.754793e+06,2.1336188e+07,1.6446244,19605.646,20305.71,19329.059,1.504692e+07,0.035222854,598300.25
Geo5,2022-02-07,1.562558e+06,2.18318e+06,875965.0,1.8544652e+07,-1.1755457,18155.998,24220.62,9648.761,1.4002167e+07,0.035005003,598300.25
Geo5,2022-02-14,1.056074e+06,1.104864e+06,1.389114e+06,1.7815722e+07,-0.69365925,12270.954,12257.573,15301.101,1.6640618e+07,0.034777593,598300.25
Geo5,2022-02-21,1.213783e+06,1.37655e+06,1.245912e+06,1.9696404e+07,-2.109108,14103.439,15271.71,13723.7295,1.4663611e+07,0.034579214,598300.25
Geo5,2022-02-28,2.052572e+06,870927.0,1.197234e+06,1.4634576e+07,1.1955271,23849.67,9662.231,13187.541,1.5529934e+07,0.034511626,598300.25
Geo5,2022-03-07,720005.0,1.45159e+06,1.254443e+06,1.874355e+07,-1.0177982,8366.031,16104.218,13817.699,1.548885e+07,0.034830853,598300.25
Geo5,2022-03-14,484217.0,1.149812e+06,1.023471e+06,1.5428571e+07,-6.0243716,5626.315,12756.235,11273.54,7.621769e+06,0.03526687,598300.25
Geo5,2022-03-21,141260.0,950674.0,1.423503e+06,1.7406456e+07,-1.9151278,1641.3575,10546.96,15679.8955,1.4008343e+07,0.035022907,598300.25
Geo5,2022-03-28,1.278341e+06,1.321855e+06,480530.0,1.5577702e+07,1.4905496,14853.565,14664.913,5293.0415,1.5098889e+07,0.035472404,598300.25
Geo5,2022-04-04,657914.0,1.41181e+06,569197.0,1.7436446e+07,-1.1517898,7644.571,15662.892,6269.709,1.2214647e+07,0.03470148,598300.25
Geo5,2022-04-11,1.052774e+06,1.728624e+06,2.059028e+06,1.5634111e+07,-4.098632,12232.61,19177.688,22680.209,1.0277644e+07,0.03541997,598300.25
Geo5,2022-04-18,1.663345e+06,1.246938e+06,754167.0,1.6320684e+07,-2.946015,19327.084,13833.77,8307.155,1.2114546e+07,0.035415325,598300.25
Geo5,2022-04-25,1.633552e+06,1.480798e+06,843614.0,1.7420932e+07,1.1110466,18980.906,16428.258,9292.414,1.5779783e+07,0.035057303,598300.25
Geo5,2022-05-02,1.758675e+06,1.499282e+06,1.11717e+06,1.6605404e+07,-3.1922846,20434.762,16633.322,12305.636,1.3922931e+07,0.035495188,598300.25
Geo5,2022-05-09,552177.0,1.312656e+06,1.145383e+06,1.5120372e+07,-2.2844048,6415.9697,14562.857,12616.402,1.5259234e+07,0.034541946,598300.25
Geo5,2022-05-16,2.325905e+06,2.145378e+06,2.545755e+06,1.7206572e+07,-3.232798,27025.639,23801.236,28041.51,1.0843182e+07,0.034877043,598300.25
Geo5,2022-05-23,840078.0,1.472222e+06,1.242737e+06,1.665875e+07,-2.1592562,9761.209,16333.113,13688.757,1.1469386e+07,0.035038453,598300.25
Geo5,2022-05-30,1.407404e+06,1.753282e+06,1.838728e+06,1.9071372e+07,-0.20417342,16353.201,19451.248,20253.602,1.6214317e+07,0.034897804,598300.25
Geo5,2022-06-06,1.77016e+06,2.484428e+06,935727.0,1.7120142e+07,0.9175414,20568.21,27562.72,10307.04,1.6840576e+07,0.03542926,598300.25
Geo5,2022-06-13,1.551973e+06,1.695284e+06,1.260303e+06,1.9686792e+07,-2.864461,18033.008,18807.807,13882.247,1.2755582e+07,0.035270073,598300.25
Geo5,2022-06-20,1.021598e+06,1.137764e+06,847802.0,1.7405996e+07,-3.414015,11870.363,12622.572,9338.545,1.2841602e+07,0.035150357,598300.25
Geo5,2022-06-27,1.240113e+06,2.300114e+06,1.376933e+06,1.8007312e+07,0.61801165,14409.379,25517.906,15166.927,1.5990027e+07,0.034607213,598300.25
Geo5,2022-07-04,2.337237e+06,1.51802e+06,707518.0,1.6804878e+07,2.2636383,27157.309,16841.205,7793.316,1.6823004e+07,0.035125155,598300.25
Geo5,2022-07-11,1.556219e+06,1.859389e+06,565330.0,1.6153611e+07,-0.44230598,18082.344,20628.418,6227.1143,1.4719027e+07,0.03511553,598300.25
Geo5,2022-07-18,1.414012e+06,1.451389e+06,733770.0,1.8755736e+07,0.040210374,16429.982,16101.988,8082.482,1.5680171e+07,0.03522484,598300.25
Geo5,2022-07-25,1.616302e+06,1.798066e+06,581047.0,1.754548e+07,2.7257557,18780.473,19948.09,6400.237,1.705076e+07,0.034635678,598300.25
Geo5,2022-08-01,1.587179e+06,1.855487e+06,1.258339e+06,1.7382818e+07,-2.7540934,18442.08,20585.129,13860.613,1.404168e+07,0.035375446,598300.25
Geo5,2022-08-08,1.052247e+06,2.169065e+06,1.688039e+06,1.9964948e+07,0.03620986,12226.487,24064.023,18593.762,1.4828456e+07,0.03508242,598300.25
Geo5,2022-08-15,1.683724e+06,2.643658e+06,1.272969e+06,1.9701304e+07,6.7189565,19563.875,29329.25,14021.763,1.9828702e+07,0.03519604,598300.25
Geo5,2022-08-22,1.961148e+06,1.88305e+06,1.097936e+06,1.7382284e+07,1.6962881,22787.379,20890.918,12093.773,1.5276087e+07,0.034726065,598300.25
Geo5,2022-08-29,1.494935e+06,2.297933e+06,1.39069e+06,1.7639592e+07,1.277256,17370.26,25493.71,15318.461,1.777199e+07,0.03471373,598300.25
Geo5,2022-09-05,1.179872e+06,1.571974e+06,1.24113e+06,1.9467388e+07,-1.6131195,13709.414,17439.781,13671.056,1.5293183e+07,0.034832828,598300.25
Geo5,2022-09-12,1.212766e+06,1.084736e+06,1.065258e+06,1.8001858e+07,2.7629702,14091.623,12034.27,11733.824,1.6199353e+07,0.034588218,598300.25
Geo5,2022-09-19,1.050862e+06,1.613459e+06,1.444309e+06,2.1010486e+07,-2.693867,12210.394,17900.023,15909.074,1.3333021e+07,0.03466161,598300.25
Geo5,2022-09-26,215378.0,1.280856e+06,1.429975e+06,1.6116445e+07,-3.3184938,2502.5647,14210.0625,15751.185,1.1316785e+07,0.03516758,598300.25
Geo5,2022-10-03,1.003186e+06,1.151142e+06,1.719406e+06,1.8161096e+07,-2.7811778,11656.427,12770.99,18939.27,1.3220263e+07,0.034611683,598300.25
Geo5,2022-10-10,1.170794e+06,2.185312e+06,1.571692e+06,1.7197396e+07,-0.70191145,13603.933,24244.271,17312.2,1.4527137e+07,0.0354078,598300.25
Geo5,2022-10-17,1.449402e+06,1.015758e+06,1.021299e+06,1.7023508e+07,3.0017245,16841.193,11269.015,11249.616,2.1043004e+07,0.034544513,598300.25
Geo5,2022-10-24,1.735945e+06,1.608986e+06,733004.0,1.6217006e+07,4.9423294,20170.652,17850.4,8074.0444,1.9814108e+07,0.034912247,598300.25
Geo5,2022-10-31,1.427935e+06,1.913562e+06,1.723121e+06,1.737931e+07,5.172358,16591.76,21229.424,18980.19,1.861104e+07,0.034546766,598300.25
Geo5,2022-11-07,1.576745e+06,1.415069e+06,1.051511e+06,1.7241488e+07,-0.69486505,18320.844,15699.047,11582.401,1.246789e+07,0.03501846,598300.25
Geo5,2022-11-14,1.194025e+06,2.095543e+06,574698.0,1.7856238e+07,-1.3507663,13873.863,23248.357,6330.3027,1.3092135e+07,0.03513425,598300.25
Geo5,2022-11-21,2.397097e+06,1.836308e+06,912598.0,1.8386364e+07,0.8746792,27852.848,20372.354,10052.273,1.5821057e+07,0.035084892,598300.25
Geo5,2022-11-28,1.635452e+06,1.273442e+06,1.20975e+06,1.5889073e+07,-0.6007173,19002.984,14127.811,13325.405,1.2894828e+07,0.034536205,598300.25
Geo5,2022-12-05,1.936182e+06,1.814227e+06,716123.0,1.9155508e+07,1.1668861,22497.287,20127.383,7888.1,1.7027172e+07,0.035190023,598300.25
Geo5,2022-12-12,1.16422e+06,1.743682e+06,1.155619e+06,2.2050422e+07,-6.267495,13527.547,19344.742,12729.151,9.888827e+06,0.03518122,598300.25
Geo5,2022-12-19,1.410533e+06,1.310763e+06,1.831384e+06,1.6077083e+07,-4.435508,16389.559,14541.856,20172.709,1.2413386e+07,0.03547454,598300.25
Geo5,2022-12-26,1.3626e+06,1.165016e+06,1.940059e+06,1.778772e+07,1.0692161,15832.6045,12924.911,21369.764,1.8463722e+07,0.03510025,598300.25
Geo5,2023-01-02,1.1439e+06,1.027111e+06,1.251506e+06,1.8215734e+07,-3.208406,13291.44,11394.967,13785.348,1.2844341e+07,0.03495255,598300.25
Geo5,2023-01-09,1.269176e+06,1.797606e+06,838687.0,1.6974146e+07,3.2120337,14747.073,19942.986,9238.144,1.9601088e+07,0.034605004,598300.25
Geo5,2023-01-16,1.13204e+06,1.241295e+06,1.51887e+06,1.7097742e+07,2.2714894,13153.634,13771.165,16730.363,1.856243e+07,0.034958392,598300.25
Geo5,2023-01-23,251982.0,1.707523e+06,366228.0,1.511019e+07,-7.660489,2927.8816,18943.588,4034.0042,9.780336e+06,0.034829877,598300.25
Geo5,2023-01-30,1.571619e+06,519504.0,1.523974e+06,1.7530804e+07,0.6493593,18261.281,5763.477,16786.584,1.2959311e+07,0.035021722,598300.25
Geo5,2023-02-06,1.757023e+06,1.73794e+06,1.136546e+06,1.7829082e+07,-2.8338041,20415.566,19281.041,12519.0625,1.4739936e+07,0.03474748,598300.25
Geo5,2023-02-13,1.277553e+06,2.003498e+06,1.226868e+06,1.6778734e+07,2.4030366,14844.409,22227.191,13513.96,1.6926504e+07,0.03469694,598300.25
Geo5,2023-02-20,1.092176e+06,2.23654e+06,1.837206e+06,1.6134831e+07,-0.85471725,12690.438,24812.604,20236.838,1.4035197e+07,0.034822017,598300.25
Geo5,2023-02-27,959961.0,1.993995e+06,764193.0,1.7233756e+07,0.05993198,11154.178,22121.764,8417.592,1.3680309e+07,0.03511438,598300.25
Geo5,2023-03-06,1.406833e+06,1.296053e+06,1.705102e+06,1.5241141e+07,-4.1073,16346.566,14378.661,18781.71,1.0677986e+07,0.03457084,598300.25
Geo5,2023-03-13,1.403162e+06,954962.0,1.752984e+06,1.7067532e+07,0.715848,16303.911,10594.532,19309.13,1.3217277e+07,0.034502473,598300.25
Geo5,2023-03-20,1.275373e+06,2.092652e+06,1.160997e+06,1.84298e+07,5.3656635,14819.079,23216.283,12788.391,2.0646334e+07,0.035013948,598300.25
Geo5,2023-03-27,2.174565e+06,2.005965e+06,1.932531e+06,1.94171e+07,3.6563811,25267.158,22254.56,21286.844,1.708105e+07,0.035151392,598300.25
Geo5,2023-04-03,1.807484e+06,1.637293e+06,1.096858e+06,1.945834e+07,-1.0204626,21001.893,18164.443,12081.898,1.4990917e+07,0.03451025,598300.25
Geo5,2023-04-10,1.375675e+06,2.273813e+06,1.074894e+06,1.8913512e+07,-1.5702233,15984.528,25226.117,11839.965,1.3125285e+07,0.035285637,598300.25
Geo5,2023-04-17,1.761506e+06,1.291946e+06,1.281607e+06,1.8005796e+07,-1.5705907,20467.656,14333.097,14116.91,1.4491172e+07,0.034881603,598300.25
Geo5,2023-04-24,1.519197e+06,2.628367e+06,1.196338e+06,1.6893102e+07,-1.3988234,17652.17,29159.607,13177.672,1.3449404e+07,0.035318177,598300.25
Geo5,2023-05-01,2.160424e+06,2.158533e+06,1.19972e+06,1.9265384e+07,-2.8040268,25102.848,23947.18,13214.925,1.3449425e+07,0.03465085,598300.25
Geo5,2023-05-08,1.513093e+06,1.351439e+06,686236.0,1.806196e+07,-3.7787871,17581.244,14993.124,7558.8945,1.4441028e+07,0.035437275,598300.25
Geo5,2023-05-15,1.59044e+06,2.63844e+06,987755.0,1.9183436e+07,6.5621667,18479.97,29271.36,10880.129,2.0318008e+07,0.03484741,598300.25
Geo5,2023-05-22,915305.0,1.239106e+06,1.302129e+06,1.9691196e+07,-2.7100856,10635.302,13746.88,14342.96,1.3674328e+07,0.035008736,598300.25
Geo5,2023-05-29,754825.0,2.403382e+06,1.197714e+06,1.7075738e+07,1.9211344,8770.619,26663.582,13192.828,1.8872008e+07,0.035384223,598300.25
Geo5,2023-06-05,1.012578e+06,1.400394e+06,1.583652e+06,1.705844e+07,-4.11682,11765.557,15536.24,17443.938,1.2963699e+07,0.034942616,598300.25
Geo5,2023-06-12,1.012589e+06,2.06315e+06,1.187979e+06,1.8544228e+07,2.7715447,11765.685,22888.982,13085.598,1.82921e+07,0.03487173,598300.25
Geo5,2023-06-19,1.064533e+06,839584.0,1.255829e+06,1.7604614e+07,-0.9117488,12369.243,9314.506,13832.966,1.4872139e+07,0.034902368,598300.25
Geo5,2023-06-26,972130.0,1.773178e+06,828690.0,1.5882454e+07,3.633996,11295.575,19671.977,9128.026,1.6058818e+07,0.03540476,598300.25
Geo5,2023-07-03,1.182125e+06,1.50489e+06,900829.0,1.58238e+07,0.873606,13735.593,16695.54,9922.638,1.6128417e+07,0.0345282,598300.25
Geo5,2023-07-10,455879.0,1.50461e+06,1.735088e+06,1.5693488e+07,-1.5696454,5297.044,16692.432,19112.008,1.2318203e+07,0.03467844,598300.25
Geo5,2023-07-17,1.345097e+06,1.520405e+06,1.641235e+06,1.5654056e+07,-3.4287314,15629.23,16867.666,18078.215,1.3515801e+07,0.034807596,598300.25
Geo5,2023-07-24,748353.0,1.867243e+06,1.103815e+06,1.5284033e+07,5.416172,8695.419,20715.553,12158.53,1.9098626e+07,0.03476803,598300.25
Geo5,2023-07-31,484656.0,2.148985e+06,1.433786e+06,1.3714213e+07,1.675483,5631.4155,23841.252,15793.163,1.750862e+07,0.035461046,598300.25
Geo5,2023-08-07,840906.0,1.695593e+06,1.01368e+06,1.6928986e+07,2.6779542,9770.83,18811.234,11165.692,1.6596227e+07,0.034551743,598300.25
Geo5,2023-08-14,1.386422e+06,1.437566e+06,1.138632e+06,1.5222715e+07,-1.6015022,16109.402,15948.633,12542.04,1.3793593e+07,0.034872063,598300.25
Geo5,2023-08-21,2.149738e+06,2.122237e+06,863732.0,1.4257841e+07,-1.272523,24978.682,23544.504,9514.015,1.3511767e+07,0.034948565,598300.25
Geo5,2023-08-28,1.94986e+06,1.264337e+06,1.301935e+06,1.5924599e+07,-5.4875913,22656.219,14026.798,14340.823,1.0641051e+07,0.03496141,598300.25
Geo5,2023-09-04,919807.0,1.882122e+06,335943.0,1.6268545e+07,-0.7639831,10687.612,20880.623,3700.4146,1.2882962e+07,0.03547994,598300.25
Geo5,2023-09-11,2.247689e+06,1.110654e+06,1.301205e+06,1.7865706e+07,0.34866744,26116.814,12321.809,14332.782,1.4064322e+07,0.035483938,598300.25
Geo5,2023-09-18,1.535606e+06,1.726195e+06,535406.0,1.871404e+07,1.0979766,17842.832,19150.738,5897.501,1.5429533e+07,0.035247497,598300.25
Geo5,2023-09-25,1.512007e+06,1.406243e+06,1.548336e+06,1.7339494e+07,-0.56712145,17568.625,15601.13,17054.932,1.3578241e+07,0.034768466,598300.25
Geo5,2023-10-02,1.535802e+06,2.169664e+06,1.505559e+06,1.5683137e+07,2.6354468,17845.11,24070.67,16583.744,1.6299687e+07,0.03486141,598300.25
Geo5,2023-10-09,1.81976e+06,1.84764e+06,1.473572e+06,1.7745754e+07,2.904548,21144.533,20498.072,16231.406,1.9064936e+07,0.03504114,598300.25
Geo5,2023-10-16,1.131222e+06,2.523763e+06,1.623554e+06,2.0034726e+07,-0.6138343,13144.13,27999.111,17883.459,1.508539e+07,0.035080377,598300.25
Geo5,2023-10-23,1.13597e+06,2.802285e+06,2.070002e+06,1.7943112e+07,1.4146788,13199.299,31089.088,22801.088,1.4582322e+07,0.035155896,598300.25
Geo5,2023-10-30,875987.0,2.46812e+06,885307.0,1.7311728e+07,-4.0014443,10178.45,27381.797,9751.663,1.4892421e+07,0.03521882,598300.25
Geo5,2023-11-06,1.351842e+06,1.531216e+06,812784.0,1.8642794e+07,2.2530417,15707.604,16987.604,8952.821,1.7025352e+07,0.034875497,598300.25
Geo5,2023-11-13,868274.0,1.322585e+06,1.635299e+06,1.6784536e+07,3.4241738,10088.829,14673.012,18012.83,1.7605172e+07,0.035406284,598300.25
Geo5,2023-11-20,1.887096e+06,461287.0,1.429708e+06,1.9598934e+07,-0.36454508,21926.938,5117.6064,15748.244,1.5950011e+07,0.03483252,598300.25
Geo5,2023-11-27,1.606535e+06,2.263252e+06,923041.0,1.682084e+07,-5.9755735,18666.984,25108.953,10167.304,1.0855389e+07,0.03461802,598300.25
Geo5,2023-12-04,932144.0,716045.0,705217.0,1.9774456e+07,-6.3456297,10830.961,7943.941,7767.97,1.1937028e+07,0.035311274,598300.25
Geo5,2023-12-11,1.090248e+06,1.530751e+06,1.279568e+06,1.8417348e+07,-1.4498428,12668.036,16982.445,14094.451,1.2854061e+07,0.034647606,598300.25
Geo5,2023-12-18,1.273449e+06,1.640684e+06,1.157951e+06,1.5726909e+07,0.8675091,14796.723,18202.062,12754.839,1.6791742e+07,0.035307605,598300.25
Geo5,2023-12-25,1.310012e+06,2.132011e+06,1.116948e+06,1.8176454e+07,3.3834581,15221.563,23652.94,12303.19,1.5717845e+07,0.03455945,598300.25
Geo5,2024-01-01,1.404808e+06,1.828558e+06,1.880406e+06,1.9243346e+07,-0.04816942,16323.037,20286.373,20712.686,1.5120188e+07,0.03494176,598300.25
Geo5,2024-01-08,1.422884e+06,1.851243e+06,1.463224e+06,2.0208048e+07,3.0581222,16533.068,20538.045,16117.423,1.716248e+07,0.034713894,598300.25
Geo5,2024-01-15,1.224205e+06,1.502736e+06,709453.0,1.8517366e+07,0.5070976,14224.537,16671.643,7814.63,1.6743636e+07,0.034908623,598300.25
Geo6,2021-01-25,657608.0,461698.0,447253.0,4.094733e+06,5.1617374,7641.0156,5122.1665,4926.495,6.082155e+06,0.034783695,227916.27
Geo6,2021-02-01,325694.0,636681.0,611240.0,4.614744e+06,2.752716,3784.3713,7063.4614,6732.813,4.844522e+06,0.034722865,227916.27
Geo6,2021-02-08,474884.0,623896.0,678335.0,5.1088e+06,-5.9871187,5517.8706,6921.622,7471.8647,3.2715262e+06,0.035470195,227916.27
Geo6,2021-02-15,355609.0,824715.0,736221.0,4.985935e+06,-0.34231555,4131.966,9149.547,8109.4795,5.1237445e+06,0.034716807,227916.27
Geo6,2021-02-22,370507.0,396590.0,443354.0,5.483694e+06,1.6647325,4305.072,4399.8457,4883.5474,6.031204e+06,0.03533422,227916.27
Geo6,2021-03-01,416540.0,365152.0,520473.0,6.256044e+06,1.3591409,4839.948,4051.0664,5733.0137,5.5699375e+06,0.03454682,227916.27
Geo6,2021-03-08,667295.0,419488.0,674572.0,6.853984e+06,-0.20618677,7753.5728,4653.8804,7430.4155,5.0318745e+06,0.034621112,227916.27
Geo6,2021-03-15,401919.0,859200.0,615904.0,6.793303e+06,-2.030339,4670.0605,9532.13,6784.187,5.0002415e+06,0.035291225,227916.27
Geo6,2021-03-22,514926.0,886629.0,342825.0,7.476346e+06,1.1944237,5983.1353,9836.433,3776.22,5.4105925e+06,0.034994166,227916.27
Geo6,2021-03-29,671029.0,362536.0,631258.0,6.139942e+06,0.2662242,7796.9595,4022.044,6953.3115,6.0527375e+06,0.034947503,227916.27
Geo6,2021-04-05,595194.0,673850.0,672161.0,7.29841e+06,6.2767653,6915.802,7475.8213,7403.8584,8.037292e+06,0.035082933,227916.27
Geo6,2021-04-12,437722.0,661690.0,168674.0,7.097042e+06,-2.0175197,5086.0703,7340.916,1857.9453,5.975985e+06,0.03479295,227916.27
Geo6,2021-04-19,883048.0,678296.0,674155.0,7.42082e+06,1.973878,10260.495,7525.146,7425.8223,6.310346e+06,0.034792572,227916.27
Geo6,2021-04-26,400891.0,480378.0,382855.0,7.45684e+06,-2.5756154,4658.1157,5329.406,4217.1504,6.023595e+06,0.03508183,227916.27
Geo6,2021-05-03,515720.0,667854.0,607840.0,7.895847e+06,2.4106193,5992.361,7409.3003,6695.362,7.517931e+06,0.034629475,227916.27
Geo6,2021-05-10,218451.0,436848.0,603189.0,7.611854e+06,-2.7444959,2538.2712,4846.4756,6644.1313,6.188397e+06,0.034986023,227916.27
Geo6,2021-05-17,571930.0,997671.0,322115.0,6.449361e+06,4.34003,6645.488,11068.354,3548.099,7.4728675e+06,0.03470735,227916.27
Geo6,2021-05-24,678128.0,572081.0,543462.0,7.148244e+06,0.96146524,7879.446,6346.7764,5986.238,5.4199195e+06,0.03522555,227916.27
Geo6,2021-05-31,520651.0,535762.0,755969.0,6.841192e+06,-1.322161,6049.6562,5943.8467,8327.004,6.333691e+06,0.03460307,227916.27
Geo6,2021-06-07,471948.0,472552.0,371994.0,6.788879e+06,-5.721238,5483.7563,5242.5825,4097.5166,4.8902995e+06,0.035028018,227916.27
Geo6,2021-06-14,273994.0,756768.0,247302.0,7.411951e+06,1.2208927,3183.648,8395.7295,2724.0334,6.9549645e+06,0.03484988,227916.27
Geo6,2021-06-21,593542.0,833094.0,118690.0,7.265126e+06,-3.7316687,6896.6064,9242.505,1307.3712,4.1654928e+06,0.034730908,227916.27
Geo6,2021-06-28,443607.0,727713.0,431742.0,6.804884e+06,-7.3276205,5154.4507,8073.3877,4755.641,4.9288075e+06,0.035087556,227916.27
Geo6,2021-07-05,388406.0,639485.0,611106.0,7.166042e+06,-2.3160431,4513.048,7094.5693,6731.337,5.836403e+06,0.03514639,227916.27
Geo6,2021-07-12,635200.0,905061.0,640140.0,7.331734e+06,3.7518196,7380.648,10040.921,7051.147,7.845125e+06,0.03458006,227916.27
Geo6,2021-07-19,330692.0,485741.0,782026.0,6.135418e+06,3.5391235,3842.445,5388.904,8614.022,7.732441e+06,0.03505937,227916.27
Geo6,2021-07-26,740558.0,565627.0,448718.0,7.867216e+06,-0.38653305,8604.846,6275.175,4942.632,5.788332e+06,0.034824185,227916.27
Geo6,2021-08-02,512553.0,616134.0,551159.0,7.531508e+06,1.1837143,5955.5625,6835.509,6071.0205,6.488822e+06,0.035137523,227916.27
Geo6,2021-08-09,207748.0,812670.0,291196.0,6.105955e+06,-6.980522,2413.9087,9015.917,3207.5261,3.735977e+06,0.03534439,227916.27
Geo6,2021-08-16,227205.0,929355.0,273034.0,7.50915e+06,-1.4552641,2639.9875,10310.442,3007.4714,5.77916e+06,0.03475556,227916.27
Geo6,2021-08-23,702417.0,514984.0,605367.0,7.871763e+06,8.096755,8161.6694,5713.3315,6668.122,9.028821e+06,0.034628615,227916.27
Geo6,2021-08-30,449123.0,753157.0,688072.0,7.86432e+06,2.8383327,5218.5435,8355.668,7579.118,6.931119e+06,0.034750037,227916.27
Geo6,2021-09-06,618745.0,454235.0,711874.0,7.362522e+06,2.3065286,7189.45,5039.37,7841.2974,6.861301e+06,0.035393354,227916.27
Geo6,2021-09-13,482454.0,897618.0,438125.0,6.976922e+06,5.59539,5605.8296,9958.347,4825.95,8.61442e+06,0.035017144,227916.27
Geo6,2021-09-20,605104.0,869957.0,174954.0,5.599592e+06,4.3924837,7030.95,9651.47,1927.1196,7.244423e+06,0.03500803,227916.27
Geo6,2021-09-27,532745.0,312995.0,617865.0,6.64901e+06,-0.6379349,6190.181,3472.4268,6805.7876,4.864425e+06,0.034924116,227916.27
Geo6,2021-10-04,379313.0,689396.0,465869.0,6.650572e+06,1.546467,4407.3926,7648.2915,5131.5503,6.0044545e+06,0.034629412,227916.27
Geo6,2021-10-11,491505.0,783283.0,369829.0,7.89671e+06,1.8453405,5710.997,8689.892,4073.6692,6.8449285e+06,0.03509292,227916.27
Geo6,2021-10-18,634750.0,823239.0,431986.0,7.002993e+06,-2.340493,7375.419,9133.172,4758.329,5.236823e+06,0.03492582,227916.27
Geo6,2021-10-25,570562.0,802915.0,341925.0,7.077716e+06,1.2904117,6629.5923,8907.693,3766.3064,7.5069885e+06,0.034834065,227916.27
Geo6,2021-11-01,529058.0,642571.0,181254.0,7.088928e+06,-1.0686468,6147.341,7128.806,1996.5142,5.519254e+06,0.034847576,227916.27
Geo6,2021-11-08,532301.0,313555.0,291053.0,6.394736e+06,-3.667573,6185.0225,3478.6394,3205.951,4.579876e+06,0.03498886,227916.27
Geo6,2021-11-15,480006.0,741420.0,579896.0,6.989326e+06,-1.5221245,5577.3853,8225.456,6387.5586,6.397525e+06,0.034996714,227916.27
Geo6,2021-11-22,457001.0,615479.0,530500.0,6.952734e+06,1.0487323,5310.081,6828.242,5843.4614,6.3354265e+06,0.035294417,227916.27
Geo6,2021-11-29,435923.0,823212.0,406341.0,7.083898e+06,0.9066738,5065.167,9132.872,4475.849,6.943175e+06,0.034864318,227916.27
Geo6,2021-12-06,547829.0,517950.0,316374.0,7.419634e+06,1.0540365,6365.4487,5746.237,3484.8618,5.5079475e+06,0.0348672,227916.27
Geo6,2021-12-13,650138.0,385513.0,386333.0,6.485866e+06,-0.16229862,7554.2183,4276.955,4255.461,6.549204e+06,0.03466483,227916.27
Geo6,2021-12-20,501134.0,614050.0,430127.0,7.389514e+06,2.4353702,5822.8804,6812.3887,4737.852,6.975993e+06,0.034515813,227916.27
Geo6,2021-12-27,353148.0,534281.0,279467.0,7.867354e+06,4.628605,4103.3706,5927.416,3078.331,7.3923385e+06,0.035275042,227916.27
Geo6,2022-01-03,779193.0,587520.0,592344.0,7.121758e+06,8.287792,9053.761,6518.0596,6524.6733,8.2379615e+06,0.034790955,227916.27
Geo6,2022-01-10,448713.0,301876.0,141516.0,6.516167e+06,-2.680657,5213.7793,3349.0703,1558.7998,4.5988115e+06,0.034586534,227916.27
Geo6,2022-01-17,603800.0,707312.0,865448.0,7.442023e+06,-2.6015697,7015.7983,7847.055,9532.916,5.227398e+06,0.03472679,227916.27
Geo6,2022-01-24,465759.0,601270.0,575427.0,7.342965e+06,-4.7681055,5411.8438,6670.605,6338.3325,4.9120015e+06,0.03539929,227916.27
Geo6,2022-01-31,514461.0,809797.0,395150.0,8.284144e+06,2.6807888,5977.732,8984.043,4352.58,6.4814735e+06,0.034793563,227916.27
Geo6,2022-02-07,573754.0,700534.0,297114.0,7.288185e+06,-5.592365,6666.6816,7771.859,3272.713,4.194804e+06,0.03520185,227916.27
Geo6,2022-02-14,481365.0,575300.0,674544.0,7.003573e+06,-6.543582,5593.1763,6382.489,7430.107,4.612152e+06,0.0345236,227916.27
Geo6,2022-02-21,605942.0,462523.0,732929.0,7.705863e+06,1.2304293,7040.687,5131.319,8073.2183,6.965279e+06,0.035239756,227916.27
Geo6,2022-02-28,717987.0,590298.0,389627.0,5.938706e+06,-0.5423205,8342.584,6548.8794,4291.744,5.951796e+06,0.034755763,227916.27
Geo6,2022-03-07,404258.0,664105.0,581291.0,7.542058e+06,0.5444478,4697.2383,7367.7085,6402.925,6.533348e+06,0.03458418,227916.27
Geo6,2022-03-14,464240.0,490424.0,479886.0,6.515722e+06,-0.109142125,5394.194,5440.858,5285.9478,5.0941575e+06,0.034671493,227916.27
Geo6,2022-03-21,259107.0,572415.0,421165.0,7.57761e+06,1.2812619,3010.67,6350.482,4639.1357,6.711693e+06,0.035328228,227916.27
Geo6,2022-03-28,511124.0,523842.0,410604.0,6.601536e+06,-2.0113177,5938.958,5811.6035,4522.806,5.248408e+06,0.035092954,227916.27
Geo6,2022-04-04,228348.0,489349.0,447266.0,7.742879e+06,-4.8575783,2653.2686,5428.9316,4926.638,4.3415535e+06,0.035490755,227916.27
Geo6,2022-04-11,723583.0,425983.0,898451.0,6.862186e+06,-2.2628841,8407.605,4725.937,9896.444,4.6804055e+06,0.034757633,227916.27
Geo6,2022-04-18,491407.0,462326.0,458277.0,6.67596e+06,-2.4405606,5709.8584,5129.1333,5047.9243,4.771478e+06,0.035307687,227916.27
Geo6,2022-04-25,595190.0,416545.0,573346.0,6.762937e+06,1.4753869,6915.7554,4621.23,6315.41,6.6160895e+06,0.035401605,227916.27
Geo6,2022-05-02,498396.0,807378.0,367747.0,6.822905e+06,1.0327883,5791.0664,8957.207,4050.7358,6.9913155e+06,0.034698747,227916.27
Geo6,2022-05-09,306252.0,709110.0,597053.0,6.498094e+06,-0.5524895,3558.4668,7867.0024,6576.543,6.770802e+06,0.034613993,227916.27
Geo6,2022-05-16,924624.0,980032.0,732192.0,7.389137e+06,1.4529335,10743.583,10872.663,8065.1,5.7232725e+06,0.03456382,227916.27
Geo6,2022-05-23,691381.0,641036.0,485862.0,6.98637e+06,1.4642848,8033.4375,7111.7764,5351.7734,6.0455045e+06,0.03536691,227916.27
Geo6,2022-05-30,701533.0,655104.0,669451.0,7.86861e+06,-4.555094,8151.398,7267.8496,7374.008,5.3243615e+06,0.0346331,227916.27
Geo6,2022-06-06,459725.0,462383.0,411411.0,6.932388e+06,1.3888315,5341.7324,5129.7656,4531.6953,7.0270125e+06,0.035204146,227916.27
Geo6,2022-06-13,413890.0,720908.0,561480.0,7.877918e+06,-0.44476667,4809.1567,7997.8916,6184.706,5.7775665e+06,0.035156075,227916.27
Geo6,2022-06-20,538972.0,446407.0,185466.0,7.195668e+06,-1.3332394,6262.535,4952.525,2042.9093,5.7633535e+06,0.034509264,227916.27
Geo6,2022-06-27,343870.0,955612.0,464569.0,7.441411e+06,3.1768684,3995.5657,10601.743,5117.231,6.95585e+06,0.034824584,227916.27
Geo6,2022-07-04,519961.0,704675.0,343928.0,6.961983e+06,-2.3373795,6041.6387,7817.8,3788.3694,5.2757475e+06,0.035239283,227916.27
Geo6,2022-07-11,447939.0,829906.0,297491.0,6.406748e+06,4.1634784,5204.7856,9207.137,3276.8655,7.2959035e+06,0.035025753,227916.27
Geo6,2022-07-18,622190.0,464916.0,621256.0,7.28857e+06,0.99741626,7229.4795,5157.867,6843.139,6.471291e+06,0.03462565,227916.27
Geo6,2022-07-25,736396.0,860386.0,376485.0,6.798449e+06,-0.97800124,8556.485,9545.287,4146.985,5.72196e+06,0.0353456,227916.27
Geo6,2022-08-01,575159.0,792788.0,434305.0,6.928802e+06,3.0477784,6683.007,8795.343,4783.8726,7.380594e+06,0.035245053,227916.27
Geo6,2022-08-08,551916.0,983214.0,765302.0,7.806092e+06,-4.3436894,6412.937,10907.965,8429.807,4.732362e+06,0.035323735,227916.27
Geo6,2022-08-15,474514.0,855330.0,260042.0,7.944388e+06,1.6227543,5513.572,9489.195,2864.3645,6.4247225e+06,0.035356082,227916.27
Geo6,2022-08-22,634036.0,891381.0,195435.0,6.826642e+06,-2.0845046,7367.1226,9889.152,2152.718,5.050553e+06,0.034899745,227916.27
Geo6,2022-08-29,638175.0,942053.0,431525.0,7.146308e+06,-1.9341207,7415.2153,10451.317,4753.251,5.9458535e+06,0.035440948,227916.27
Geo6,2022-09-05,495240.0,671374.0,561193.0,7.766554e+06,3.1580977,5754.3955,7448.352,6181.545,7.400638e+06,0.0348968,227916.27
Geo6,2022-09-12,246163.0,345400.0,324124.0,7.008516e+06,-2.210009,2860.2683,3831.9338,3570.2283,5.286521e+06,0.035145234,227916.27
Geo6,2022-09-19,422709.0,691507.0,469674.0,8.161708e+06,2.6539738,4911.6284,7671.7114,5173.4624,6.9824505e+06,0.03526995,227916.27
Geo6,2022-09-26,342533.0,804300.0,319372.0,6.455352e+06,2.4413896,3980.0305,8923.059,3517.885,6.2759325e+06,0.03547346,227916.27
Geo6,2022-10-03,586048.0,659729.0,636862.0,7.638888e+06,1.5978073,6809.531,7319.16,7015.0396,6.7786245e+06,0.035018813,227916.27
Geo6,2022-10-10,682284.0,914942.0,473910.0,7.178145e+06,-0.04197598,7927.736,10150.542,5220.122,5.9552355e+06,0.03528908,227916.27
Geo6,2022-10-17,535664.0,504283.0,499863.0,6.934294e+06,-2.0365667,6224.0986,5594.6123,5505.9946,6.684778e+06,0.03484428,227916.27
Geo6,2022-10-24,556538.0,569494.0,302601.0,6.752344e+06,-2.2130885,6466.642,6318.0757,3333.152,5.712471e+06,0.035058405,227916.27
Geo6,2022-10-31,574747.0,984572.0,830688.0,6.685674e+06,-1.930675,6678.2197,10923.031,9150.034,5.493932e+06,0.035387434,227916.27
Geo6,2022-11-07,606460.0,723688.0,326565.0,7.068547e+06,-2.9266453,7046.706,8028.734,3597.116,4.6809525e+06,0.034884285,227916.27
Geo6,2022-11-14,335138.0,814745.0,330703.0,7.228252e+06,-0.32891822,3894.105,9038.9375,3642.696,5.797978e+06,0.034619693,227916.27
Geo6,2022-11-21,718487.0,620437.0,585746.0,7.593e+06,-3.2280593,8348.394,6883.247,6451.9966,5.151343e+06,0.03481876,227916.27
Geo6,2022-11-28,618310.0,207605.0,573784.0,6.409916e+06,-1.9203746,7184.396,2303.2097,6320.235,4.882942e+06,0.0350011,227916.27
Geo6,2022-12-05,505716.0,799192.0,486459.0,7.046599e+06,3.6374521,5876.1206,8866.39,5358.3496,7.5123275e+06,0.034710176,227916.27
Geo6,2022-12-12,413073.0,801689.0,574200.0,9.129313e+06,-0.70809,4799.6636,8894.092,6324.8174,5.6277495e+06,0.03456139,227916.27
Geo6,2022-12-19,588397.0,661080.0,723489.0,6.499144e+06,-2.2127976,6836.8247,7334.1484,7969.237,5.642582e+06,0.035190865,227916.27
Geo6,2022-12-26,317249.0,568554.0,434474.0,6.474357e+06,1.3666886,3686.2454,6307.6475,4785.7344,7.1081875e+06,0.034659542,227916.27
Geo6,2023-01-02,560112.0,803092.0,365081.0,6.928594e+06,2.6837413,6508.1694,8909.657,4021.3699,6.7786205e+06,0.03549933,227916.27
Geo6,2023-01-09,485684.0,728301.0,404210.0,6.51568e+06,-0.2556698,5643.3604,8079.911,4452.376,6.7788245e+06,0.03478405,227916.27
Geo6,2023-01-16,338752.0,698168.0,387144.0,6.812616e+06,-2.490117,3936.0977,7745.61,4264.394,5.968562e+06,0.035354033,227916.27
Geo6,2023-01-23,482090.0,561964.0,287813.0,5.90696e+06,-0.9813031,5601.6,6234.5366,3170.2622,5.9611455e+06,0.035337664,227916.27
Geo6,2023-01-30,336548.0,327673.0,595422.0,6.752316e+06,-3.965282,3910.4885,3635.267,6558.5776,3.7201678e+06,0.035281908,227916.27
Geo6,2023-02-06,540351.0,391117.0,633702.0,7.075066e+06,-2.4738574,6278.5586,4339.127,6980.232,5.531449e+06,0.0346602,227916.27
Geo6,2023-02-13,624402.0,892481.0,707097.0,6.469095e+06,1.4640234,7255.181,9901.355,7788.6787,6.283818e+06,0.035378948,227916.27
Geo6,2023-02-20,115458.0,582702.0,542063.0,6.187262e+06,-2.7977571,1341.5536,6464.608,5970.828,4.7129405e+06,0.03456585,227916.27
Geo6,2023-02-27,536310.0,610530.0,509933.0,6.794833e+06,1.6549032,6231.6045,6773.337,5616.9155,5.5618665e+06,0.03544006,227916.27
Geo6,2023-03-06,601374.0,683453.0,682854.0,5.933014e+06,1.1439879,6987.61,7582.359,7521.6416,6.034348e+06,0.034711275,227916.27
Geo6,2023-03-13,461763.0,567962.0,613854.0,6.855392e+06,2.705946,5365.4126,6301.0796,6761.6064,6.049202e+06,0.035150655,227916.27
Geo6,2023-03-20,370902.0,883593.0,246434.0,7.207662e+06,-3.610241,4309.6616,9802.75,2714.4724,5.270543e+06,0.03472478,227916.27
Geo6,2023-03-27,734909.0,923751.0,691725.0,7.692746e+06,-1.3029826,8539.207,10248.2705,7619.356,5.270761e+06,0.034973223,227916.27
Geo6,2023-04-03,485533.0,891592.0,357110.0,7.474023e+06,2.5140638,5641.606,9891.493,3933.5693,7.071438e+06,0.03483757,227916.27
Geo6,2023-04-10,362947.0,720169.0,618180.0,7.38022e+06,-5.3901653,4217.229,7989.6934,6809.2573,3.941548e+06,0.03494272,227916.27
Geo6,2023-04-17,345051.0,644598.0,306826.0,6.82332e+06,4.872803,4009.2883,7151.294,3379.6907,7.621016e+06,0.034782622,227916.27
Geo6,2023-04-24,668669.0,689020.0,488784.0,6.703578e+06,1.2268826,7769.5376,7644.12,5383.9595,5.899029e+06,0.03530366,227916.27
Geo6,2023-05-01,926011.0,931437.0,719132.0,7.603816e+06,2.1710367,10759.699,10333.541,7921.244,6.9317515e+06,0.035005745,227916.27
Geo6,2023-05-08,463794.0,413891.0,163308.0,7.23875e+06,0.4928242,5389.0117,4591.786,1798.8389,6.860176e+06,0.035426553,227916.27
Geo6,2023-05-15,644890.0,730500.0,352547.0,7.584178e+06,0.45652914,7493.2397,8104.307,3883.3079,6.0935945e+06,0.0349309,227916.27
Geo6,2023-05-22,387615.0,500767.0,563459.0,7.966004e+06,-8.241293,4503.857,5555.6055,6206.505,3.906332e+06,0.034764364,227916.27
Geo6,2023-05-29,322188.0,882781.0,479462.0,6.743236e+06,0.020094423,3743.6338,9793.742,5281.2773,6.651729e+06,0.035123385,227916.27
Geo6,2023-06-05,205642.0,560111.0,563430.0,6.756414e+06,0.298517,2389.4382,6213.979,6206.1855,6.5418215e+06,0.034567814,227916.27
Geo6,2023-06-12,491780.0,808524.0,606790.0,7.27413e+06,1.6756651,5714.1924,8969.921,6683.7964,6.96526e+06,0.03515287,227916.27
Geo6,2023-06-19,494031.0,553094.0,622215.0,7.401856e+06,-5.897101,5740.3477,6136.131,6853.7026,4.6327235e+06,0.035202462,227916.27
Geo6,2023-06-26,361366.0,739807.0,246316.0,6.347631e+06,-0.2757126,4198.859,8207.561,2713.1726,5.3417475e+06,0.034574665,227916.27
Geo6,2023-07-03,852339.0,460263.0,593132.0,6.573192e+06,0.98182595,9903.675,5106.246,6533.3535,6.651296e+06,0.0354113,227916.27
Geo6,2023-07-10,404536.0,580518.0,488058.0,6.82292e+06,-1.4508733,4700.4688,6440.3784,5375.9624,5.1176175e+06,0.034832224,227916.27
Geo6,2023-07-17,525628.0,503552.0,470593.0,6.727682e+06,-2.7645826,6107.486,5586.5024,5183.5854,5.3515775e+06,0.034835193,227916.27
Geo6,2023-07-24,234624.0,607648.0,621171.0,6.35434e+06,-0.83366287,2726.192,6741.364,6842.203,5.749944e+06,0.034756143,227916.27
Geo6,2023-07-31,228857.0,766814.0,389613.0,5.827414e+06,0.96062136,2659.1829,8507.182,4291.59,6.5270285e+06,0.035466406,227916.27
Geo6,2023-08-07,382374.0,714506.0,469848.0,7.210339e+06,-7.2897997,4442.9595,7926.8667,5175.379,3.57738e+06,0.03504165,227916.27
Geo6,2023-08-14,622914.0,509605.0,599802.0,6.53215e+06,1.269914,7237.8916,5653.656,6606.823,6.145206e+06,0.03522946,227916.27
Geo6,2023-08-21,744078.0,763450.0,428586.0,5.977566e+06,5.1881013,8645.746,8469.861,4720.878,7.3776465e+06,0.034787457,227916.27
Geo6,2023-08-28,479954.0,400603.0,327452.0,6.399598e+06,1.0470219,5576.7812,4444.3667,3606.8862,6.144273e+06,0.034552574,227916.27
Geo6,2023-09-04,480708.0,546554.0,435416.0,6.481073e+06,2.164043,5585.542,6063.575,4796.1104,6.1350245e+06,0.034972046,227916.27
Geo6,2023-09-11,735596.0,511504.0,203428.0,6.977222e+06,2.727332,8547.189,5674.7236,2240.761,6.433804e+06,0.03520161,227916.27
Geo6,2023-09-18,466034.0,630630.0,510191.0,7.475494e+06,4.206758,5415.039,6996.3306,5619.758,7.5065555e+06,0.0352877,227916.27
Geo6,2023-09-25,513987.0,640976.0,307759.0,6.7105e+06,-0.9676062,5972.2246,7111.111,3389.9675,5.6306015e+06,0.03512562,227916.27
Geo6,2023-10-02,680951.0,572544.0,553912.0,6.14472e+06,3.5135112,7912.247,6351.913,6101.3447,6.639646e+06,0.035344493,227916.27
Geo6,2023-10-09,429000.0,1.021111e+06,662799.0,6.9005e+06,-1.150351,4984.726,11328.401,7300.736,6.1189565e+06,0.034685493,227916.27
Geo6,2023-10-16,489109.0,621603.0,518893.0,7.794626e+06,-1.2956634,5683.1567,6896.183,5715.6104,5.651997e+06,0.035036746,227916.27
Geo6,2023-10-23,617980.0,776684.0,604709.0,7.124129e+06,0.2142623,7180.5615,8616.682,6660.874,5.1312005e+06,0.035151724,227916.27
Geo6,2023-10-30,471417.0,906724.0,288880.0,7.026098e+06,5.075159,5477.5864,10059.37,3182.0154,8.784081e+06,0.03512502,227916.27
Geo6,2023-11-06,611444.0,650245.0,516332.0,7.368506e+06,-1.5659308,7104.617,7213.943,5687.401,5.6807085e+06,0.034790378,227916.27
Geo6,2023-11-13,486725.0,522108.0,662361.0,6.804296e+06,-0.6123885,5655.456,5792.366,7295.911,5.7482745e+06,0.034759313,227916.27
Geo6,2023-11-20,412781.0,412839.0,500248.0,7.791788e+06,-1.1964092,4796.2705,4580.115,5510.2354,6.043069e+06,0.035246827,227916.27
Geo6,2023-11-27,544756.0,850771.0,479610.0,6.567172e+06,-4.790841,6329.742,9438.617,5282.9077,4.845811e+06,0.03508683,227916.27
Geo6,2023-12-04,225857.0,458880.0,694793.0,7.59129e+06,-0.17665887,2624.3245,5090.903,7653.15,6.8158205e+06,0.035484374,227916.27
Geo6,2023-12-11,512296.0,542708.0,404913.0,7.411925e+06,-5.827774,5952.576,6020.9067,4460.1196,3.9193365e+06,0.035031807,227916.27
Geo6,2023-12-18,560032.0,775437.0,352027.0,6.633094e+06,0.89117706,6507.24,8602.847,3877.58,6.689922e+06,0.035263833,227916.27
Geo6,2023-12-25,507146.0,926645.0,394403.0,7.29549e+06,1.4605474,5892.7363,10280.378,4344.352,5.997271e+06,0.034790203,227916.27
Geo6,2024-01-01,509160.0,775105.0,721505.0,7.583507e+06,1.2363732,5916.1377,8599.164,7947.383,6.6416785e+06,0.035332296,227916.27
Geo6,2024-01-08,527498.0,713779.0,435900.0,7.753806e+06,-0.073225655,6129.2144,7918.8013,4801.442,5.719444e+06,0.034949783,227916.27
Geo6,2024-01-15,222036.0,641893.0,463497.0,7.161855e+06,-2.6017323,2579.9268,7121.284,5105.423,5.8144e+06,0.03526099,227916.27
Geo7,2021-01-25,1.134362e+06,1.012976e+06,927845.0,9.171367e+06,1.4244788,13180.614,11238.15,10220.22,1.0544692e+07,0.035024233,478603.25
Geo7,2021-02-01,1.006391e+06,1.380937e+06,1.133811e+06,1.060814e+07,1.942235,11693.667,15320.38,12488.937,9.78287e+06,0.034504537,478603.25
Geo7,2021-02-08,899596.0,1.437089e+06,1.437174e+06,1.1645762e+07,0.029572755,10452.772,15943.342,15830.482,1.128619e+07,0.03456469,478603.25
Geo7,2021-02-15,427233.0,1.392141e+06,1.682985e+06,1.0836643e+07,-0.5356807,4964.1943,15444.68,18538.092,1.1108695e+07,0.035369243,478603.25
Geo7,2021-02-22,1.797945e+06,966497.0,1.127307e+06,1.2758196e+07,-2.2029152,20891.057,10722.503,12417.295,1.1325925e+07,0.03467456,478603.25
Geo7,2021-03-01,1.350822e+06,683761.0,1.202232e+06,1.418783e+07,-1.5076518,15695.752,7585.776,13242.594,9.796397e+06,0.03515901,478603.25
Geo7,2021-03-08,1.107682e+06,831318.0,666914.0,1.5326636e+07,-2.3377662,12870.608,9222.802,7346.0625,9.850289e+06,0.034841206,478603.25
Geo7,2021-03-15,1.271742e+06,1.746483e+06,1.145398e+06,1.5189424e+07,3.3683774,14776.889,19375.818,12616.567,1.4471551e+07,0.035407264,478603.25
Geo7,2021-03-22,942069.0,1.849741e+06,1.249363e+06,1.6949144e+07,1.5400554,10946.284,20521.383,13761.742,1.2236941e+07,0.035466675,478603.25
Geo7,2021-03-29,1.200872e+06,1.542148e+06,1.122539e+06,1.408035e+07,-1.2616299,13953.421,17108.887,12364.775,1.1962326e+07,0.035270315,478603.25
Geo7,2021-04-05,1.363748e+06,1.233993e+06,1.338124e+06,1.5633926e+07,2.5648487,15845.944,13690.155,14739.445,1.5436759e+07,0.03520836,478603.25
Geo7,2021-04-12,757718.0,1.46069e+06,874682.0,1.5998578e+07,-0.48305726,8804.234,16205.176,9634.629,1.3939417e+07,0.03506192,478603.25
Geo7,2021-04-19,979439.0,1.905609e+06,1.499893e+06,1.6059631e+07,0.7739035,11380.501,21141.191,16521.332,1.3061105e+07,0.035281632,478603.25
Geo7,2021-04-26,836638.0,1.04326e+06,217512.0,1.5667746e+07,3.1194072,9721.238,11574.127,2395.8962,1.579968e+07,0.035008527,478603.25
Geo7,2021-05-03,877295.0,1.362079e+06,1.22775e+06,1.6190126e+07,9.083554,10193.648,15111.166,13523.675,1.9371834e+07,0.035188373,478603.25
Geo7,2021-05-10,934322.0,2.011484e+06,1.355044e+06,1.6305487e+07,1.2293782,10856.269,22315.79,14925.819,1.5953826e+07,0.035129387,478603.25
Geo7,2021-05-17,1.153357e+06,1.796644e+06,730035.0,1.3784942e+07,1.5752494,13401.325,19932.314,8041.341,1.4455539e+07,0.03473161,478603.25
Geo7,2021-05-24,558518.0,1.331734e+06,428933.0,1.4975343e+07,-2.8746006,6489.6484,14774.513,4724.7,9.700596e+06,0.03510583,478603.25
Geo7,2021-05-31,1.167173e+06,1.082396e+06,1.10026e+06,1.4618039e+07,2.9013968,13561.859,12008.31,12119.372,1.6157304e+07,0.0349401,478603.25
Geo7,2021-06-07,893002.0,1.470749e+06,933077.0,1.4065099e+07,1.4613256,10376.154,16316.771,10277.85,1.4960029e+07,0.0345327,478603.25
Geo7,2021-06-14,101360.0,1.364905e+06,1.309207e+06,1.547041e+07,-3.5921316,1177.7432,15142.519,14420.925,1.1873539e+07,0.035354223,478603.25
Geo7,2021-06-21,1.044356e+06,1.363752e+06,614101.0,1.4784954e+07,5.86298,12134.798,15129.727,6764.327,1.4963349e+07,0.034792256,478603.25
Geo7,2021-06-28,1.382274e+06,1.156248e+06,721797.0,1.4197923e+07,-2.3757951,16061.205,12827.638,7950.599,1.368544e+07,0.03510342,478603.25
Geo7,2021-07-05,716015.0,1.71538e+06,1.140016e+06,1.5145917e+07,0.4076782,8319.67,19030.756,12557.284,1.4174859e+07,0.034591198,478603.25
Geo7,2021-07-12,1.577646e+06,1.901721e+06,1.224126e+06,1.583117e+07,1.5135702,18331.312,21098.059,13483.757,1.4898153e+07,0.03482346,478603.25
Geo7,2021-07-19,881468.0,1.077911e+06,1.390226e+06,1.3105647e+07,0.38803488,10242.136,11958.552,15313.35,1.4538851e+07,0.034718547,478603.25
Geo7,2021-07-26,1.196958e+06,955288.0,1.058548e+06,1.6766256e+07,-5.002382,13907.943,10598.148,11659.914,1.0079069e+07,0.03484164,478603.25
Geo7,2021-08-02,1.444461e+06,1.103603e+06,842294.0,1.5969498e+07,-1.6416175,16783.781,12243.584,9277.875,1.2133431e+07,0.035396926,478603.25
Geo7,2021-08-09,477101.0,1.389073e+06,242611.0,1.3922932e+07,0.2737014,5543.631,15410.643,2672.3618,1.196901e+07,0.03462717,478603.25
Geo7,2021-08-16,363482.0,1.904978e+06,538493.0,1.6561381e+07,3.4813595,4223.4453,21134.191,5931.5044,1.5247163e+07,0.03545624,478603.25
Geo7,2021-08-23,1.39278e+06,1.439259e+06,1.515998e+06,1.6685245e+07,0.8480978,16183.278,15967.416,16698.729,1.459977e+07,0.03511539,478603.25
Geo7,2021-08-30,1.215452e+06,1.219237e+06,1.498359e+06,1.7070904e+07,-1.6711195,14122.832,13526.449,16504.436,1.2573324e+07,0.034833066,478603.25
Geo7,2021-09-06,1.31749e+06,787730.0,1.333123e+06,1.5924093e+07,3.1179466,15308.453,8739.228,14684.359,1.5108379e+07,0.035255417,478603.25
Geo7,2021-09-13,1.095114e+06,1.438188e+06,505721.0,1.5250676e+07,-3.1006014,12724.576,15955.534,5570.5205,1.3298917e+07,0.034535922,478603.25
Geo7,2021-09-20,1.202844e+06,1.668771e+06,987106.0,1.257642e+07,-4.0006137,13976.335,18513.666,10872.9795,1.0637623e+07,0.035469394,478603.25
Geo7,2021-09-27,910983.0,734770.0,1.592755e+06,1.4741814e+07,7.556942,10585.083,8151.6797,17544.207,1.5499569e+07,0.03524441,478603.25
Geo7,2021-10-04,1.059734e+06,1.376083e+06,1.260006e+06,1.4316381e+07,2.826827,12313.481,15266.529,13878.976,1.4182548e+07,0.035384566,478603.25
Geo7,2021-10-11,992343.0,1.491856e+06,984175.0,1.7875258e+07,-0.14273828,11530.4375,16550.938,10840.694,1.3538654e+07,0.03489695,478603.25
Geo7,2021-10-18,885674.0,1.306557e+06,1.076955e+06,1.5335091e+07,0.24792664,10291.007,14495.194,11862.667,1.3577087e+07,0.035168197,478603.25
Geo7,2021-10-25,1.30072e+06,1.67513e+06,503061.0,1.4886293e+07,0.60047674,15113.596,18584.215,5541.2207,1.5454317e+07,0.034690473,478603.25
Geo7,2021-11-01,1.07687e+06,1.087866e+06,813691.0,1.521662e+07,-2.1850557,12512.592,12068.994,8962.8125,1.1403194e+07,0.034650847,478603.25
Geo7,2021-11-08,772040.0,1.038569e+06,971573.0,1.3042446e+07,-0.28870094,8970.647,11522.084,10701.884,1.2314458e+07,0.03471627,478603.25
Geo7,2021-11-15,358946.0,1.492264e+06,1.06865e+06,1.4869376e+07,-0.68972003,4170.7397,16555.463,11771.1875,1.4538669e+07,0.034684896,478603.25
Geo7,2021-11-22,693690.0,1.156363e+06,1.016543e+06,1.4489009e+07,-1.1354412,8060.267,12828.913,11197.229,1.1993411e+07,0.03540766,478603.25
Geo7,2021-11-29,1.527415e+06,1.361732e+06,1.002734e+06,1.5157163e+07,2.177155,17747.658,15107.316,11045.122,1.5245197e+07,0.034742273,478603.25
Geo7,2021-12-06,1.480212e+06,1.04838e+06,927869.0,1.6142972e+07,1.1221176,17199.188,11630.929,10220.483,1.1988086e+07,0.035188865,478603.25
Geo7,2021-12-13,1.108627e+06,740077.0,1.394259e+06,1.3467837e+07,-2.1705022,12881.589,8210.557,15357.773,1.2728974e+07,0.035429988,478603.25
Geo7,2021-12-20,1.256103e+06,1.301544e+06,1.278084e+06,1.5479749e+07,5.244165,14595.173,14439.579,14078.1045,1.583029e+07,0.034942873,478603.25
Geo7,2021-12-27,1.529882e+06,964071.0,1.488607e+06,1.7557952e+07,2.0665572,17776.322,10695.589,16397.018,1.4074089e+07,0.035242658,478603.25
Geo7,2022-01-03,1.368465e+06,1.053466e+06,1.310372e+06,1.5810178e+07,-1.6213671,15900.753,11687.3545,14433.757,1.1288081e+07,0.034836352,478603.25
Geo7,2022-01-10,1.051684e+06,1.193093e+06,480075.0,1.4619772e+07,-0.74966705,12219.945,13236.403,5288.03,1.2095445e+07,0.03510843,478603.25
Geo7,2022-01-17,498481.0,1.922979e+06,347116.0,1.6111653e+07,-1.3008019,5792.054,21333.898,3823.4854,1.1838384e+07,0.03483537,478603.25
Geo7,2022-01-24,1.578418e+06,1.366298e+06,696528.0,1.6049409e+07,1.4335958,18340.283,15157.973,7672.2607,1.4336475e+07,0.03490872,478603.25
Geo7,2022-01-31,832528.0,2.353029e+06,1.346436e+06,1.7849132e+07,4.211075,9673.482,26104.955,14831.002,1.5031606e+07,0.035475235,478603.25
Geo7,2022-02-07,1.188722e+06,2.008617e+06,484639.0,1.6192909e+07,-2.684457,13812.245,22283.982,5338.3022,1.1625985e+07,0.035207972,478603.25
Geo7,2022-02-14,673107.0,1.194874e+06,1.102266e+06,1.5135833e+07,-2.984132,7821.1045,13256.162,12141.468,1.292889e+07,0.035330128,478603.25
Geo7,2022-02-21,910405.0,1.477416e+06,1.308255e+06,1.6064308e+07,1.2671806,10578.367,16390.736,14410.438,1.5080313e+07,0.035052042,478603.25
Geo7,2022-02-28,1.342192e+06,1.572744e+06,1.309226e+06,1.2341561e+07,3.4028084,15595.476,17448.324,14421.134,1.5143032e+07,0.03477484,478603.25
Geo7,2022-03-07,933942.0,1.16561e+06,1.495599e+06,1.5945041e+07,-1.9469857,10851.853,12931.501,16474.033,1.2816538e+07,0.035332624,478603.25
Geo7,2022-03-14,1.031331e+06,1.127555e+06,1.144978e+06,1.3932061e+07,-2.2680423,11983.455,12509.312,12611.941,1.034511e+07,0.035426572,478603.25
Geo7,2022-03-21,593432.0,952569.0,1.358664e+06,1.6005724e+07,9.645912,6895.328,10567.983,14965.693,1.9217688e+07,0.03475826,478603.25
Geo7,2022-03-28,1.288532e+06,1.264174e+06,1.048344e+06,1.41001e+07,-4.0790496,14971.979,14024.989,11547.517,1.0238711e+07,0.035257623,478603.25
Geo7,2022-04-04,559313.0,900493.0,757653.0,1.5778536e+07,-2.8851032,6498.8857,9990.242,8345.554,1.0540794e+07,0.035406698,478603.25
Geo7,2022-04-11,1.312767e+06,1.295602e+06,1.939541e+06,1.4743605e+07,4.6533017,15253.575,14373.657,21364.059,1.4132372e+07,0.03479872,478603.25
Geo7,2022-04-18,1.252399e+06,1.052287e+06,684877.0,1.5000824e+07,-1.6873695,14552.135,11674.274,7543.9253,1.1139652e+07,0.034755215,478603.25
Geo7,2022-04-25,1.419798e+06,1.090032e+06,1.484928e+06,1.5147447e+07,0.28651527,16497.21,12093.024,16356.493,1.3451092e+07,0.03511457,478603.25
Geo7,2022-05-02,1.146405e+06,1.581753e+06,1.560836e+06,1.4727142e+07,-0.13305472,13320.547,17548.271,17192.62,1.4512822e+07,0.03542253,478603.25
Geo7,2022-05-09,790616.0,1.301846e+06,1.043051e+06,1.4037668e+07,1.738968,9186.489,14442.93,11489.214,1.5891072e+07,0.034622397,478603.25
Geo7,2022-05-16,1.70499e+06,1.897178e+06,1.936857e+06,1.5379581e+07,0.86977136,19810.975,21047.656,21334.494,1.1710102e+07,0.03537786,478603.25
Geo7,2022-05-23,1.569355e+06,1.562888e+06,1.129464e+06,1.5378629e+07,4.453293,18234.975,17338.98,12441.054,1.4275159e+07,0.035151582,478603.25
Geo7,2022-05-30,789471.0,1.112062e+06,1.418843e+06,1.685345e+07,1.86516,9173.186,12337.43,15628.566,1.5562084e+07,0.034911778,478603.25
Geo7,2022-06-06,1.473263e+06,1.461288e+06,664127.0,1.4832575e+07,2.4741888,17118.443,16211.81,7315.364,1.5608432e+07,0.035011068,478603.25
Geo7,2022-06-13,874085.0,1.671772e+06,636414.0,1.7396818e+07,1.1897808,10156.35,18546.959,7010.105,1.3253513e+07,0.035286512,478603.25
Geo7,2022-06-20,369907.0,1.794441e+06,1.286053e+06,1.526596e+07,1.1798378,4298.1,19907.873,14165.883,1.4532262e+07,0.035461828,478603.25
Geo7,2022-06-27,869158.0,1.288621e+06,1.624687e+06,1.5741779e+07,-4.7419252,10099.102,14296.209,17895.94,1.0526829e+07,0.03542525,478603.25
Geo7,2022-07-04,1.120752e+06,1.297938e+06,955156.0,1.4329953e+07,0.19008838,13022.475,14399.573,10521.05,1.2801856e+07,0.035164848,478603.25
Geo7,2022-07-11,1.180482e+06,1.25109e+06,746719.0,1.3554593e+07,-2.2975054,13716.502,13879.833,8225.115,1.1809682e+07,0.03465788,478603.25
Geo7,2022-07-18,1.397949e+06,1.002112e+06,1.506649e+06,1.6497115e+07,3.097579,16243.339,11117.623,16595.75,1.5313407e+07,0.034614142,478603.25
Geo7,2022-07-25,1.015911e+06,1.437201e+06,551510.0,1.4345469e+07,-1.1071991,11804.284,15944.584,6074.8867,1.2163932e+07,0.035379592,478603.25
Geo7,2022-08-01,1.386713e+06,1.611624e+06,1.065397e+06,1.4635169e+07,-2.7915368,16112.783,17879.666,11735.355,1.2021513e+07,0.03494697,478603.25
Geo7,2022-08-08,1.084058e+06,2.317338e+06,1.153408e+06,1.6500067e+07,-0.88923585,12596.112,25708.992,12704.798,1.2204305e+07,0.03456302,478603.25
Geo7,2022-08-15,1.31185e+06,1.658251e+06,397461.0,1.6718776e+07,1.337892,15242.92,18396.955,4378.0356,1.2848161e+07,0.034702513,478603.25
Geo7,2022-08-22,1.12905e+06,2.061386e+06,707722.0,1.4937158e+07,-0.42498487,13118.893,22869.412,7795.563,1.1993234e+07,0.034864422,478603.25
Geo7,2022-08-29,464957.0,2.066028e+06,1.600336e+06,1.4953052e+07,-2.1968231,5402.525,22920.912,17627.713,1.2654879e+07,0.035411313,478603.25
Geo7,2022-09-05,1.172879e+06,1.6169e+06,801736.0,1.6641066e+07,0.011307464,13628.159,17938.2,8831.128,1.3837602e+07,0.035137974,478603.25
Geo7,2022-09-12,1.003213e+06,1.205036e+06,830127.0,1.5584624e+07,-0.9903987,11656.741,13368.9,9143.8545,1.1746418e+07,0.034985676,478603.25
Geo7,2022-09-19,960005.0,1.591923e+06,658100.0,1.7548912e+07,-0.599287,11154.689,17661.1,7248.976,1.2960692e+07,0.035306197,478603.25
Geo7,2022-09-26,786060.0,1.186216e+06,876284.0,1.3821541e+07,-0.8809408,9133.552,13160.108,9652.274,1.1719589e+07,0.03512059,478603.25
Geo7,2022-10-03,948344.0,1.627518e+06,1.737329e+06,1.6487718e+07,3.1921785,11019.195,18055.998,19136.691,1.5239751e+07,0.035037026,478603.25
Geo7,2022-10-10,601784.0,1.945637e+06,734535.0,1.5008976e+07,0.38543338,6992.3735,21585.271,8090.908,1.3426758e+07,0.034904774,478603.25
Geo7,2022-10-17,621350.0,569211.0,169036.0,1.4074571e+07,-5.283375,7219.7188,6314.936,1861.9327,1.2544521e+07,0.034608066,478603.25
Geo7,2022-10-24,786150.0,1.077822e+06,694536.0,1.3488577e+07,-0.9767527,9134.598,11957.564,7650.319,1.299486e+07,0.035142314,478603.25
Geo7,2022-10-31,1.019708e+06,1.599341e+06,1.269399e+06,1.4080069e+07,-3.1465263,11848.403,17743.396,13982.439,1.0710926e+07,0.0350332,478603.25
Geo7,2022-11-07,1.344427e+06,1.55609e+06,643201.0,1.4660647e+07,1.6232468,15621.445,17263.56,7084.864,1.2804316e+07,0.034803256,478603.25
Geo7,2022-11-14,854467.0,1.489036e+06,480026.0,1.5155527e+07,-7.1750007,9928.4,16519.65,5287.4897,7.853401e+06,0.03461534,478603.25
Geo7,2022-11-21,1.897656e+06,1.236766e+06,1.212951e+06,1.5813523e+07,-3.1089315,22049.639,13720.92,13360.664,1.1803514e+07,0.03487794,478603.25
Geo7,2022-11-28,1.049918e+06,889849.0,1.216974e+06,1.3374498e+07,4.9962425,12199.425,9872.155,13404.978,1.4753552e+07,0.034507826,478603.25
Geo7,2022-12-05,896389.0,1.654048e+06,1.05501e+06,1.5538828e+07,2.7908995,10415.509,18350.326,11620.942,1.5828585e+07,0.03463719,478603.25
Geo7,2022-12-12,995758.0,1.69298e+06,981041.0,1.8599944e+07,-1.4643106,11570.118,18782.246,10806.174,1.1452753e+07,0.035468895,478603.25
Geo7,2022-12-19,621389.0,1.737652e+06,1.444193e+06,1.3863935e+07,-0.60264003,7220.1724,19277.846,15907.797,1.3141461e+07,0.03489735,478603.25
Geo7,2022-12-26,1.050733e+06,1.435921e+06,1.073696e+06,1.4358045e+07,-3.4444957,12208.8955,15930.384,11826.77,1.3099741e+07,0.034820873,478603.25
Geo7,2023-01-02,1.139975e+06,1.293492e+06,1.059361e+06,1.4816708e+07,2.334811,13245.834,14350.249,11668.869,1.4430583e+07,0.035175167,478603.25
Geo7,2023-01-09,1.448574e+06,820351.0,657230.0,1.4295543e+07,0.4642176,16831.572,9101.132,7239.393,1.4690841e+07,0.034586966,478603.25
Geo7,2023-01-16,1.236294e+06,1.285446e+06,1.39986e+06,1.5079764e+07,1.7935469,14365.004,14260.984,15419.468,1.5454213e+07,0.03516762,478603.25
Geo7,2023-01-23,408762.0,848062.0,726197.0,1.3054532e+07,-4.2040806,4749.5723,9408.5625,7999.0654,1.1142832e+07,0.035256743,478603.25
Geo7,2023-01-30,1.050224e+06,623427.0,1.125882e+06,1.5635714e+07,-3.2478604,12202.98,6916.419,12401.599,9.130234e+06,0.03539821,478603.25
Geo7,2023-02-06,1.174999e+06,1.303693e+06,1.678363e+06,1.5574508e+07,-0.8638628,13652.792,14463.421,18487.18,1.4030887e+07,0.03457312,478603.25
Geo7,2023-02-13,1.3575e+06,1.474732e+06,1.080392e+06,1.5057172e+07,3.9446826,15773.346,16360.96,11900.525,1.4782785e+07,0.034888446,478603.25
Geo7,2023-02-20,698048.0,1.294803e+06,784057.0,1.3925672e+07,3.9007378,8110.9043,14364.793,8636.394,1.474546e+07,0.035136662,478603.25
Geo7,2023-02-27,851355.0,1.396649e+06,778802.0,1.4892758e+07,-5.05091,9892.241,15494.692,8578.51,8.390016e+06,0.034876123,478603.25
Geo7,2023-03-06,1.191124e+06,1.321047e+06,1.41467e+06,1.387098e+07,1.2575935,13840.155,14655.949,15582.601,1.3013928e+07,0.034647897,478603.25
Geo7,2023-03-13,1.246695e+06,818667.0,869147.0,1.5101451e+07,1.5788453,14485.857,9082.449,9573.66,1.1754701e+07,0.03457851,478603.25
Geo7,2023-03-20,1.24486e+06,1.500479e+06,785483.0,1.6388833e+07,3.1268625,14464.536,16646.602,8652.101,1.5357562e+07,0.034974247,478603.25
Geo7,2023-03-27,1.313077e+06,1.560245e+06,840494.0,1.6976858e+07,-0.5379672,15257.177,17309.658,9258.048,1.2169214e+07,0.035223532,478603.25
Geo7,2023-04-03,1.446803e+06,1.476413e+06,649651.0,1.6325725e+07,6.3508453,16810.994,16379.609,7155.9106,1.6795346e+07,0.03544072,478603.25
Geo7,2023-04-10,616829.0,1.318048e+06,786141.0,1.6089219e+07,-0.06614646,7167.1875,14622.678,8659.349,1.192204e+07,0.03496421,478603.25
Geo7,2023-04-17,1.623485e+06,1.284568e+06,761506.0,1.6010216e+07,3.3196416,18863.934,14251.244,8387.994,1.5260885e+07,0.035143342,478603.25
Geo7,2023-04-24,1.292864e+06,1.4074e+06,489217.0,1.4587898e+07,-8.349494,15022.313,15613.966,5388.729,7.3119895e+06,0.03515909,478603.25
Geo7,2023-05-01,1.15163e+06,1.630749e+06,1.336894e+06,1.6240935e+07,0.54010487,13381.259,18091.842,14725.897,1.3422638e+07,0.034697447,478603.25
Geo7,2023-05-08,805015.0,941787.0,1.097233e+06,1.5132514e+07,1.3080473,9353.798,10448.366,12086.029,1.551184e+07,0.034987696,478603.25
Geo7,2023-05-15,970993.0,1.946435e+06,862934.0,1.6348917e+07,5.29001,11282.363,21594.123,9505.225,1.5668049e+07,0.03547204,478603.25
Geo7,2023-05-22,918776.0,954521.0,1.042552e+06,1.6592058e+07,1.685194,10675.633,10589.64,11483.718,1.4617968e+07,0.035291113,478603.25
Geo7,2023-05-29,779381.0,1.118697e+06,1.090364e+06,1.4136434e+07,-0.018356653,9055.945,12411.039,12010.367,1.4191478e+07,0.03525885,478603.25
Geo7,2023-06-05,640417.0,1.182104e+06,1.35275e+06,1.4086566e+07,-5.576234,7441.266,13114.489,14900.551,1.0790593e+07,0.035063773,478603.25
Geo7,2023-06-12,812107.0,1.528947e+06,1.044208e+06,1.5625343e+07,1.0989608,9436.202,16962.432,11501.959,1.3844877e+07,0.03465384,478603.25
Geo7,2023-06-19,599338.0,863937.0,1.025464e+06,1.4460922e+07,-1.290417,6963.9526,9584.683,11295.493,1.2383116e+07,0.035219252,478603.25
Geo7,2023-06-26,976214.0,974206.0,992280.0,1.3281107e+07,1.2789378,11343.028,10808.028,10929.972,1.249814e+07,0.034538943,478603.25
Geo7,2023-07-03,930772.0,1.465416e+06,860341.0,1.3627451e+07,2.547718,10815.02,16257.606,9476.662,1.5284287e+07,0.035274908,478603.25
Geo7,2023-07-10,1.2931e+06,1.38758e+06,1.60269e+06,1.4355095e+07,1.539876,15025.056,15394.079,17653.643,1.315255e+07,0.035061996,478603.25
Geo7,2023-07-17,1.131083e+06,1.457728e+06,976250.0,1.4480596e+07,-3.7215936,13142.515,16172.314,10753.4,1.1839347e+07,0.03454003,478603.25
Geo7,2023-07-24,401547.0,895024.0,1.082148e+06,1.3789223e+07,-2.6825275,4665.7383,9929.568,11919.868,1.1470844e+07,0.035466623,478603.25
Geo7,2023-07-31,742733.0,1.817785e+06,1.235586e+06,1.2939593e+07,4.880795,8630.117,20166.855,13609.989,1.6961272e+07,0.03457701,478603.25
Geo7,2023-08-07,453344.0,928235.0,754758.0,1.4747932e+07,-4.0412936,5267.589,10298.018,8313.665,1.0084709e+07,0.03532621,478603.25
Geo7,2023-08-14,1.079166e+06,1.147628e+06,1.063207e+06,1.3959359e+07,0.37771076,12539.27,12732.006,11711.232,1.2417773e+07,0.035300214,478603.25
Geo7,2023-08-21,1.78148e+06,1.329308e+06,1.076909e+06,1.3048878e+07,-1.30141,20699.742,14747.599,11862.16,1.1721782e+07,0.03510077,478603.25
Geo7,2023-08-28,934157.0,1.509727e+06,977028.0,1.4289194e+07,-3.8426003,10854.351,16749.201,10761.971,1.0376931e+07,0.034550272,478603.25
Geo7,2023-09-04,334451.0,1.391695e+06,611052.0,1.3438784e+07,-1.2238691,3886.1226,15439.731,6730.742,1.1243518e+07,0.034512594,478603.25
Geo7,2023-09-11,1.611877e+06,1.410236e+06,800222.0,1.4437204e+07,0.44201565,18729.057,15645.429,8814.451,1.2079165e+07,0.03464416,478603.25
Geo7,2023-09-18,1.262997e+06,1.033866e+06,480789.0,1.583758e+07,3.8274202,14675.277,11469.908,5295.8945,1.4903513e+07,0.03461412,478603.25
Geo7,2023-09-25,1.466554e+06,1.210288e+06,735856.0,1.4579425e+07,-3.2435923,17040.488,13427.168,8105.459,1.1163003e+07,0.035062045,478603.25
Geo7,2023-10-02,1.282072e+06,1.07861e+06,1.309386e+06,1.3621756e+07,5.169341,14896.917,11966.307,14422.896,1.4465155e+07,0.03522538,478603.25
Geo7,2023-10-09,735922.0,2.027368e+06,1.437401e+06,1.4636245e+07,2.6528594,8550.978,22492.01,15832.982,1.5500206e+07,0.034860846,478603.25
Geo7,2023-10-16,1.055568e+06,959864.0,1.218524e+06,1.6644612e+07,-5.108531,12265.075,10648.916,13422.051,1.077037e+07,0.035092082,478603.25
Geo7,2023-10-23,523091.0,1.86674e+06,1.230223e+06,1.5095003e+07,2.663143,6078.008,20709.973,13550.915,1.2606501e+07,0.0350561,478603.25
Geo7,2023-10-30,1.082827e+06,1.516375e+06,1.05277e+06,1.5033889e+07,-1.7899399,12581.809,16822.955,11596.27,1.4335798e+07,0.035125174,478603.25
Geo7,2023-11-06,1.491036e+06,1.383007e+06,1.106881e+06,1.6389059e+07,1.2391118,17324.955,15343.346,12192.303,1.4130178e+07,0.035305735,478603.25
Geo7,2023-11-13,664713.0,1.312936e+06,1.420826e+06,1.4405238e+07,-0.24111688,7723.5713,14565.964,15650.409,1.3289584e+07,0.03483429,478603.25
Geo7,2023-11-20,1.580314e+06,723037.0,1.154213e+06,1.6607575e+07,-1.7159117,18362.312,8021.511,12713.665,1.2742095e+07,0.034564435,478603.25
Geo7,2023-11-27,1.066116e+06,1.248523e+06,1.244248e+06,1.4352137e+07,-0.7605599,12387.637,13851.354,13705.4,1.2860884e+07,0.03545353,478603.25
Geo7,2023-12-04,556301.0,991513.0,1.021146e+06,1.6327273e+07,-1.22434,6463.888,11000.035,11247.931,1.3814663e+07,0.03464683,478603.25
Geo7,2023-12-11,1.241661e+06,1.130131e+06,1.07062e+06,1.6666667e+07,1.7177911,14427.365,12537.891,11792.887,1.2919401e+07,0.03454103,478603.25
Geo7,2023-12-18,1.351154e+06,1.638377e+06,851242.0,1.3644927e+07,-5.932314,15699.609,18176.469,9376.437,1.0850943e+07,0.03507706,478603.25
Geo7,2023-12-25,955551.0,1.376195e+06,1.499613e+06,1.5942733e+07,-0.32655257,11102.937,15267.771,16518.248,1.1634162e+07,0.035091963,478603.25
Geo7,2024-01-01,1.180166e+06,2.070876e+06,1.288762e+06,1.700437e+07,6.573517,13712.83,22974.695,14195.723,1.703352e+07,0.035159886,478603.25
Geo7,2024-01-08,1.286462e+06,1.709393e+06,682172.0,1.7936504e+07,-3.7427135,14947.927,18964.334,7514.1294,1.0224649e+07,0.03464541,478603.25
Geo7,2024-01-15,1.022284e+06,1.883241e+06,542432.0,1.6377006e+07,0.6554209,11878.335,20893.037,5974.8926,1.4559016e+07,0.034672387,478603.25
Geo8,2021-01-25,1.361902e+06,1.739335e+06,866697.0,9.989983e+06,0.5928951,15824.494,19296.516,9546.674,1.0964819e+07,0.03470028,515234.28
Geo8,2021-02-01,1.481133e+06,1.466722e+06,1.257846e+06,1.1403649e+07,5.28395,17209.889,16272.096,13855.183,1.2006535e+07,0.034705494,515234.28
Geo8,2021-02-08,928949.0,1.782703e+06,1.809023e+06,1.2010033e+07,2.624165,10793.837,19777.65,19926.402,1.2588788e+07,0.03517481,515234.28
Geo8,2021-02-15,644294.0,1.346024e+06,1.072282e+06,1.1220933e+07,-5.1799483,7486.3145,14933.049,11811.194,8.0314985e+06,0.035228305,515234.28
Geo8,2021-02-22,1.186043e+06,1.274417e+06,686056.0,1.3023425e+07,-2.9910402,13781.117,14138.627,7556.9116,1.0289922e+07,0.035206966,515234.28
Geo8,2021-03-01,1.199872e+06,913045.0,934332.0,1.4745296e+07,-2.4948502,13941.802,10129.496,10291.674,9.383799e+06,0.035395958,515234.28
Geo8,2021-03-08,887892.0,934751.0,1.271118e+06,1.5667443e+07,3.278959,10316.779,10370.307,14001.374,1.2618059e+07,0.035231363,515234.28
Geo8,2021-03-15,878363.0,1.158355e+06,762228.0,1.5124206e+07,-3.9437814,10206.058,12851.013,8395.947,9.720731e+06,0.035208303,515234.28
Geo8,2021-03-22,1.484938e+06,1.964875e+06,179975.0,1.6922588e+07,4.0964994,17254.1,21798.701,1982.4259,1.2759838e+07,0.035459373,515234.28
Geo8,2021-03-29,1.402454e+06,690376.0,1.00618e+06,1.4134024e+07,2.3959284,16295.685,7659.164,11083.08,1.3873703e+07,0.034894265,515234.28
Geo8,2021-04-05,1.369089e+06,1.615895e+06,1.558617e+06,1.600732e+07,4.2524486,15908.003,17927.049,17168.178,1.5408548e+07,0.03510303,515234.28
Geo8,2021-04-12,1.27565e+06,1.34122e+06,1.420994e+06,1.6176205e+07,-1.1094705,14822.298,14879.752,15652.259,1.3276409e+07,0.034673825,515234.28
Geo8,2021-04-19,1.927761e+06,1.636137e+06,1.28877e+06,1.6665277e+07,-0.647339,22399.441,18151.617,14195.811,1.1253983e+07,0.035357993,515234.28
Geo8,2021-04-26,194994.0,1.059154e+06,649543.0,1.6245175e+07,-6.266182,2265.7148,11750.458,7154.7207,9.652834e+06,0.034684934,515234.28
Geo8,2021-05-03,424068.0,1.136796e+06,959366.0,1.6718753e+07,-6.1964626,4927.419,12611.833,10567.424,9.666358e+06,0.03526662,515234.28
Geo8,2021-05-10,809391.0,1.317929e+06,1.34206e+06,1.6696799e+07,-1.193085,9404.644,14621.357,14782.801,1.38985e+07,0.035431717,515234.28
Geo8,2021-05-17,838664.0,1.409988e+06,656836.0,1.3417788e+07,-0.78364474,9744.779,15642.678,7235.053,1.1413663e+07,0.03501323,515234.28
Geo8,2021-05-24,1.264837e+06,1.409289e+06,1.099079e+06,1.458485e+07,1.1022873,14696.657,15634.923,12106.363,1.0669196e+07,0.034835882,515234.28
Geo8,2021-05-31,892378.0,1.559405e+06,1.70806e+06,1.4539953e+07,-2.7696226,10368.903,17300.338,18814.293,1.1914612e+07,0.03487179,515234.28
Geo8,2021-06-07,1.696286e+06,1.40431e+06,1.12979e+06,1.5086979e+07,0.8889397,19709.838,15579.685,12444.6455,1.3782136e+07,0.03466343,515234.28
Geo8,2021-06-14,99593.0,1.844001e+06,662202.0,1.5789792e+07,3.0227714,1157.2117,20457.701,7294.1597,1.528634e+07,0.034805633,515234.28
Geo8,2021-06-21,889646.0,1.869061e+06,976009.0,1.524191e+07,1.327452,10337.159,20735.72,10750.746,1.1774202e+07,0.034780215,515234.28
Geo8,2021-06-28,1.523821e+06,1.72782e+06,772810.0,1.4991499e+07,1.4728643,17705.896,19168.768,8512.508,1.5556374e+07,0.03529841,515234.28
Geo8,2021-07-05,953287.0,1.768193e+06,943276.0,1.5977918e+07,1.8962667,11076.63,19616.672,10390.192,1.4441378e+07,0.035312124,515234.28
Geo8,2021-07-12,816110.0,1.862116e+06,1.407288e+06,1.6330997e+07,5.34391,9482.715,20658.672,15501.287,1.7065214e+07,0.035312258,515234.28
Geo8,2021-07-19,972771.0,1.36194e+06,1.236352e+06,1.3177871e+07,1.8415062,11303.022,15109.624,13618.427,1.4801015e+07,0.035246048,515234.28
Geo8,2021-07-26,1.493934e+06,1.147451e+06,1.27133e+06,1.7016988e+07,3.9003787,17358.629,12730.042,14003.709,1.4760383e+07,0.03493793,515234.28
Geo8,2021-08-02,635625.0,1.472489e+06,1.19983e+06,1.6443324e+07,2.711775,7385.586,16336.076,13216.136,1.3920064e+07,0.034938544,515234.28
Geo8,2021-08-09,449825.0,1.104372e+06,594617.0,1.3780101e+07,2.4985178,5226.7,12252.115,6549.7104,1.2709135e+07,0.03480382,515234.28
Geo8,2021-08-16,862414.0,1.860992e+06,822695.0,1.6341331e+07,0.8206171,10020.74,20646.203,9061.991,1.2901758e+07,0.035123486,515234.28
Geo8,2021-08-23,1.514124e+06,1.053547e+06,1.051441e+06,1.755474e+07,-0.6742797,17593.225,11688.253,11581.63,1.2735388e+07,0.03487739,515234.28
Geo8,2021-08-30,1.01395e+06,1.043178e+06,1.462608e+06,1.7015792e+07,1.0440661,11781.498,11573.217,16110.638,1.2852348e+07,0.034692783,515234.28
Geo8,2021-09-06,1.48004e+06,1.257723e+06,1.199139e+06,1.5860829e+07,-1.6386225,17197.188,13953.421,13208.524,1.136227e+07,0.035131004,515234.28
Geo8,2021-09-13,1.510608e+06,1.841562e+06,437700.0,1.5570475e+07,1.1336415,17552.371,20430.643,4821.2686,1.4415559e+07,0.034544863,515234.28
Geo8,2021-09-20,1.611791e+06,1.929549e+06,741800.0,1.2741954e+07,2.7547362,18728.057,21406.787,8170.9326,1.4318503e+07,0.035496317,515234.28
Geo8,2021-09-27,1.23869e+06,1.311817e+06,1.907849e+06,1.5409099e+07,-0.9163922,14392.844,14553.55,21014.97,9.898421e+06,0.034941386,515234.28
Geo8,2021-10-04,1.182537e+06,1.735024e+06,886443.0,1.5472874e+07,1.6423497,13740.38,19248.69,9764.176,1.2942164e+07,0.03536483,515234.28
Geo8,2021-10-11,770709.0,1.715629e+06,933665.0,1.8324056e+07,-3.3760142,8955.182,19033.518,10284.327,1.1103793e+07,0.034582697,515234.28
Geo8,2021-10-18,911053.0,1.393983e+06,818079.0,1.5905834e+07,0.027652603,10585.896,15465.115,9011.146,1.2155669e+07,0.035418767,515234.28
Geo8,2021-10-25,850615.0,1.963325e+06,967173.0,1.5427024e+07,-0.33583343,9883.643,21781.504,10653.418,1.4432198e+07,0.03482063,515234.28
Geo8,2021-11-01,1.401326e+06,990507.0,236138.0,1.5949455e+07,3.5209808,16282.578,10988.875,2601.0618,1.3886124e+07,0.03499451,515234.28
Geo8,2021-11-08,746086.0,1.308581e+06,870401.0,1.3891488e+07,1.3216357,8669.077,14517.648,9587.474,1.2400611e+07,0.035090942,515234.28
Geo8,2021-11-15,877591.0,1.289386e+06,1.839536e+06,1.4785246e+07,2.0151598,10197.088,14304.696,20262.502,1.5498044e+07,0.034697697,515234.28
Geo8,2021-11-22,1.240124e+06,1.041262e+06,734858.0,1.505233e+07,1.6141443,14409.506,11551.961,8094.4663,1.3145904e+07,0.035302673,515234.28
Geo8,2021-11-29,1.640158e+06,1.215797e+06,363402.0,1.5907149e+07,2.7627623,19057.664,13488.285,4002.8757,1.480898e+07,0.034876067,515234.28
Geo8,2021-12-06,1.014687e+06,1.231815e+06,1.196018e+06,1.584711e+07,-0.8301717,11790.062,13665.992,13174.146,9.852924e+06,0.035490196,515234.28
Geo8,2021-12-13,1.106334e+06,1.1194e+06,1.123516e+06,1.3849788e+07,-3.0862577,12854.945,12418.839,12375.537,1.210281e+07,0.034806207,515234.28
Geo8,2021-12-20,1.841416e+06,1.688144e+06,1.52795e+06,1.6566426e+07,6.396917,21396.164,18728.594,16830.38,1.6441816e+07,0.035000034,515234.28
Geo8,2021-12-27,821246.0,1.624285e+06,716401.0,1.7482418e+07,-1.5711894,9542.392,18020.129,7891.162,1.1200846e+07,0.03453852,515234.28
Geo8,2022-01-03,1.184348e+06,1.246887e+06,1.271879e+06,1.5888551e+07,-2.2336535,13761.422,13833.204,14009.757,1.022111e+07,0.034952514,515234.28
Geo8,2022-01-10,868473.0,1.73839e+06,367399.0,1.5088161e+07,2.3055477,10091.142,19286.033,4046.9026,1.2941678e+07,0.03531841,515234.28
Geo8,2022-01-17,1.434917e+06,2.300224e+06,1.396294e+06,1.6372888e+07,0.7609664,16672.885,25519.127,15380.188,1.2239361e+07,0.03469117,515234.28
Geo8,2022-01-24,1.344519e+06,1.683386e+06,1.113571e+06,1.6176445e+07,1.8562248,15622.515,18675.807,12265.992,1.3515035e+07,0.03505024,515234.28
Geo8,2022-01-31,1.471817e+06,1.347327e+06,1.341314e+06,1.8081814e+07,-0.70445657,17101.643,14947.505,14774.583,1.1185671e+07,0.035179436,515234.28
Geo8,2022-02-07,1.388452e+06,1.704783e+06,522628.0,1.6370782e+07,1.5125294,16132.99,18913.19,5756.7515,1.3260502e+07,0.03474588,515234.28
Geo8,2022-02-14,1.62122e+06,1.414892e+06,1.113555e+06,1.6209548e+07,0.34591618,18837.615,15697.084,12265.816,1.4706057e+07,0.03528089,515234.28
Geo8,2022-02-21,1.286208e+06,1.027336e+06,1.501375e+06,1.7495628e+07,4.892353,14944.976,11397.463,16537.656,1.598004e+07,0.03485675,515234.28
Geo8,2022-02-28,1.458813e+06,779810.0,1.660649e+06,1.3346163e+07,-4.296552,16950.543,8651.362,18292.06,9.619859e+06,0.03495413,515234.28
Geo8,2022-03-07,1.398578e+06,1.282645e+06,1.03466e+06,1.7650296e+07,6.0542107,16250.648,14229.91,11396.787,1.6803232e+07,0.034521393,515234.28
Geo8,2022-03-14,776497.0,1.083005e+06,765723.0,1.5270748e+07,2.7953756,9022.436,12015.065,8434.444,1.1673162e+07,0.034713235,515234.28
Geo8,2022-03-21,460965.0,1.101807e+06,1.258578e+06,1.7116882e+07,0.28722122,5356.14,12223.658,13863.246,1.3314489e+07,0.035027117,515234.28
Geo8,2022-03-28,907146.0,1.892973e+06,1.020966e+06,1.474332e+07,2.5745747,10540.499,21001.006,11245.948,1.3346552e+07,0.035054483,515234.28
Geo8,2022-04-04,514627.0,1.099883e+06,993325.0,1.7269236e+07,-4.529769,5979.661,12202.313,10941.482,8.564982e+06,0.034691725,515234.28
Geo8,2022-04-11,1.300359e+06,1.654065e+06,1.485148e+06,1.5013366e+07,-0.012564478,15109.401,18350.516,16358.916,1.1281319e+07,0.035127982,515234.28
Geo8,2022-04-18,1.034066e+06,1.222325e+06,872610.0,1.4666896e+07,1.8615289,12015.234,13560.708,9611.806,1.2232769e+07,0.035278644,515234.28
Geo8,2022-04-25,723831.0,1.40525e+06,1.352746e+06,1.5152996e+07,1.6316497,8410.487,15590.113,14900.507,1.3211509e+07,0.03458264,515234.28
Geo8,2022-05-02,1.655865e+06,1.19916e+06,827739.0,1.5247467e+07,-1.2673763,19240.17,13303.711,9117.551,1.2785837e+07,0.03505968,515234.28
Geo8,2022-05-09,1.262753e+06,1.657229e+06,1.217651e+06,1.3919093e+07,3.4110599,14672.442,18385.617,13412.435,1.6312365e+07,0.035233207,515234.28
Geo8,2022-05-16,1.567195e+06,2.340478e+06,1.109342e+06,1.6106604e+07,-3.336574,18209.877,25965.713,12219.41,8.617511e+06,0.034717746,515234.28
Geo8,2022-05-23,1.712993e+06,1.333092e+06,1.002286e+06,1.5804949e+07,2.5018768,19903.965,14789.579,11040.1875,1.22623e+07,0.034759074,515234.28
Geo8,2022-05-30,1.446307e+06,1.801119e+06,1.647563e+06,1.741754e+07,-2.7151575,16805.23,19981.96,18147.918,1.171019e+07,0.034726467,515234.28
Geo8,2022-06-06,1.41006e+06,1.305584e+06,1.495427e+06,1.5021097e+07,0.57004374,16384.062,14484.399,16472.139,1.3282087e+07,0.03466805,515234.28
Geo8,2022-06-13,802873.0,1.007771e+06,814069.0,1.7105514e+07,-0.4343477,9328.909,11180.405,8966.976,1.1569276e+07,0.035139214,515234.28
Geo8,2022-06-20,931561.0,910501.0,963118.0,1.594104e+07,-6.7781754,10824.1875,10101.273,10608.752,7.7419245e+06,0.035084605,515234.28
Geo8,2022-06-27,698491.0,1.845079e+06,1.395038e+06,1.6382547e+07,-4.7028127,8116.052,20469.66,15366.354,9.694573e+06,0.035307553,515234.28
Geo8,2022-07-04,1.654098e+06,1.586812e+06,1.362864e+06,1.4821897e+07,-0.99568486,19219.639,17604.396,15011.957,1.1755235e+07,0.035395443,515234.28
Geo8,2022-07-11,1.203085e+06,1.419304e+06,916498.0,1.4464764e+07,2.3147624,13979.135,15746.031,10095.232,1.3679376e+07,0.034854554,515234.28
Geo8,2022-07-18,1.079583e+06,1.484493e+06,1.442714e+06,1.6206961e+07,0.028532557,12544.115,16469.25,15891.505,1.3305805e+07,0.03467068,515234.28
Geo8,2022-07-25,1.115291e+06,1.786523e+06,439339.0,1.4954088e+07,1.6907959,12959.0205,19820.03,4839.3223,1.3214172e+07,0.034616265,515234.28
Geo8,2022-08-01,1.620652e+06,1.536131e+06,1.315766e+06,1.5023288e+07,-0.7254974,18831.016,17042.133,14493.172,1.2917055e+07,0.0349587,515234.28
Geo8,2022-08-08,1.133956e+06,2.192026e+06,2.041661e+06,1.69595e+07,1.0100566,13175.897,24318.758,22488.91,1.2809643e+07,0.035173662,515234.28
Geo8,2022-08-15,977889.0,1.844742e+06,456882.0,1.6954512e+07,-1.821231,11362.491,20465.922,5032.5586,1.0303449e+07,0.034702193,515234.28
Geo8,2022-08-22,1.49452e+06,1.571224e+06,1.139181e+06,1.4342838e+07,0.20351005,17365.438,17431.46,12548.087,1.1158474e+07,0.034916606,515234.28
Geo8,2022-08-29,949655.0,1.458961e+06,1.199651e+06,1.5315175e+07,2.9510083,11034.429,16185.993,13214.164,1.4973434e+07,0.034971215,515234.28
Geo8,2022-09-05,1.338584e+06,1.862361e+06,730657.0,1.704484e+07,4.0377803,15553.553,20661.39,8048.1924,1.5687335e+07,0.034690075,515234.28
Geo8,2022-09-12,970736.0,601707.0,832022.0,1.5350015e+07,-3.606164,11279.377,6675.453,9164.729,9.237436e+06,0.03477538,515234.28
Geo8,2022-09-19,674481.0,1.463145e+06,1.072316e+06,1.7833694e+07,-5.1651096,7837.07,16232.411,11811.568,8.82264e+06,0.035388455,515234.28
Geo8,2022-09-26,560787.0,1.319697e+06,1.32963e+06,1.4155713e+07,-2.4960976,6516.0127,14640.972,14645.884,9.621082e+06,0.03517501,515234.28
Geo8,2022-10-03,1.35195e+06,936826.0,1.882313e+06,1.70207e+07,1.34147,15708.858,10393.327,20733.691,1.3125201e+07,0.035052452,515234.28
Geo8,2022-10-10,1.776556e+06,2.004852e+06,1.256687e+06,1.5945046e+07,3.5230014,20642.53,22242.213,13842.416,1.4735424e+07,0.035436902,515234.28
Geo8,2022-10-17,921117.0,820832.0,818951.0,1.5943516e+07,1.2878274,10702.834,9106.468,9020.751,1.584151e+07,0.03504155,515234.28
Geo8,2022-10-24,1.15428e+06,1.455e+06,1.522979e+06,1.4408527e+07,4.405478,13412.05,16142.05,16775.625,1.6129193e+07,0.034512427,515234.28
Geo8,2022-10-31,1.370588e+06,1.850778e+06,1.444934e+06,1.5115666e+07,4.115385,15925.421,20532.887,15915.959,1.4987924e+07,0.035278823,515234.28
Geo8,2022-11-07,1.347402e+06,1.798857e+06,769866.0,1.5714168e+07,3.410991,15656.013,19956.865,8480.079,1.3382183e+07,0.035398543,515234.28
Geo8,2022-11-14,1.421624e+06,1.681436e+06,627141.0,1.673645e+07,-3.5133681,16518.43,18654.174,6907.963,9.703796e+06,0.035228483,515234.28
Geo8,2022-11-21,1.531931e+06,1.155556e+06,1.438796e+06,1.7013674e+07,1.4824653,17800.13,12819.96,15848.349,1.3262579e+07,0.034929324,515234.28
Geo8,2022-11-28,901054.0,871085.0,1.318866e+06,1.4324352e+07,-3.258723,10469.714,9663.984,14527.318,8.723333e+06,0.035349626,515234.28
Geo8,2022-12-05,1.174986e+06,1.830978e+06,1.231822e+06,1.6847382e+07,4.8018537,13652.642,20313.22,13568.528,1.5878497e+07,0.035236947,515234.28
Geo8,2022-12-12,1.54642e+06,1.740721e+06,1.22501e+06,1.9604076e+07,1.7915078,17968.484,19311.893,13493.494,1.2682625e+07,0.03540018,515234.28
Geo8,2022-12-19,1.394342e+06,1.522683e+06,1.666988e+06,1.4397188e+07,-0.59671986,16201.428,16892.938,18361.885,1.2775022e+07,0.035235777,515234.28
Geo8,2022-12-26,1.556335e+06,1.674747e+06,1.036407e+06,1.5309766e+07,1.52632,18083.691,18579.965,11416.03,1.481342e+07,0.034871746,515234.28
Geo8,2023-01-02,1.023476e+06,1.33816e+06,1.160007e+06,1.5658056e+07,1.8375202,11892.185,14845.804,12777.485,1.3811543e+07,0.035100408,515234.28
Geo8,2023-01-09,1.270874e+06,1.595493e+06,1.091688e+06,1.5423557e+07,5.212494,14766.803,17700.705,12024.951,1.7450756e+07,0.035174813,515234.28
Geo8,2023-01-16,971281.0,1.088229e+06,923674.0,1.5163604e+07,-0.92830086,11285.71,12073.021,10174.275,1.3168632e+07,0.03525989,515234.28
Geo8,2023-01-23,760676.0,1.118916e+06,1.107273e+06,1.368264e+07,0.98664236,8838.6045,12413.469,12196.62,1.3282309e+07,0.03462441,515234.28
Geo8,2023-01-30,755824.0,1.036404e+06,1.608966e+06,1.5833573e+07,1.0586716,8782.228,11498.065,17722.771,1.0606286e+07,0.03527413,515234.28
Geo8,2023-02-06,1.438571e+06,608229.0,1.221982e+06,1.6183436e+07,-4.015169,16715.344,6747.8096,13460.141,1.0570801e+07,0.034838982,515234.28
Geo8,2023-02-13,1.350218e+06,1.832236e+06,800473.0,1.554583e+07,0.6118285,15688.733,20327.178,8817.216,1.1977846e+07,0.035006624,515234.28
Geo8,2023-02-20,938353.0,1.472049e+06,1.208858e+06,1.4607809e+07,2.3133483,10903.106,16331.194,13315.58,1.3191534e+07,0.034755502,515234.28
Geo8,2023-02-27,745053.0,1.644299e+06,913402.0,1.515406e+07,-4.0661216,8657.074,18242.168,10061.13,8.3569475e+06,0.034869645,515234.28
Geo8,2023-03-06,1.451299e+06,1.108289e+06,1.809159e+06,1.4147943e+07,0.3573358,16863.234,12295.571,19927.9,1.2299189e+07,0.035486914,515234.28
Geo8,2023-03-13,1.233585e+06,1.437948e+06,792967.0,1.5738413e+07,-3.6600718,14333.527,15952.871,8734.537,8.673377e+06,0.034999765,515234.28
Geo8,2023-03-20,1.365486e+06,1.454183e+06,822322.0,1.6772167e+07,2.7664752,15866.139,16132.985,9057.883,1.4962713e+07,0.03461757,515234.28
Geo8,2023-03-27,1.63876e+06,2.001078e+06,1.005207e+06,1.7576374e+07,1.8250272,19041.42,22200.344,11072.362,1.2771383e+07,0.035213664,515234.28
Geo8,2023-04-03,1.647664e+06,1.453044e+06,582928.0,1.7532436e+07,-4.3685236,19144.879,16120.35,6420.956,9.999386e+06,0.035223737,515234.28
Geo8,2023-04-10,1.155728e+06,2.351591e+06,1.006792e+06,1.6638602e+07,2.7780957,13428.875,26089.002,11089.821,1.2938536e+07,0.034650426,515234.28
Geo8,2023-04-17,1.538826e+06,949910.0,826687.0,1.6380391e+07,-2.0411415,17880.246,10538.484,9105.963,1.1341609e+07,0.034655172,515234.28
Geo8,2023-04-24,1.171272e+06,1.416534e+06,274315.0,1.4948396e+07,1.5878122,13609.487,15715.3,3021.5818,1.1874284e+07,0.03543039,515234.28
Geo8,2023-05-01,1.142905e+06,1.18247e+06,1.171222e+06,1.735265e+07,-5.445258,13279.879,13118.549,12901.019,8.57556e+06,0.03463402,515234.28
Geo8,2023-05-08,1.316478e+06,988728.0,1.406441e+06,1.5968401e+07,-10.441645,15296.694,10969.139,15491.958,7.4575305e+06,0.03467893,515234.28
Geo8,2023-05-15,1.369217e+06,1.436509e+06,732807.0,1.6988246e+07,-3.0081596,15909.49,15936.906,8071.8745,9.754101e+06,0.034711864,515234.28
Geo8,2023-05-22,615685.0,1.165599e+06,1.190838e+06,1.7257526e+07,-0.05924557,7153.895,12931.379,13117.089,1.2064919e+07,0.034553472,515234.28
Geo8,2023-05-29,577494.0,1.617404e+06,1.09442e+06,1.5044122e+07,-0.42676905,6710.138,17943.791,12055.044,1.3374226e+07,0.03474896,515234.28
Geo8,2023-06-05,806620.0,1.233411e+06,930311.0,1.5249444e+07,-0.08994427,9372.446,13683.698,10247.383,1.2753306e+07,0.03529837,515234.28
Geo8,2023-06-12,1.265277e+06,1.369381e+06,1.255851e+06,1.5672381e+07,-5.301443,14701.77,15192.176,13833.208,9.700658e+06,0.035437364,515234.28
Geo8,2023-06-19,651729.0,723343.0,996920.0,1.4875491e+07,-1.3923278,7572.705,8024.9062,10981.081,1.1903204e+07,0.035056088,515234.28
Geo8,2023-06-26,953407.0,1.387868e+06,973435.0,1.3723467e+07,4.7501497,11078.024,15397.274,10722.394,1.3731327e+07,0.034768816,515234.28
Geo8,2023-07-03,1.564787e+06,1.307459e+06,932706.0,1.4359001e+07,4.7020135,18181.898,14505.201,10273.764,1.5882555e+07,0.035337724,515234.28
Geo8,2023-07-10,771076.0,1.250306e+06,1.116787e+06,1.4552385e+07,0.31791037,8959.446,13871.135,12301.417,1.1227267e+07,0.034900993,515234.28
Geo8,2023-07-17,1.031986e+06,1.211507e+06,1.164995e+06,1.4477233e+07,2.1904054,11991.066,13440.691,12832.429,1.4906672e+07,0.035035647,515234.28
Geo8,2023-07-24,652546.0,1.035399e+06,1.27274e+06,1.4479167e+07,2.3836625,7582.198,11486.915,14019.24,1.3482454e+07,0.0349765,515234.28
Geo8,2023-07-31,838415.0,1.750984e+06,1.020244e+06,1.3680539e+07,1.7995362,9741.886,19425.752,11237.995,1.4195689e+07,0.035226695,515234.28
Geo8,2023-08-07,691984.0,1.482924e+06,761044.0,1.5787748e+07,-1.5585527,8040.4443,16451.844,8382.905,1.0782455e+07,0.034636077,515234.28
Geo8,2023-08-14,1.256579e+06,1.671825e+06,1.72157e+06,1.4428728e+07,-1.1245847,14600.704,18547.547,18963.105,1.12094e+07,0.03471873,515234.28
Geo8,2023-08-21,1.522744e+06,1.849504e+06,1.441049e+06,1.3273688e+07,-0.23228891,17693.383,20518.752,15873.165,1.1817347e+07,0.03513317,515234.28
Geo8,2023-08-28,1.196225e+06,1.929024e+06,1.147667e+06,1.4165988e+07,3.9444275,13899.426,21400.963,12641.561,1.4794268e+07,0.034830894,515234.28
Geo8,2023-09-04,1.150098e+06,1.542002e+06,891191.0,1.4670354e+07,0.30737096,13363.458,17107.266,9816.476,1.1755779e+07,0.035322152,515234.28
Geo8,2023-09-11,1.706176e+06,1.343312e+06,1.597769e+06,1.5381437e+07,1.5427155,19824.754,14902.961,17599.438,1.2366346e+07,0.03479061,515234.28
Geo8,2023-09-18,1.264682e+06,1.912693e+06,445947.0,1.6657773e+07,0.45791396,14694.855,21219.783,4912.1094,1.2548128e+07,0.034779705,515234.28
Geo8,2023-09-25,1.749605e+06,1.561843e+06,740776.0,1.5188228e+07,3.3670113,20329.373,17327.387,8159.653,1.4367922e+07,0.03510634,515234.28
Geo8,2023-10-02,1.282992e+06,1.524656e+06,1.107642e+06,1.376244e+07,0.045319077,14907.607,16914.826,12200.685,1.1289496e+07,0.03539737,515234.28
Geo8,2023-10-09,544848.0,1.563203e+06,1.110975e+06,1.5095474e+07,-2.376847,6330.811,17342.475,12237.397,1.1880618e+07,0.035419147,515234.28
Geo8,2023-10-16,1.060956e+06,1.714065e+06,1.275762e+06,1.7470664e+07,-0.101753086,12327.681,19016.166,14052.527,1.2927425e+07,0.034509573,515234.28
Geo8,2023-10-23,758342.0,1.879304e+06,1.206142e+06,1.5148082e+07,-2.688211,8811.484,20849.36,13285.663,8.3510665e+06,0.034843367,515234.28
Geo8,2023-10-30,631482.0,1.696039e+06,702390.0,1.5341874e+07,0.101281285,7337.447,18816.182,7736.831,1.4655926e+07,0.035301927,515234.28
Geo8,2023-11-06,675414.0,1.244523e+06,716337.0,1.6029753e+07,2.8280056,7847.9106,13806.978,7890.457,1.3619369e+07,0.035284054,515234.28
Geo8,2023-11-13,601910.0,1.411014e+06,1.19739e+06,1.3936128e+07,1.1297846,6993.838,15654.061,13189.26,1.3240888e+07,0.034937367,515234.28
Geo8,2023-11-20,1.20664e+06,1.24814e+06,1.13677e+06,1.6628743e+07,-3.4420602,14020.442,13847.1045,12521.53,1.0792022e+07,0.035453998,515234.28
Geo8,2023-11-27,1.449626e+06,1.656725e+06,742303.0,1.4223741e+07,1.9984413,16843.795,18380.025,8176.473,1.3947168e+07,0.035266723,515234.28
Geo8,2023-12-04,925050.0,566830.0,718851.0,1.6501703e+07,-2.607654,10748.533,6288.521,7918.149,1.2278599e+07,0.034817286,515234.28
Geo8,2023-12-11,923777.0,1.528807e+06,1.020867e+06,1.6265683e+07,-1.5510962,10733.741,16960.879,11244.857,1.0141608e+07,0.03547524,515234.28
Geo8,2023-12-18,1.150334e+06,1.190897e+06,938470.0,1.3393668e+07,-5.44795,13366.2,13212.04,10337.254,9.876241e+06,0.03463059,515234.28
Geo8,2023-12-25,1.326227e+06,1.943782e+06,1.146903e+06,1.6075918e+07,-3.082434,15409.973,21564.691,12633.145,8.541198e+06,0.034955353,515234.28
Geo8,2024-01-01,995383.0,1.847923e+06,1.632307e+06,1.6698102e+07,-1.0137196,11565.761,20501.213,17979.873,1.1798803e+07,0.035479162,515234.28
Geo8,2024-01-08,1.416411e+06,1.891856e+06,1.07454e+06,1.8512376e+07,2.5785618,16457.857,20988.613,11836.065,1.3001612e+07,0.035339296,515234.28
Geo8,2024-01-15,1.047159e+06,1.650565e+06,722660.0,1.6400165e+07,4.0609827,12167.367,18311.686,7960.105,1.5315159e+07,0.035209563,515234.28
Geo9,2021-01-25,1.067375e+06,1.032727e+06,630702.0,8.009548e+06,-0.11354141,12402.266,11457.271,6947.187,8.283077e+06,0.034839373,418599.44
Geo9,2021-02-01,696140.0,1.104474e+06,955369.0,9.267351e+06,-0.056892194,8088.7344,12253.247,10523.396,7.3756785e+06,0.03507931,418599.44
Geo9,2021-02-08,1.07841e+06,1.398586e+06,1.158003e+06,1.0184008e+07,2.2683706,12530.485,15516.182,12755.411,1.0626742e+07,0.03457563,418599.44
Geo9,2021-02-15,611762.0,825855.0,990943.0,9.428474e+06,1.383528,7108.312,9162.194,10915.244,1.0485912e+07,0.03506685,418599.44
Geo9,2021-02-22,689206.0,885611.0,868021.0,1.0222994e+07,4.146315,8008.1655,9825.139,9561.258,1.2373826e+07,0.0347509,418599.44
Geo9,2021-03-01,927192.0,802841.0,1.111597e+06,1.1935764e+07,0.104089215,10773.422,8906.872,12244.249,9.071353e+06,0.035426725,418599.44
Geo9,2021-03-08,1.034119e+06,784191.0,1.207824e+06,1.2907773e+07,1.4849763,12015.851,8699.966,13304.19,1.0321215e+07,0.03458032,418599.44
Geo9,2021-03-15,794761.0,1.381273e+06,931560.0,1.2870266e+07,0.16300781,9234.652,15324.108,10261.141,1.1010272e+07,0.034791205,418599.44
Geo9,2021-03-22,1.014429e+06,1.729629e+06,674861.0,1.4041719e+07,2.1882966,11787.064,19188.836,7433.5986,1.0631586e+07,0.03473602,418599.44
Geo9,2021-03-29,1.090008e+06,1.426312e+06,577448.0,1.1656345e+07,-0.8765554,12665.247,15823.779,6360.5938,1.041097e+07,0.034768168,418599.44
Geo9,2021-04-05,1.401788e+06,1.440479e+06,1.31826e+06,1.3628632e+07,6.809022,16287.946,15980.95,14520.644,1.5224214e+07,0.03483199,418599.44
Geo9,2021-04-12,536174.0,1.035401e+06,777161.0,1.323582e+07,0.42079931,6230.0244,11486.9375,8560.434,1.2113026e+07,0.034606144,418599.44
Geo9,2021-04-19,1.374485e+06,1.277744e+06,721599.0,1.4050844e+07,0.55669117,15970.701,14175.537,7948.4185,1.1072033e+07,0.035133637,418599.44
Geo9,2021-04-26,519056.0,1.008667e+06,487501.0,1.3972655e+07,-0.20342842,6031.123,11190.346,5369.827,1.1531652e+07,0.035476927,418599.44
Geo9,2021-05-03,640411.0,773605.0,993651.0,1.4040146e+07,-2.492056,7441.1963,8582.522,10945.073,1.0812754e+07,0.03536985,418599.44
Geo9,2021-05-10,781546.0,1.282837e+06,1.086399e+06,1.3950266e+07,2.562241,9081.102,14232.04,11966.693,1.399341e+07,0.03481468,418599.44
Geo9,2021-05-17,1.003397e+06,1.136957e+06,320026.0,1.189917e+07,0.06625232,11658.879,12613.619,3525.0886,1.1137929e+07,0.035107594,418599.44
Geo9,2021-05-24,970548.0,988582.0,1.238902e+06,1.3115892e+07,-2.420045,11277.193,10967.519,13646.515,8.211155e+06,0.034799248,418599.44
Geo9,2021-05-31,856411.0,1.296316e+06,1.282612e+06,1.3011987e+07,-1.5787959,9950.988,14381.579,14127.98,1.1549548e+07,0.03513004,418599.44
Geo9,2021-06-07,1.098639e+06,1.179744e+06,895988.0,1.2857566e+07,1.1766342,12765.534,13088.307,9869.314,1.2701679e+07,0.03533993,418599.44
Geo9,2021-06-14,627600.0,1.447022e+06,726602.0,1.3755947e+07,-1.444174,7292.3403,16053.54,8003.5264,1.0964989e+07,0.034649156,418599.44
Geo9,2021-06-21,445608.0,1.69682e+06,567702.0,1.2986255e+07,-2.7454715,5177.701,18824.848,6253.2417,8.940227e+06,0.035203516,418599.44
Geo9,2021-06-28,1.12014e+06,1.143529e+06,1.125214e+06,1.2832721e+07,0.3643915,13015.363,12686.53,12394.24,1.3106284e+07,0.03517337,418599.44
Geo9,2021-07-05,1.095971e+06,1.207061e+06,1.098654e+06,1.389975e+07,3.2529523,12734.534,13391.366,12101.682,1.3666008e+07,0.03539121,418599.44
Geo9,2021-07-12,808572.0,1.648434e+06,943093.0,1.3752843e+07,0.6877267,9395.128,18288.043,10388.176,1.2406119e+07,0.034619533,418599.44
Geo9,2021-07-19,457948.0,752044.0,1.052177e+06,1.1046574e+07,1.0275587,5321.0845,8343.32,11589.737,1.2603525e+07,0.035332005,418599.44
Geo9,2021-07-26,1.309909e+06,926187.0,893942.0,1.4356632e+07,2.7843885,15220.367,10275.297,9846.777,1.2268623e+07,0.035303466,418599.44
Geo9,2021-08-02,1.007814e+06,1.120766e+06,899883.0,1.4248075e+07,4.1379623,11710.202,12433.993,9912.218,1.3185349e+07,0.03474078,418599.44
Geo9,2021-08-09,705177.0,1.067715e+06,679092.0,1.1605187e+07,4.270907,8193.739,11845.436,7480.203,1.2606451e+07,0.035095442,418599.44
Geo9,2021-08-16,672704.0,1.148024e+06,804251.0,1.4121807e+07,-6.0552864,7816.422,12736.398,8858.831,7.5378245e+06,0.034945413,418599.44
Geo9,2021-08-23,1.045425e+06,880800.0,899304.0,1.4772266e+07,-1.6862407,12147.22,9771.765,9905.84,1.0693067e+07,0.035125826,418599.44
Geo9,2021-08-30,680647.0,1.070187e+06,950635.0,1.4578615e+07,1.8687813,7908.715,11872.86,10471.251,1.1865533e+07,0.034914535,418599.44
Geo9,2021-09-06,921592.0,1.218267e+06,986512.0,1.2915184e+07,-2.2102277,10708.354,13515.688,10866.437,1.0137569e+07,0.035085797,418599.44
Geo9,2021-09-13,413613.0,1.591612e+06,879086.0,1.2692417e+07,2.6878328,4805.938,17657.648,9683.139,1.3941828e+07,0.034646217,418599.44
Geo9,2021-09-20,1.156479e+06,1.154564e+06,823966.0,1.0890838e+07,3.3176727,13437.601,12808.955,9075.991,1.2534471e+07,0.035463445,418599.44
Geo9,2021-09-27,955862.0,809762.0,1.151395e+06,1.200722e+07,0.13854355,11106.55,8983.655,12682.624,9.51857e+06,0.0353148,418599.44
Geo9,2021-10-04,952016.0,1.164712e+06,1.152324e+06,1.2871252e+07,2.1588466,11061.862,12921.539,12692.857,1.1407509e+07,0.034781862,418599.44
Geo9,2021-10-11,745211.0,1.697657e+06,1.020777e+06,1.4596372e+07,-1.07846,8658.91,18834.133,11243.866,1.0994988e+07,0.035291754,418599.44
Geo9,2021-10-18,606283.0,1.61269e+06,782981.0,1.2463751e+07,-1.7612541,7044.6494,17891.492,8624.541,1.0110517e+07,0.034518216,418599.44
Geo9,2021-10-25,1.357297e+06,1.411788e+06,319478.0,1.2620069e+07,-0.77589136,15770.987,15662.647,3519.0525,1.2342396e+07,0.034564216,418599.44
Geo9,2021-11-01,1.029906e+06,836810.0,21672.0,1.2810706e+07,1.3253541,11966.897,9283.73,238.71724,1.1085455e+07,0.035363685,418599.44
Geo9,2021-11-08,571092.0,444143.0,701438.0,1.1845645e+07,-3.9679623,6635.751,4927.4077,7726.3447,7.7830435e+06,0.03537747,418599.44
Geo9,2021-11-15,1.103592e+06,1.232684e+06,1.165689e+06,1.3335992e+07,2.6205058,12823.085,13675.633,12840.073,1.3749308e+07,0.03452871,418599.44
Geo9,2021-11-22,1.011528e+06,887477.0,768825.0,1.3077096e+07,0.8923104,11753.356,9845.84,8468.613,1.1405198e+07,0.034525048,418599.44
Geo9,2021-11-29,1.42417e+06,1.136207e+06,1.312759e+06,1.3332227e+07,3.566861,16548.012,12605.299,14460.05,1.4263509e+07,0.035457358,418599.44
Geo9,2021-12-06,1.528372e+06,1.108848e+06,624524.0,1.4344568e+07,3.1035376,17758.777,12301.772,6879.136,1.1430549e+07,0.034996934,418599.44
Geo9,2021-12-13,834192.0,770772.0,770020.0,1.2604194e+07,-1.0895488,9692.817,8551.093,8481.776,1.1806234e+07,0.034579065,418599.44
Geo9,2021-12-20,1.576968e+06,1.07104e+06,1.666358e+06,1.4295031e+07,-0.39510888,18323.434,11882.323,18354.945,1.0940489e+07,0.034923848,418599.44
Geo9,2021-12-27,1.213144e+06,1.256787e+06,891207.0,1.5237097e+07,-1.4028813,14096.015,13943.036,9816.651,1.0327542e+07,0.034669485,418599.44
Geo9,2022-01-03,1.162024e+06,872044.0,503361.0,1.3945188e+07,-8.813908,13502.03,9674.624,5544.525,5.2807785e+06,0.034958594,418599.44
Geo9,2022-01-10,829622.0,1.198915e+06,419636.0,1.3254164e+07,-1.1198127,9639.716,13300.993,4622.2935,9.972147e+06,0.034978587,418599.44
Geo9,2022-01-17,941466.0,1.47803e+06,761573.0,1.4301284e+07,-3.2259812,10939.277,16397.549,8388.732,8.802776e+06,0.035364006,418599.44
Geo9,2022-01-24,1.350768e+06,1.489902e+06,1.25068e+06,1.4521739e+07,9.692093,15695.124,16529.26,13776.249,1.690131e+07,0.034988638,418599.44
Geo9,2022-01-31,984140.0,1.541785e+06,1.238345e+06,1.5978812e+07,4.1061034,11435.124,17104.86,13640.379,1.2357511e+07,0.034888815,418599.44
Geo9,2022-02-07,1.447858e+06,1.383637e+06,448704.0,1.4462308e+07,3.3118424,16823.252,15350.335,4942.478,1.2665231e+07,0.035457224,418599.44
Geo9,2022-02-14,418978.0,1.583646e+06,753441.0,1.3570203e+07,1.9328117,4868.2764,17569.273,8299.158,1.3771584e+07,0.034742296,418599.44
Geo9,2022-02-21,764001.0,988276.0,924014.0,1.4300465e+07,-0.035226986,8877.239,10964.124,10178.0205,1.1511718e+07,0.035035647,418599.44
Geo9,2022-02-28,1.334767e+06,1.354101e+06,728295.0,1.1011275e+07,-2.8339288,15509.202,15022.656,8022.175,9.342983e+06,0.03520698,418599.44
Geo9,2022-03-07,897922.0,922952.0,1.049039e+06,1.3932215e+07,0.564495,10433.322,10239.406,11555.172,1.2282719e+07,0.034970906,418599.44
Geo9,2022-03-14,755142.0,1.032626e+06,796588.0,1.2031509e+07,-0.8836968,8774.303,11456.151,8774.423,8.800866e+06,0.034862652,418599.44
Geo9,2022-03-21,279490.0,563971.0,1.157386e+06,1.4049298e+07,-1.2041092,3247.5083,6256.8027,12748.615,1.1092542e+07,0.035071656,418599.44
Geo9,2022-03-28,634640.0,538912.0,625583.0,1.2073274e+07,-1.9431591,7374.141,5978.7935,6890.8013,9.245829e+06,0.034681357,418599.44
Geo9,2022-04-04,480748.0,960229.0,1.192504e+06,1.373417e+07,5.1163135,5586.007,10652.965,13135.44,1.2934681e+07,0.035123054,418599.44
Geo9,2022-04-11,1.083909e+06,1.143099e+06,1.532996e+06,1.2364336e+07,1.3777726,12594.381,12681.76,16885.963,1.0634299e+07,0.035317194,418599.44
Geo9,2022-04-18,859821.0,913272.0,1.024071e+06,1.1996621e+07,-0.8936765,9990.61,10132.015,11280.149,9.219989e+06,0.035437997,418599.44
Geo9,2022-04-25,888700.0,1.5561e+06,891968.0,1.2852827e+07,-4.2128754,10326.168,17263.672,9825.034,9.094267e+06,0.034961663,418599.44
Geo9,2022-05-02,1.135766e+06,1.075929e+06,245108.0,1.2524129e+07,-0.8852495,13196.928,11936.5625,2699.8665,1.1345027e+07,0.03540876,418599.44
Geo9,2022-05-09,979125.0,1.23813e+06,921128.0,1.189107e+07,-2.1944814,11376.853,13736.052,10146.231,1.1265327e+07,0.034867596,418599.44
Geo9,2022-05-16,1.286066e+06,1.69343e+06,1.361328e+06,1.3307772e+07,-0.10721971,14943.325,18787.238,14995.038,9.190083e+06,0.03472071,418599.44
Geo9,2022-05-23,1.340416e+06,1.242256e+06,665299.0,1.3185969e+07,8.159902,15574.84,13781.826,7328.2734,1.4209898e+07,0.034955513,418599.44
Geo9,2022-05-30,1.081467e+06,1.15719e+06,1.257629e+06,1.4788704e+07,-1.8210833,12566.006,12838.088,13852.793,1.07413e+07,0.035034504,418599.44
Geo9,2022-06-06,1.248737e+06,1.231725e+06,1.020352e+06,1.3034611e+07,0.04948528,14509.584,13664.994,11239.185,1.1587775e+07,0.035159618,418599.44
Geo9,2022-06-13,515422.0,1.264788e+06,875465.0,1.4641088e+07,-5.1389523,5988.8984,14031.801,9643.253,7.5370175e+06,0.035152562,418599.44
Geo9,2022-06-20,1.205685e+06,1.218758e+06,541111.0,1.3543432e+07,-2.9250503,14009.346,13521.136,5960.342,9.929677e+06,0.03545017,418599.44
Geo9,2022-06-27,945456.0,1.54288e+06,930140.0,1.4464386e+07,2.678352,10985.639,17117.008,10245.499,1.2730974e+07,0.03513033,418599.44
Geo9,2022-07-04,1.362728e+06,1.260214e+06,963323.0,1.308517e+07,1.2863748,15834.092,13981.056,10611.01,1.1813158e+07,0.035277292,418599.44
Geo9,2022-07-11,961178.0,1.130909e+06,410765.0,1.2453752e+07,-2.2265096,11168.319,12546.521,4524.5796,9.542903e+06,0.03464488,418599.44
Geo9,2022-07-18,663956.0,1.350895e+06,858044.0,1.3767884e+07,2.4362805,7714.7754,14987.089,9451.361,1.2912133e+07,0.035104208,418599.44
Geo9,2022-07-25,511523.0,1.696936e+06,494969.0,1.2667606e+07,1.100522,5943.594,18826.135,5452.087,1.1496291e+07,0.03486549,418599.44
Geo9,2022-08-01,1.16497e+06,1.179194e+06,1.319244e+06,1.2710167e+07,2.5024338,13536.262,13082.205,14531.482,1.2758264e+07,0.03480458,418599.44
Geo9,2022-08-08,1.242261e+06,2.079582e+06,1.26085e+06,1.4728684e+07,0.74284416,14434.337,23071.281,13888.271,1.0924907e+07,0.035134993,418599.44
Geo9,2022-08-15,750421.0,2.518197e+06,1.064865e+06,1.4332978e+07,3.3550122,8719.447,27937.361,11729.496,1.2519486e+07,0.034632206,418599.44
Geo9,2022-08-22,1.242825e+06,1.551294e+06,788138.0,1.2547719e+07,1.4623828,14440.891,17210.354,8681.346,1.1075023e+07,0.035319503,418599.44
Geo9,2022-08-29,1.02027e+06,1.283996e+06,816606.0,1.2904099e+07,1.263695,11854.933,14244.898,8994.921,1.2710286e+07,0.03511113,418599.44
Geo9,2022-09-05,1.095183e+06,1.004122e+06,832972.0,1.4615135e+07,-2.6842313,12725.378,11139.922,9175.192,1.0250128e+07,0.034889776,418599.44
Geo9,2022-09-12,604603.0,960460.0,1.072286e+06,1.3182545e+07,-0.37674335,7025.129,10655.527,11811.238,1.0176782e+07,0.03500244,418599.44
Geo9,2022-09-19,1.116812e+06,1.476978e+06,1.458242e+06,1.5662729e+07,3.2995713,12976.694,16385.877,16062.546,1.2807801e+07,0.0346364,418599.44
Geo9,2022-09-26,613275.0,1.195301e+06,729838.0,1.2455198e+07,-5.725504,7125.892,13260.898,8039.171,7.272782e+06,0.035094216,418599.44
Geo9,2022-10-03,886778.0,779336.0,1.393987e+06,1.4206006e+07,-0.3681684,10303.835,8646.104,15354.777,1.1059446e+07,0.03532344,418599.44
Geo9,2022-10-10,1.17204e+06,1.144637e+06,954792.0,1.3542911e+07,-5.268272,13618.41,12698.822,10517.041,8.0748345e+06,0.035388652,418599.44
Geo9,2022-10-17,1.330047e+06,847814.0,978380.0,1.3362712e+07,0.31034356,15454.358,9405.812,10776.863,1.3918545e+07,0.03488427,418599.44
Geo9,2022-10-24,978412.0,822470.0,1.142308e+06,1.2770821e+07,-5.292353,11368.568,9124.64,12582.531,9.201463e+06,0.035278242,418599.44
Geo9,2022-10-31,851396.0,1.498869e+06,1.146235e+06,1.3133647e+07,0.56358135,9892.717,16628.74,12625.787,1.0818594e+07,0.03532922,418599.44
Geo9,2022-11-07,1.363198e+06,1.277688e+06,164790.0,1.3522676e+07,4.330891,15839.554,14174.916,1815.1631,1.2527637e+07,0.03502733,418599.44
Geo9,2022-11-14,746236.0,1.188784e+06,430737.0,1.4246307e+07,-0.5990884,8670.82,13188.598,4744.5713,9.913098e+06,0.03532431,418599.44
Geo9,2022-11-21,1.409027e+06,1.274e+06,1.369074e+06,1.4639758e+07,0.46780252,16372.06,14134.001,15080.36,1.1517753e+07,0.03539684,418599.44
Geo9,2022-11-28,737058.0,1.264007e+06,1.130078e+06,1.2313601e+07,-2.8326173,8564.178,14023.137,12447.817,8.1139155e+06,0.035392083,418599.44
Geo9,2022-12-05,951592.0,1.58194e+06,1.244864e+06,1.3953641e+07,-1.7775941,11056.936,17550.346,13712.186,1.1099585e+07,0.03453145,418599.44
Geo9,2022-12-12,893147.0,1.514537e+06,644451.0,1.6665634e+07,-3.1572542,10377.839,16802.564,7098.6323,8.753701e+06,0.035084274,418599.44
Geo9,2022-12-19,1.009174e+06,1.027929e+06,1.142331e+06,1.1760857e+07,1.0095246,11726.004,11404.042,12582.784,1.2147837e+07,0.03526013,418599.44
Geo9,2022-12-26,1.093836e+06,1.120718e+06,504016.0,1.2787826e+07,0.49125242,12709.727,12433.461,5551.7397,1.2926888e+07,0.035130873,418599.44
Geo9,2023-01-02,662220.0,1.367448e+06,812302.0,1.3087881e+07,-5.8441296,7694.604,15170.73,8947.513,7.786492e+06,0.034717698,418599.44
Geo9,2023-01-09,1.355718e+06,690876.0,689210.0,1.2414373e+07,1.0366029,15752.641,7664.711,7591.6533,1.3113949e+07,0.034731753,418599.44
Geo9,2023-01-16,915512.0,1.281392e+06,964362.0,1.3052985e+07,0.24437906,10637.707,14216.009,10622.454,1.2479692e+07,0.034621216,418599.44
Geo9,2023-01-23,1.00835e+06,981181.0,723342.0,1.1389967e+07,4.82541,11716.43,10885.41,7967.617,1.4210332e+07,0.034619335,418599.44
Geo9,2023-01-30,102296.0,714464.0,1.514518e+06,1.3652435e+07,1.5973356,1188.6189,7926.401,16682.428,9.88804e+06,0.03474416,418599.44
Geo9,2023-02-06,1.174959e+06,1.146132e+06,1.281277e+06,1.3546825e+07,-1.5109982,13652.327,12715.408,14113.275,1.1530061e+07,0.03466151,418599.44
Geo9,2023-02-13,791165.0,1.521026e+06,738688.0,1.273582e+07,-2.5643947,9192.869,16874.555,8136.654,9.137416e+06,0.035093077,418599.44
Geo9,2023-02-20,1.01812e+06,1.15009e+06,530962.0,1.2174857e+07,-1.4972782,11829.951,12759.319,5848.5503,9.309779e+06,0.03531083,418599.44
Geo9,2023-02-27,1.01181e+06,949079.0,341229.0,1.2978294e+07,2.1315453,11756.633,10529.265,3758.64,1.081126e+07,0.035064805,418599.44
Geo9,2023-03-06,1.66626e+06,1.093191e+06,1.348709e+06,1.2472873e+07,-0.65206164,19360.955,12128.071,14856.039,1.0414951e+07,0.03493624,418599.44
Geo9,2023-03-13,989999.0,844252.0,766005.0,1.3447614e+07,1.9572183,11503.202,9366.294,8437.551,1.1052187e+07,0.03468945,418599.44
Geo9,2023-03-20,1.135644e+06,1.420037e+06,669604.0,1.470054e+07,-3.6386356,13195.511,15754.163,7375.693,9.650933e+06,0.034589272,418599.44
Geo9,2023-03-27,1.213582e+06,1.545181e+06,848656.0,1.4566265e+07,3.7956927,14101.1045,17142.535,9347.952,1.2501551e+07,0.034891073,418599.44
Geo9,2023-04-03,1.33283e+06,1.526133e+06,899062.0,1.4685191e+07,1.874367,15486.695,16931.213,9903.175,1.2749905e+07,0.034673028,418599.44
Geo9,2023-04-10,878392.0,1.623096e+06,959399.0,1.4621362e+07,1.903057,10206.395,18006.94,10567.787,1.1460871e+07,0.03457515,418599.44
Geo9,2023-04-17,1.056605e+06,1.16882e+06,954946.0,1.4122877e+07,0.61221546,12277.124,12967.113,10518.737,1.1803103e+07,0.03477944,418599.44
Geo9,2023-04-24,1.441092e+06,992582.0,912370.0,1.3175924e+07,2.060133,16744.635,11011.8955,10049.762,1.1599547e+07,0.03547784,418599.44
Geo9,2023-05-01,1.10776e+06,1.465407e+06,1.376676e+06,1.5255852e+07,-0.19716278,12871.515,16257.507,15164.096,1.1165154e+07,0.03525485,418599.44
Geo9,2023-05-08,683949.0,1.067765e+06,868259.0,1.3371605e+07,0.15216434,7947.082,11845.99,9563.879,1.2682235e+07,0.03464945,418599.44
Geo9,2023-05-15,1.016787e+06,1.379636e+06,332665.0,1.4514803e+07,-1.5415637,11814.463,15305.946,3664.3074,9.862241e+06,0.03464472,418599.44
Geo9,2023-05-22,560191.0,1.357619e+06,942795.0,1.4855119e+07,-2.7851164,6509.0874,15061.686,10384.894,9.7659e+06,0.03472856,418599.44
Geo9,2023-05-29,577324.0,1.049876e+06,657811.0,1.246081e+07,-2.3933074,6708.163,11647.526,7245.793,1.0886386e+07,0.0345974,418599.44
Geo9,2023-06-05,442303.0,1.440124e+06,848555.0,1.2829831e+07,-2.0167284,5139.299,15977.013,9346.84,1.0857382e+07,0.034623176,418599.44
Geo9,2023-06-12,393013.0,1.636298e+06,937977.0,1.32338e+07,-1.962863,4566.578,18153.404,10331.823,1.0183206e+07,0.03509848,418599.44
Geo9,2023-06-19,707523.0,516018.0,716117.0,1.3005583e+07,-0.4957114,8220.998,5724.8027,7888.034,1.1035419e+07,0.03549866,418599.44
Geo9,2023-06-26,492918.0,652523.0,435902.0,1.1074573e+07,3.2446065,5727.415,7239.2153,4801.464,1.1050603e+07,0.03489779,418599.44
Geo9,2023-07-03,847912.0,1.125352e+06,379795.0,1.1141116e+07,1.8108677,9852.235,12484.871,4183.445,1.1926577e+07,0.0352374,418599.44
Geo9,2023-07-10,525931.0,1.017282e+06,1.080108e+06,1.1279588e+07,-1.5254663,6111.007,11285.922,11897.397,9.436279e+06,0.035180163,418599.44
Geo9,2023-07-17,1.17001e+06,1.51198e+06,890331.0,1.1891843e+07,2.4817739,13594.823,16774.197,9807.002,1.2893163e+07,0.034990557,418599.44
Geo9,2023-07-24,0.0,1.403654e+06,746897.0,1.12628e+07,2.15658,0.0,15572.407,8227.076,1.2018186e+07,0.03525455,418599.44
Geo9,2023-07-31,709754.0,1.22376e+06,788820.0,1.0340321e+07,-4.115989,8246.921,13576.629,8688.858,9.148847e+06,0.03461192,418599.44
Geo9,2023-08-07,808750.0,797640.0,421397.0,1.2909263e+07,-5.6353726,9397.196,8849.171,4641.691,7.2500815e+06,0.034933534,418599.44
Geo9,2023-08-14,1.23514e+06,712753.0,1.327023e+06,1.1843232e+07,4.7018394,14351.595,7907.4185,14617.168,1.326124e+07,0.035214957,418599.44
Geo9,2023-08-21,1.093781e+06,1.538619e+06,786674.0,1.1049733e+07,-2.3106205,12709.087,17069.734,8665.22,8.795247e+06,0.035381835,418599.44
Geo9,2023-08-28,991178.0,1.10923e+06,1.015022e+06,1.2017011e+07,0.08001201,11516.901,12306.011,11180.475,1.0459945e+07,0.034694795,418599.44
Geo9,2023-09-04,979994.0,1.633393e+06,792685.0,1.215684e+07,2.2957716,11386.95,18121.176,8731.431,1.163054e+07,0.03491051,418599.44
Geo9,2023-09-11,1.627835e+06,849820.0,959343.0,1.3637728e+07,3.6504443,18914.479,9428.066,10567.17,1.2516486e+07,0.034828614,418599.44
Geo9,2023-09-18,1.338485e+06,1.454276e+06,599655.0,1.4062831e+07,5.861602,15552.403,16134.018,6605.204,1.3984297e+07,0.0349997,418599.44
Geo9,2023-09-25,1.132472e+06,1.093242e+06,676144.0,1.2929405e+07,-3.0792696,13158.654,12128.637,7447.731,9.147836e+06,0.034851506,418599.44
Geo9,2023-10-02,1.116883e+06,1.183637e+06,955954.0,1.2197264e+07,-2.1427422,12977.519,13131.496,10529.84,9.387023e+06,0.03483622,418599.44
Geo9,2023-10-09,851647.0,1.194739e+06,1.071234e+06,1.3160563e+07,-0.0012618222,9895.634,13254.664,11799.65,1.1881556e+07,0.034692716,418599.44
Geo9,2023-10-16,705970.0,1.272828e+06,469256.0,1.4941853e+07,-0.2668855,8202.953,14120.998,5168.8584,1.1279038e+07,0.034763798,418599.44
Geo9,2023-10-23,705742.0,1.332587e+06,995305.0,1.3428508e+07,1.0959044,8200.304,14783.977,10963.292,1.0174872e+07,0.034907393,418599.44
Geo9,2023-10-30,797814.0,1.59226e+06,811868.0,1.3315297e+07,-0.72353524,9270.126,17664.838,8942.731,1.2654231e+07,0.03478009,418599.44
Geo9,2023-11-06,987330.0,808149.0,1.238032e+06,1.4037858e+07,2.3343396,11472.189,8965.76,13636.932,1.2397367e+07,0.035325594,418599.44
Geo9,2023-11-13,668875.0,1.146652e+06,1.424971e+06,1.2534348e+07,-1.6009142,7771.931,12721.178,15696.066,1.0311198e+07,0.03545555,418599.44
Geo9,2023-11-20,1.662632e+06,1.020687e+06,789517.0,1.4346022e+07,-0.029949166,19318.799,11323.697,8696.535,1.1444406e+07,0.034744237,418599.44
Geo9,2023-11-27,1.126357e+06,1.62862e+06,1.16726e+06,1.2802015e+07,0.022639804,13087.602,18068.223,12857.377,1.1563647e+07,0.035158556,418599.44
Geo9,2023-12-04,711498.0,770757.0,1.063711e+06,1.4616953e+07,1.3629473,8267.186,8550.926,11716.784,1.3063841e+07,0.03478718,418599.44
Geo9,2023-12-11,1.31626e+06,1.105043e+06,667678.0,1.4220762e+07,-0.861437,15294.161,12259.56,7354.478,9.858261e+06,0.034909986,418599.44
Geo9,2023-12-18,1.059485e+06,1.491725e+06,857682.0,1.2418446e+07,0.44845575,12310.588,16549.484,9447.373,1.2283558e+07,0.034907196,418599.44
Geo9,2023-12-25,1.028294e+06,1.354216e+06,821706.0,1.430908e+07,0.008861756,11948.167,15023.933,9051.098,9.832142e+06,0.03511162,418599.44
Geo9,2024-01-01,838109.0,1.484059e+06,1.455426e+06,1.4670522e+07,-2.0497088,9738.33,16464.436,16031.528,9.925859e+06,0.034842387,418599.44
Geo9,2024-01-08,442707.0,1.159302e+06,740700.0,1.5177056e+07,-3.162663,5143.993,12861.519,8158.816,8.901478e+06,0.035111766,418599.44
Geo9,2024-01-15,1.042164e+06,1.090507e+06,572390.0,1.3956065e+07,-0.6429887,12109.328,12098.294,6304.88,1.1336792e+07,0.035232864,418599.44
